video_id,video_path,event_index,event_name,frame_index,pose_backend,pose_detected,trail_elbow_angle,lead_elbow_angle,shoulder_tilt,hip_tilt,spine_tilt,missing_features,failure_reason
8,C:\Users\zzang\Desktop\workspace\Python\golf\src\golfdb-master\learning_video\golfdb_720p_slice\8.mp4,0,Address,29,mediapipe,True,165.86397484094368,174.26306865519612,-169.41274315179683,-175.25570068014525,-2.2917816407337255,,
8,C:\Users\zzang\Desktop\workspace\Python\golf\src\golfdb-master\learning_video\golfdb_720p_slice\8.mp4,1,Toe-up,45,mediapipe,True,,163.17826219069167,159.33436874224972,-179.91228959697875,1.4140055051727998,trail_elbow_angle,missing_features:trail_elbow_angle
8,C:\Users\zzang\Desktop\workspace\Python\golf\src\golfdb-master\learning_video\golfdb_720p_slice\8.mp4,2,Mid-backswing,47,mediapipe,True,,151.65273177061115,162.350155129162,-178.09684405247347,2.150818779245183,trail_elbow_angle,missing_features:trail_elbow_angle
8,C:\Users\zzang\Desktop\workspace\Python\golf\src\golfdb-master\learning_video\golfdb_720p_slice\8.mp4,3,Top,59,mediapipe,True,,110.46535091314847,-179.24471271028523,-179.5470616026369,3.5785332215706056,trail_elbow_angle,missing_features:trail_elbow_angle
8,C:\Users\zzang\Desktop\workspace\Python\golf\src\golfdb-master\learning_video\golfdb_720p_slice\8.mp4,4,Mid-downswing,64,mediapipe,True,,114.70012115524005,-175.3123078057075,-175.0424562924101,8.912041334694072,trail_elbow_angle,missing_features:trail_elbow_angle
8,C:\Users\zzang\Desktop\workspace\Python\golf\src\golfdb-master\learning_video\golfdb_720p_slice\8.mp4,5,Impact,67,mediapipe,True,148.3286666183408,140.47374140021475,-153.0384805046673,-168.7599084663111,14.646631477299136,,
8,C:\Users\zzang\Desktop\workspace\Python\golf\src\golfdb-master\learning_video\golfdb_720p_slice\8.mp4,6,Mid-follow-through,69,mediapipe,True,163.5891987421857,,-145.9852718924357,-172.13396392691087,13.742716149447968,lead_elbow_angle,missing_features:lead_elbow_angle
8,C:\Users\zzang\Desktop\workspace\Python\golf\src\golfdb-master\learning_video\golfdb_720p_slice\8.mp4,7,Finish,83,mediapipe,True,132.89152732082417,103.98161385297279,171.28768723205383,179.82672568937832,-1.036778393944779,,
9,C:\Users\zzang\Desktop\workspace\Python\golf\src\golfdb-master\learning_video\golfdb_720p_slice\9.mp4,0,Address,30,mediapipe,True,173.8933271347691,178.16970738585226,-167.51127414935732,-172.6367378787997,-2.028893655099119,,
9,C:\Users\zzang\Desktop\workspace\Python\golf\src\golfdb-master\learning_video\golfdb_720p_slice\9.mp4,1,Toe-up,89,mediapipe,True,149.1920652334531,165.87002376136948,158.1346961676199,-178.47926240786694,1.1563757344364092,,
9,C:\Users\zzang\Desktop\workspace\Python\golf\src\golfdb-master\learning_video\golfdb_720p_slice\9.mp4,2,Mid-backswing,98,mediapipe,True,,152.65064836080444,157.49935314977793,-179.68797509104706,1.482692453823096,trail_elbow_angle,missing_features:trail_elbow_angle
9,C:\Users\zzang\Desktop\workspace\Python\golf\src\golfdb-master\learning_video\golfdb_720p_slice\9.mp4,3,Top,148,mediapipe,True,,104.32041622990985,-178.5115984008438,-176.95651731501843,4.101077802561658,trail_elbow_angle,missing_features:trail_elbow_angle
9,C:\Users\zzang\Desktop\workspace\Python\golf\src\golfdb-master\learning_video\golfdb_720p_slice\9.mp4,4,Mid-downswing,164,mediapipe,True,102.41912048072383,114.93596058234239,178.18740663565154,-176.92671937824986,7.345899286290451,,
9,C:\Users\zzang\Desktop\workspace\Python\golf\src\golfdb-master\learning_video\golfdb_720p_slice\9.mp4,5,Impact,178,mediapipe,True,165.79696959743458,178.48424973197731,-153.43126794374734,-173.4784911602687,12.781787759779679,,
9,C:\Users\zzang\Desktop\workspace\Python\golf\src\golfdb-master\learning_video\golfdb_720p_slice\9.mp4,6,Mid-follow-through,187,mediapipe,True,151.43187115427355,,-151.9168058690101,-172.82202972161795,14.394340961182435,lead_elbow_angle,missing_features:lead_elbow_angle
9,C:\Users\zzang\Desktop\workspace\Python\golf\src\golfdb-master\learning_video\golfdb_720p_slice\9.mp4,7,Finish,246,mediapipe,True,106.91015034769502,115.47680243108769,174.13109729614501,178.99851418435827,-1.0444590466349741,,
10,C:\Users\zzang\Desktop\workspace\Python\golf\src\golfdb-master\learning_video\golfdb_720p_slice\10.mp4,0,Address,80,mediapipe,True,164.94917442637814,173.4190169311144,-164.517893580292,-170.98460787919166,10.296742928572133,,
10,C:\Users\zzang\Desktop\workspace\Python\golf\src\golfdb-master\learning_video\golfdb_720p_slice\10.mp4,1,Toe-up,93,mediapipe,True,148.22443845304224,171.613647043452,168.9999403101124,-177.64581208278452,8.731820561325964,,
10,C:\Users\zzang\Desktop\workspace\Python\golf\src\golfdb-master\learning_video\golfdb_720p_slice\10.mp4,2,Mid-backswing,97,mediapipe,True,,143.54713545982716,175.07329276501076,-179.30786037220568,9.270617838569358,trail_elbow_angle,missing_features:trail_elbow_angle
10,C:\Users\zzang\Desktop\workspace\Python\golf\src\golfdb-master\learning_video\golfdb_720p_slice\10.mp4,3,Top,104,mediapipe,True,,92.36563549167651,-174.5282001588141,-175.7540029123554,11.94129117240559,trail_elbow_angle,missing_features:trail_elbow_angle
10,C:\Users\zzang\Desktop\workspace\Python\golf\src\golfdb-master\learning_video\golfdb_720p_slice\10.mp4,4,Mid-downswing,109,mediapipe,True,,139.64034540005304,179.66997864905844,-178.64178661676854,13.050928434102488,trail_elbow_angle,missing_features:trail_elbow_angle
10,C:\Users\zzang\Desktop\workspace\Python\golf\src\golfdb-master\learning_video\golfdb_720p_slice\10.mp4,5,Impact,112,mediapipe,True,156.24638919611257,166.01766262062216,-156.41221147539662,-170.59588309391742,19.970126792920187,,
10,C:\Users\zzang\Desktop\workspace\Python\golf\src\golfdb-master\learning_video\golfdb_720p_slice\10.mp4,6,Mid-follow-through,114,mediapipe,True,165.88842483069564,177.93379890492466,-137.0077351614034,-172.93151463604488,20.7035003017267,,
10,C:\Users\zzang\Desktop\workspace\Python\golf\src\golfdb-master\learning_video\golfdb_720p_slice\10.mp4,7,Finish,129,mediapipe,True,50.75823647999888,,165.44733467162047,170.6447930351913,7.868322135630747,lead_elbow_angle,missing_features:lead_elbow_angle
11,C:\Users\zzang\Desktop\workspace\Python\golf\src\golfdb-master\learning_video\golfdb_720p_slice\11.mp4,0,Address,59,mediapipe,True,165.61067396196938,170.47081764677128,-164.4170304083761,-169.92193134155823,10.638731359359577,,
11,C:\Users\zzang\Desktop\workspace\Python\golf\src\golfdb-master\learning_video\golfdb_720p_slice\11.mp4,1,Toe-up,110,mediapipe,True,,162.18851675575453,169.07765073996788,-179.66959642549165,7.851908960598009,trail_elbow_angle,missing_features:trail_elbow_angle
11,C:\Users\zzang\Desktop\workspace\Python\golf\src\golfdb-master\learning_video\golfdb_720p_slice\11.mp4,2,Mid-backswing,123,mediapipe,True,,143.36057231497938,171.7690620186568,-179.5376962470881,8.545483204797828,trail_elbow_angle,missing_features:trail_elbow_angle
11,C:\Users\zzang\Desktop\workspace\Python\golf\src\golfdb-master\learning_video\golfdb_720p_slice\11.mp4,3,Top,155,mediapipe,True,,113.24800753897873,-169.4665341113142,-174.1036441315988,12.51533276664902,trail_elbow_angle,missing_features:trail_elbow_angle
11,C:\Users\zzang\Desktop\workspace\Python\golf\src\golfdb-master\learning_video\golfdb_720p_slice\11.mp4,4,Mid-downswing,170,mediapipe,True,,132.97490218792626,-179.58123701057016,179.13184589005402,11.638759574424952,trail_elbow_angle,missing_features:trail_elbow_angle
11,C:\Users\zzang\Desktop\workspace\Python\golf\src\golfdb-master\learning_video\golfdb_720p_slice\11.mp4,5,Impact,183,mediapipe,True,153.0410359967376,167.47231246271386,-155.97839307472262,-167.35916355831776,20.74447218443701,,
11,C:\Users\zzang\Desktop\workspace\Python\golf\src\golfdb-master\learning_video\golfdb_720p_slice\11.mp4,6,Mid-follow-through,192,mediapipe,True,163.27783875330493,172.31038462002812,-140.06245193223413,-173.4160582374317,20.390497471957996,,
11,C:\Users\zzang\Desktop\workspace\Python\golf\src\golfdb-master\learning_video\golfdb_720p_slice\11.mp4,7,Finish,255,mediapipe,True,46.332340716328105,,144.40185406432843,172.00063213114865,8.237323310836608,lead_elbow_angle,missing_features:lead_elbow_angle
14,C:\Users\zzang\Desktop\workspace\Python\golf\src\golfdb-master\learning_video\golfdb_720p_slice\14.mp4,0,Address,40,mediapipe,True,176.71169436522308,179.28612112792194,-170.62155574597796,-173.40463081343356,0.8919922063500827,,
14,C:\Users\zzang\Desktop\workspace\Python\golf\src\golfdb-master\learning_video\golfdb_720p_slice\14.mp4,1,Toe-up,56,mediapipe,True,151.40961126964876,174.903719947518,150.27183067726918,175.95556391887186,1.806633094512069,,
14,C:\Users\zzang\Desktop\workspace\Python\golf\src\golfdb-master\learning_video\golfdb_720p_slice\14.mp4,2,Mid-backswing,58,mediapipe,True,,158.18273510254562,156.09285664726028,177.70415491607557,1.63802912063026,trail_elbow_angle,missing_features:trail_elbow_angle
14,C:\Users\zzang\Desktop\workspace\Python\golf\src\golfdb-master\learning_video\golfdb_720p_slice\14.mp4,3,Top,66,mediapipe,True,,94.50617250334537,179.71758044141328,178.17188190883994,2.1618315599024913,trail_elbow_angle,missing_features:trail_elbow_angle
14,C:\Users\zzang\Desktop\workspace\Python\golf\src\golfdb-master\learning_video\golfdb_720p_slice\14.mp4,4,Mid-downswing,70,mediapipe,True,,118.42233580733087,161.87242745832594,176.94687811370719,5.874333615639736,trail_elbow_angle,missing_features:trail_elbow_angle
14,C:\Users\zzang\Desktop\workspace\Python\golf\src\golfdb-master\learning_video\golfdb_720p_slice\14.mp4,5,Impact,74,mediapipe,True,173.57539905784213,177.33690780753898,-158.2814378740284,-171.8950341126259,15.876112537146994,,
14,C:\Users\zzang\Desktop\workspace\Python\golf\src\golfdb-master\learning_video\golfdb_720p_slice\14.mp4,6,Mid-follow-through,76,mediapipe,True,158.16674106439137,170.68736470866284,-143.36531378656557,-168.93984384228182,18.124536033948512,,
14,C:\Users\zzang\Desktop\workspace\Python\golf\src\golfdb-master\learning_video\golfdb_720p_slice\14.mp4,7,Finish,89,mediapipe,True,,,73.30142784400397,171.47975267648968,14.343795963191392,trail_elbow_angle|lead_elbow_angle,missing_features:trail_elbow_angle|lead_elbow_angle
15,C:\Users\zzang\Desktop\workspace\Python\golf\src\golfdb-master\learning_video\golfdb_720p_slice\15.mp4,0,Address,24,mediapipe,True,177.18878916995692,176.58669332783506,-170.76762495559552,-173.97710119189802,1.6468321901388125,,
15,C:\Users\zzang\Desktop\workspace\Python\golf\src\golfdb-master\learning_video\golfdb_720p_slice\15.mp4,1,Toe-up,82,mediapipe,True,156.72263862216337,173.3417951850509,150.26007586719135,174.1551271439484,2.45812472430988,,
15,C:\Users\zzang\Desktop\workspace\Python\golf\src\golfdb-master\learning_video\golfdb_720p_slice\15.mp4,2,Mid-backswing,90,mediapipe,True,,153.94622020552367,150.70724027399802,176.01943112308206,2.0953410650047233,trail_elbow_angle,missing_features:trail_elbow_angle
15,C:\Users\zzang\Desktop\workspace\Python\golf\src\golfdb-master\learning_video\golfdb_720p_slice\15.mp4,3,Top,123,mediapipe,True,,86.24544633348317,176.71849984143236,179.08988261609224,1.9974766086423639,trail_elbow_angle,missing_features:trail_elbow_angle
15,C:\Users\zzang\Desktop\workspace\Python\golf\src\golfdb-master\learning_video\golfdb_720p_slice\15.mp4,4,Mid-downswing,139,mediapipe,True,,146.06259196771808,157.24066163691415,175.82627562894402,6.079389546745553,trail_elbow_angle,missing_features:trail_elbow_angle
15,C:\Users\zzang\Desktop\workspace\Python\golf\src\golfdb-master\learning_video\golfdb_720p_slice\15.mp4,5,Impact,154,mediapipe,True,170.32494125572492,179.81114301984297,-156.55522649080396,-169.8215893908611,15.336589189699584,,
15,C:\Users\zzang\Desktop\workspace\Python\golf\src\golfdb-master\learning_video\golfdb_720p_slice\15.mp4,6,Mid-follow-through,162,mediapipe,True,163.7247417939395,162.39190921939075,-140.622016915524,-169.77243481191977,19.24472052093626,,
15,C:\Users\zzang\Desktop\workspace\Python\golf\src\golfdb-master\learning_video\golfdb_720p_slice\15.mp4,7,Finish,211,mediapipe,True,29.11107733050659,,67.02189146972049,168.79305444651146,14.510318461311194,lead_elbow_angle,missing_features:lead_elbow_angle
19,C:\Users\zzang\Desktop\workspace\Python\golf\src\golfdb-master\learning_video\golfdb_720p_slice\19.mp4,0,Address,39,mediapipe,True,82.4848934028033,3.1544373403301145,177.40237116772937,-179.5919726017693,-0.4795982977206444,,
19,C:\Users\zzang\Desktop\workspace\Python\golf\src\golfdb-master\learning_video\golfdb_720p_slice\19.mp4,1,Toe-up,57,mediapipe,True,,158.7942019653136,178.80443551335168,-176.60783441106358,12.184644291063812,trail_elbow_angle,missing_features:trail_elbow_angle
19,C:\Users\zzang\Desktop\workspace\Python\golf\src\golfdb-master\learning_video\golfdb_720p_slice\19.mp4,2,Mid-backswing,62,mediapipe,True,86.58662641455466,5.705779389990007,176.32007461892522,-178.25557620311756,0.4416894929469793,,
19,C:\Users\zzang\Desktop\workspace\Python\golf\src\golfdb-master\learning_video\golfdb_720p_slice\19.mp4,3,Top,73,mediapipe,True,,1.859846758976978,-160.98149033687778,-172.69732436913722,13.601395005626573,trail_elbow_angle,missing_features:trail_elbow_angle
19,C:\Users\zzang\Desktop\workspace\Python\golf\src\golfdb-master\learning_video\golfdb_720p_slice\19.mp4,4,Mid-downswing,77,mediapipe,True,,151.30399245843967,-175.70674285539604,-175.9747287918921,11.868797890816941,trail_elbow_angle,missing_features:trail_elbow_angle
19,C:\Users\zzang\Desktop\workspace\Python\golf\src\golfdb-master\learning_video\golfdb_720p_slice\19.mp4,5,Impact,81,mediapipe,True,85.7323090221313,1.5530227687421119,178.44864546034393,179.19675272226434,1.4278797879266685,,
19,C:\Users\zzang\Desktop\workspace\Python\golf\src\golfdb-master\learning_video\golfdb_720p_slice\19.mp4,6,Mid-follow-through,84,mediapipe,True,163.58779567956046,155.53965448947858,-152.46395666357412,-170.55197088070375,22.26247862316899,,
19,C:\Users\zzang\Desktop\workspace\Python\golf\src\golfdb-master\learning_video\golfdb_720p_slice\19.mp4,7,Finish,106,mediapipe,True,79.74835678372176,4.47079227871924,-177.99856613291223,-178.74789774808985,1.1184559399318896,,
20,C:\Users\zzang\Desktop\workspace\Python\golf\src\golfdb-master\learning_video\golfdb_720p_slice\20.mp4,0,Address,14,mediapipe,True,85.88262787897212,0.918861376119787,177.9974849085827,-178.45121026136445,0.966479656161282,,
20,C:\Users\zzang\Desktop\workspace\Python\golf\src\golfdb-master\learning_video\golfdb_720p_slice\20.mp4,1,Toe-up,77,mediapipe,True,,167.3496215689459,175.49744287609767,-178.53689896650172,10.565841247629947,trail_elbow_angle,missing_features:trail_elbow_angle
20,C:\Users\zzang\Desktop\workspace\Python\golf\src\golfdb-master\learning_video\golfdb_720p_slice\20.mp4,2,Mid-backswing,93,mediapipe,True,,139.24621214448902,-174.7911069065863,-175.8942030163509,13.170027089287018,trail_elbow_angle,missing_features:trail_elbow_angle
20,C:\Users\zzang\Desktop\workspace\Python\golf\src\golfdb-master\learning_video\golfdb_720p_slice\20.mp4,3,Top,136,mediapipe,True,,149.28427719256982,-159.93978624964404,-174.91670748608107,12.703250216925017,trail_elbow_angle,missing_features:trail_elbow_angle
20,C:\Users\zzang\Desktop\workspace\Python\golf\src\golfdb-master\learning_video\golfdb_720p_slice\20.mp4,4,Mid-downswing,157,mediapipe,True,,142.08930546197112,178.73852288591266,-175.1609655698619,10.995813767716678,trail_elbow_angle,missing_features:trail_elbow_angle
20,C:\Users\zzang\Desktop\workspace\Python\golf\src\golfdb-master\learning_video\golfdb_720p_slice\20.mp4,5,Impact,172,mediapipe,True,157.45488861918346,179.96763429788226,-160.10864371052728,-167.5547816582039,14.744226119297194,,
20,C:\Users\zzang\Desktop\workspace\Python\golf\src\golfdb-master\learning_video\golfdb_720p_slice\20.mp4,6,Mid-follow-through,181,mediapipe,True,170.02556890534993,162.4352949614533,-146.62828162514901,-171.88107777662677,19.37086658879501,,
20,C:\Users\zzang\Desktop\workspace\Python\golf\src\golfdb-master\learning_video\golfdb_720p_slice\20.mp4,7,Finish,255,mediapipe,True,85.36498118125527,3.763126510393536,178.6395996912051,177.7855294111665,1.4305621768593813,,
25,C:\Users\zzang\Desktop\workspace\Python\golf\src\golfdb-master\learning_video\golfdb_720p_slice\25.mp4,0,Address,37,mediapipe,True,168.52222859851602,175.39975403416736,-169.02792147344098,-175.434341521758,5.863051683414426,,
25,C:\Users\zzang\Desktop\workspace\Python\golf\src\golfdb-master\learning_video\golfdb_720p_slice\25.mp4,1,Toe-up,61,mediapipe,True,,170.24236505232165,169.64445668657714,-179.13938348978587,12.808402954089821,trail_elbow_angle,missing_features:trail_elbow_angle
25,C:\Users\zzang\Desktop\workspace\Python\golf\src\golfdb-master\learning_video\golfdb_720p_slice\25.mp4,2,Mid-backswing,69,mediapipe,True,,152.60423077408979,18.063689280478542,116.54980446757351,13.369795724523195,trail_elbow_angle,missing_features:trail_elbow_angle
25,C:\Users\zzang\Desktop\workspace\Python\golf\src\golfdb-master\learning_video\golfdb_720p_slice\25.mp4,3,Top,78,mediapipe,True,,,110.23366919868333,174.23783447412987,17.487549100507284,trail_elbow_angle|lead_elbow_angle,missing_features:trail_elbow_angle|lead_elbow_angle
25,C:\Users\zzang\Desktop\workspace\Python\golf\src\golfdb-master\learning_video\golfdb_720p_slice\25.mp4,4,Mid-downswing,82,mediapipe,True,,138.48237112271744,-169.43347978527004,-175.31913535579915,14.457872037688421,trail_elbow_angle,missing_features:trail_elbow_angle
25,C:\Users\zzang\Desktop\workspace\Python\golf\src\golfdb-master\learning_video\golfdb_720p_slice\25.mp4,5,Impact,86,mediapipe,True,154.6252819040142,167.9344157250725,-142.28304392802806,-171.92529500413056,17.401149371177482,,
25,C:\Users\zzang\Desktop\workspace\Python\golf\src\golfdb-master\learning_video\golfdb_720p_slice\25.mp4,6,Mid-follow-through,88,mediapipe,True,143.41488388697752,,-140.62847852453316,-178.97057384576183,10.857305534124922,lead_elbow_angle,missing_features:lead_elbow_angle
25,C:\Users\zzang\Desktop\workspace\Python\golf\src\golfdb-master\learning_video\golfdb_720p_slice\25.mp4,7,Finish,106,mediapipe,True,114.44481233464012,131.43740397898188,16.24392092463227,64.26804836402283,-2.739045876218936,,
26,C:\Users\zzang\Desktop\workspace\Python\golf\src\golfdb-master\learning_video\golfdb_720p_slice\26.mp4,0,Address,34,mediapipe,True,176.36316151848118,175.7403550882844,-170.43896056776777,-176.04039714613663,4.974140306000598,,
26,C:\Users\zzang\Desktop\workspace\Python\golf\src\golfdb-master\learning_video\golfdb_720p_slice\26.mp4,1,Toe-up,119,mediapipe,True,,167.23588854695356,165.35442815943617,179.8921145250668,11.737932186956437,trail_elbow_angle,missing_features:trail_elbow_angle
26,C:\Users\zzang\Desktop\workspace\Python\golf\src\golfdb-master\learning_video\golfdb_720p_slice\26.mp4,2,Mid-backswing,152,mediapipe,True,,142.424648768133,121.81590032285958,174.15515651557257,13.591928776551358,trail_elbow_angle,missing_features:trail_elbow_angle
26,C:\Users\zzang\Desktop\workspace\Python\golf\src\golfdb-master\learning_video\golfdb_720p_slice\26.mp4,3,Top,186,mediapipe,True,,,115.54619740965055,171.91927732606285,17.03355106588992,trail_elbow_angle|lead_elbow_angle,missing_features:trail_elbow_angle|lead_elbow_angle
26,C:\Users\zzang\Desktop\workspace\Python\golf\src\golfdb-master\learning_video\golfdb_720p_slice\26.mp4,4,Mid-downswing,202,mediapipe,True,,103.90284490825283,175.88655169288973,-175.3884763045197,14.946391070466506,trail_elbow_angle,missing_features:trail_elbow_angle
26,C:\Users\zzang\Desktop\workspace\Python\golf\src\golfdb-master\learning_video\golfdb_720p_slice\26.mp4,5,Impact,216,mediapipe,True,41.54938971768088,,-157.63390724782684,-170.45902621316884,18.398411052405702,lead_elbow_angle,missing_features:lead_elbow_angle
26,C:\Users\zzang\Desktop\workspace\Python\golf\src\golfdb-master\learning_video\golfdb_720p_slice\26.mp4,6,Mid-follow-through,226,mediapipe,True,147.8138052502421,,-140.65254816235085,-175.4990259385597,17.63293129979274,lead_elbow_angle,missing_features:lead_elbow_angle
26,C:\Users\zzang\Desktop\workspace\Python\golf\src\golfdb-master\learning_video\golfdb_720p_slice\26.mp4,7,Finish,293,mediapipe,True,99.1152178176037,,164.21645635567762,160.5339679815688,-1.8866128368884203,lead_elbow_angle,missing_features:lead_elbow_angle
29,C:\Users\zzang\Desktop\workspace\Python\golf\src\golfdb-master\learning_video\golfdb_720p_slice\29.mp4,0,Address,40,mediapipe,True,165.9342674875382,163.9197153017293,-162.33857990708503,-172.78171343289395,3.8592487024114335,,
29,C:\Users\zzang\Desktop\workspace\Python\golf\src\golfdb-master\learning_video\golfdb_720p_slice\29.mp4,1,Toe-up,58,mediapipe,True,55.857615149004246,136.50594064240653,-169.08573323805618,-174.1895449560946,11.373870839749502,,
29,C:\Users\zzang\Desktop\workspace\Python\golf\src\golfdb-master\learning_video\golfdb_720p_slice\29.mp4,2,Mid-backswing,60,mediapipe,True,,156.58527779899123,178.9236321764378,-175.36350361789283,9.75165751751674,trail_elbow_angle,missing_features:trail_elbow_angle
29,C:\Users\zzang\Desktop\workspace\Python\golf\src\golfdb-master\learning_video\golfdb_720p_slice\29.mp4,3,Top,72,mediapipe,True,,87.25863425599793,-168.03019183834152,-177.68247626596875,7.587482612931936,trail_elbow_angle,missing_features:trail_elbow_angle
29,C:\Users\zzang\Desktop\workspace\Python\golf\src\golfdb-master\learning_video\golfdb_720p_slice\29.mp4,4,Mid-downswing,77,mediapipe,True,80.23740203393207,120.79498696337234,-168.68456344268054,-175.42812850773723,10.014624407401737,,
29,C:\Users\zzang\Desktop\workspace\Python\golf\src\golfdb-master\learning_video\golfdb_720p_slice\29.mp4,5,Impact,80,mediapipe,True,174.41031047509708,154.0469457837757,-161.08339534140663,-171.79995205375366,10.70159062928081,,
29,C:\Users\zzang\Desktop\workspace\Python\golf\src\golfdb-master\learning_video\golfdb_720p_slice\29.mp4,6,Mid-follow-through,82,mediapipe,True,149.98704195325016,164.00885597140234,-143.80325984655278,-166.60306372832937,11.269483905153173,,
29,C:\Users\zzang\Desktop\workspace\Python\golf\src\golfdb-master\learning_video\golfdb_720p_slice\29.mp4,7,Finish,128,mediapipe,True,36.97602612283204,,24.94237498502844,115.64301297981594,-0.6350941781281402,lead_elbow_angle,missing_features:lead_elbow_angle
30,C:\Users\zzang\Desktop\workspace\Python\golf\src\golfdb-master\learning_video\golfdb_720p_slice\30.mp4,0,Address,68,mediapipe,True,161.54969672255845,162.5449409708441,-159.13500472964154,-173.64455306379097,7.484436783411591,,
30,C:\Users\zzang\Desktop\workspace\Python\golf\src\golfdb-master\learning_video\golfdb_720p_slice\30.mp4,1,Toe-up,108,mediapipe,True,72.62378735544051,153.9258680131832,-179.11825951007322,-176.0067867481837,11.390086826306682,,
30,C:\Users\zzang\Desktop\workspace\Python\golf\src\golfdb-master\learning_video\golfdb_720p_slice\30.mp4,2,Mid-backswing,118,mediapipe,True,151.98381094903303,148.2467222867584,174.2205793688599,-178.6755771339238,8.987242721285266,,
30,C:\Users\zzang\Desktop\workspace\Python\golf\src\golfdb-master\learning_video\golfdb_720p_slice\30.mp4,3,Top,166,mediapipe,True,,90.4248717217741,-165.22818700861365,-178.13029805694157,8.821353078349103,trail_elbow_angle,missing_features:trail_elbow_angle
30,C:\Users\zzang\Desktop\workspace\Python\golf\src\golfdb-master\learning_video\golfdb_720p_slice\30.mp4,4,Mid-downswing,184,mediapipe,True,102.20694494660246,129.57678263877187,-177.29120533739925,-179.8904416504644,8.855794507399477,,
30,C:\Users\zzang\Desktop\workspace\Python\golf\src\golfdb-master\learning_video\golfdb_720p_slice\30.mp4,5,Impact,195,mediapipe,True,170.87406815022052,160.11534540453027,-159.21577705227708,-172.03938531244043,10.505595957962427,,
30,C:\Users\zzang\Desktop\workspace\Python\golf\src\golfdb-master\learning_video\golfdb_720p_slice\30.mp4,6,Mid-follow-through,205,mediapipe,True,159.53215475835066,165.44460234731275,-142.1629616238248,-173.12381818301057,10.33365581275729,,
30,C:\Users\zzang\Desktop\workspace\Python\golf\src\golfdb-master\learning_video\golfdb_720p_slice\30.mp4,7,Finish,361,mediapipe,True,37.614432930161016,,15.046652727730184,113.72279543153631,2.0489708888392286,lead_elbow_angle,missing_features:lead_elbow_angle
41,C:\Users\zzang\Desktop\workspace\Python\golf\src\golfdb-master\learning_video\golfdb_720p_slice\41.mp4,0,Address,21,mediapipe,True,161.56887234182997,174.45261928387606,-170.48581875244346,-173.59078553625315,-4.655369731607886,,
41,C:\Users\zzang\Desktop\workspace\Python\golf\src\golfdb-master\learning_video\golfdb_720p_slice\41.mp4,1,Toe-up,34,mediapipe,True,174.7648994544105,160.6252833822225,155.2821602454311,175.73456559971902,-7.749980973192402,,
41,C:\Users\zzang\Desktop\workspace\Python\golf\src\golfdb-master\learning_video\golfdb_720p_slice\41.mp4,2,Mid-backswing,38,mediapipe,True,141.31761804938375,162.23718144398507,165.27288999811051,174.67431122590054,-10.314067925779293,,
41,C:\Users\zzang\Desktop\workspace\Python\golf\src\golfdb-master\learning_video\golfdb_720p_slice\41.mp4,3,Top,48,mediapipe,True,122.46144756904552,143.01337515895608,172.27456382380097,179.6995194986412,-3.6343737551606776,,
41,C:\Users\zzang\Desktop\workspace\Python\golf\src\golfdb-master\learning_video\golfdb_720p_slice\41.mp4,4,Mid-downswing,51,mediapipe,True,42.828337857805984,132.42204109142457,-175.45015616604095,-176.94195349302,5.43327654756049,,
41,C:\Users\zzang\Desktop\workspace\Python\golf\src\golfdb-master\learning_video\golfdb_720p_slice\41.mp4,5,Impact,55,mediapipe,True,159.03570035930673,179.6896646470244,-137.46846910312988,-167.3199019188228,23.774230599604785,,
41,C:\Users\zzang\Desktop\workspace\Python\golf\src\golfdb-master\learning_video\golfdb_720p_slice\41.mp4,6,Mid-follow-through,57,mediapipe,True,132.45987599668715,169.78318938696663,-122.64492258162251,-164.59426408457026,24.942392295498355,,
41,C:\Users\zzang\Desktop\workspace\Python\golf\src\golfdb-master\learning_video\golfdb_720p_slice\41.mp4,7,Finish,81,mediapipe,True,102.46206660529151,28.03173832542554,-175.61565846000028,178.21782421033532,9.492473608121182,,
44,C:\Users\zzang\Desktop\workspace\Python\golf\src\golfdb-master\learning_video\golfdb_720p_slice\44.mp4,0,Address,36,mediapipe,True,161.6374525905328,176.23272889896705,-170.37552350106918,-172.8375843659959,-5.10816980907388,,
44,C:\Users\zzang\Desktop\workspace\Python\golf\src\golfdb-master\learning_video\golfdb_720p_slice\44.mp4,1,Toe-up,78,mediapipe,True,178.7947705777861,159.64394293964676,158.44501396416268,177.9528019851455,-7.318213008724356,,
44,C:\Users\zzang\Desktop\workspace\Python\golf\src\golfdb-master\learning_video\golfdb_720p_slice\44.mp4,2,Mid-backswing,91,mediapipe,True,136.38118386075627,166.1692607065092,162.7080757212151,176.28647981808015,-8.694204117442377,,
44,C:\Users\zzang\Desktop\workspace\Python\golf\src\golfdb-master\learning_video\golfdb_720p_slice\44.mp4,3,Top,127,mediapipe,True,128.27612588287582,170.90400630366776,167.39370948705255,177.9228918400072,-7.266094156315506,,
44,C:\Users\zzang\Desktop\workspace\Python\golf\src\golfdb-master\learning_video\golfdb_720p_slice\44.mp4,4,Mid-downswing,145,mediapipe,True,148.6980215125789,159.0147151039955,177.52153890482705,179.67918694186278,2.8113852159492994,,
44,C:\Users\zzang\Desktop\workspace\Python\golf\src\golfdb-master\learning_video\golfdb_720p_slice\44.mp4,5,Impact,159,mediapipe,True,153.74173782896855,,-150.81112781491547,-173.1809691325831,19.85399554990279,lead_elbow_angle,missing_features:lead_elbow_angle
44,C:\Users\zzang\Desktop\workspace\Python\golf\src\golfdb-master\learning_video\golfdb_720p_slice\44.mp4,6,Mid-follow-through,169,mediapipe,True,144.14041060845977,167.5888159119546,-132.89479453192186,-169.6103870279066,25.89795103609858,,
44,C:\Users\zzang\Desktop\workspace\Python\golf\src\golfdb-master\learning_video\golfdb_720p_slice\44.mp4,7,Finish,237,mediapipe,True,106.98774594628624,151.95163527384707,-171.15340714089123,177.6786066529742,12.124253669820492,,
51,C:\Users\zzang\Desktop\workspace\Python\golf\src\golfdb-master\learning_video\golfdb_720p_slice\51.mp4,0,Address,310,mediapipe,True,174.76885874931537,172.54981863186356,-168.32780098266397,-176.63031136294114,-2.7152866617307,,
51,C:\Users\zzang\Desktop\workspace\Python\golf\src\golfdb-master\learning_video\golfdb_720p_slice\51.mp4,1,Toe-up,331,mediapipe,True,168.63024518189886,168.61858332361467,156.88707942915406,178.1483063479889,9.478016664023933,,
51,C:\Users\zzang\Desktop\workspace\Python\golf\src\golfdb-master\learning_video\golfdb_720p_slice\51.mp4,2,Mid-backswing,336,mediapipe,True,,144.75168927975,147.96259405588722,176.69946950083232,9.108077294381651,trail_elbow_angle,missing_features:trail_elbow_angle
51,C:\Users\zzang\Desktop\workspace\Python\golf\src\golfdb-master\learning_video\golfdb_720p_slice\51.mp4,3,Top,345,mediapipe,True,,178.0665480878597,-179.39223691813874,-177.7893534696249,6.271104310934834,trail_elbow_angle,missing_features:trail_elbow_angle
51,C:\Users\zzang\Desktop\workspace\Python\golf\src\golfdb-master\learning_video\golfdb_720p_slice\51.mp4,4,Mid-downswing,349,mediapipe,True,,163.47577842815085,163.05681810306993,-178.42038218604404,7.139996057084658,trail_elbow_angle,missing_features:trail_elbow_angle
51,C:\Users\zzang\Desktop\workspace\Python\golf\src\golfdb-master\learning_video\golfdb_720p_slice\51.mp4,5,Impact,353,mediapipe,True,162.25909187929506,172.06783797249184,-137.17379700445863,-165.268334601005,21.572440221717812,,
51,C:\Users\zzang\Desktop\workspace\Python\golf\src\golfdb-master\learning_video\golfdb_720p_slice\51.mp4,6,Mid-follow-through,355,mediapipe,True,157.4165206748208,152.38972338746945,-134.73494294713188,-167.82999521174537,22.399401000719763,,
51,C:\Users\zzang\Desktop\workspace\Python\golf\src\golfdb-master\learning_video\golfdb_720p_slice\51.mp4,7,Finish,370,mediapipe,True,145.2403613139803,,-172.76334610749439,-177.7750851967652,9.296643522379503,lead_elbow_angle,missing_features:lead_elbow_angle
52,C:\Users\zzang\Desktop\workspace\Python\golf\src\golfdb-master\learning_video\golfdb_720p_slice\52.mp4,0,Address,68,mediapipe,True,170.49910802106425,169.883549474588,-169.50102560365139,-176.76163438070975,-1.8284874928509687,,
52,C:\Users\zzang\Desktop\workspace\Python\golf\src\golfdb-master\learning_video\golfdb_720p_slice\52.mp4,1,Toe-up,154,mediapipe,True,164.19066953252013,165.06297704170427,161.4676716413067,179.33981329532185,10.307776265982016,,
52,C:\Users\zzang\Desktop\workspace\Python\golf\src\golfdb-master\learning_video\golfdb_720p_slice\52.mp4,2,Mid-backswing,171,mediapipe,True,135.60124461500183,150.97140438435693,145.4552551861397,177.28834016659715,8.454742544971511,,
52,C:\Users\zzang\Desktop\workspace\Python\golf\src\golfdb-master\learning_video\golfdb_720p_slice\52.mp4,3,Top,207,mediapipe,True,142.15097573810766,176.76074441185867,-176.51295777672726,-177.03778713637408,6.2451472742347836,,
52,C:\Users\zzang\Desktop\workspace\Python\golf\src\golfdb-master\learning_video\golfdb_720p_slice\52.mp4,4,Mid-downswing,225,mediapipe,True,,161.97508348544616,163.1505042020227,-179.1019755891069,6.299731204914636,trail_elbow_angle,missing_features:trail_elbow_angle
52,C:\Users\zzang\Desktop\workspace\Python\golf\src\golfdb-master\learning_video\golfdb_720p_slice\52.mp4,5,Impact,240,mediapipe,True,160.16816564600836,169.9573570010735,-150.05690275254025,-171.4338351301988,18.184515967581504,,
52,C:\Users\zzang\Desktop\workspace\Python\golf\src\golfdb-master\learning_video\golfdb_720p_slice\52.mp4,6,Mid-follow-through,249,mediapipe,True,154.52679973250306,165.13714869361272,-127.35685708679864,-167.69554668664824,24.24782613829678,,
52,C:\Users\zzang\Desktop\workspace\Python\golf\src\golfdb-master\learning_video\golfdb_720p_slice\52.mp4,7,Finish,305,mediapipe,True,157.53548243647143,127.63213913412108,-171.8347064942598,176.07783647440877,9.269967213071226,,
60,C:\Users\zzang\Desktop\workspace\Python\golf\src\golfdb-master\learning_video\golfdb_720p_slice\60.mp4,0,Address,50,mediapipe,True,175.30834662817443,168.57981143297033,-170.0854396771498,-177.7421813964353,4.466085490344599,,
60,C:\Users\zzang\Desktop\workspace\Python\golf\src\golfdb-master\learning_video\golfdb_720p_slice\60.mp4,1,Toe-up,65,mediapipe,True,163.22925847562823,176.6409839306572,160.4106648180959,177.66864733145906,8.121075509578757,,
60,C:\Users\zzang\Desktop\workspace\Python\golf\src\golfdb-master\learning_video\golfdb_720p_slice\60.mp4,2,Mid-backswing,71,mediapipe,True,135.52847732713715,19.070890488505363,167.64520254521412,-179.8885412191805,4.90351100549885,,
60,C:\Users\zzang\Desktop\workspace\Python\golf\src\golfdb-master\learning_video\golfdb_720p_slice\60.mp4,3,Top,80,mediapipe,True,,169.30567653861937,157.49533426979812,177.70757482861455,3.80337926222418,trail_elbow_angle,missing_features:trail_elbow_angle
60,C:\Users\zzang\Desktop\workspace\Python\golf\src\golfdb-master\learning_video\golfdb_720p_slice\60.mp4,4,Mid-downswing,86,mediapipe,True,71.356580127055,149.54884361995818,174.6750912466831,-178.5302890790516,1.82628968618782,,
60,C:\Users\zzang\Desktop\workspace\Python\golf\src\golfdb-master\learning_video\golfdb_720p_slice\60.mp4,5,Impact,90,mediapipe,True,144.348004280114,179.2295417632833,-152.6263110576834,-174.07885825268656,9.0361558415101,,
60,C:\Users\zzang\Desktop\workspace\Python\golf\src\golfdb-master\learning_video\golfdb_720p_slice\60.mp4,6,Mid-follow-through,92,mediapipe,True,137.48081242830926,178.30253329619762,-137.66036134656912,-172.31718685662986,6.9067871065548365,,
60,C:\Users\zzang\Desktop\workspace\Python\golf\src\golfdb-master\learning_video\golfdb_720p_slice\60.mp4,7,Finish,106,mediapipe,True,164.62687300371473,139.65113966810577,172.4136710875024,172.8868897769329,-2.8736688383775024,,
61,C:\Users\zzang\Desktop\workspace\Python\golf\src\golfdb-master\learning_video\golfdb_720p_slice\61.mp4,0,Address,46,mediapipe,True,172.2564804341568,168.66239349577558,-168.39102176852904,-179.07229059859245,4.573737197283794,,
61,C:\Users\zzang\Desktop\workspace\Python\golf\src\golfdb-master\learning_video\golfdb_720p_slice\61.mp4,1,Toe-up,78,mediapipe,True,163.2058612654858,172.9806384934211,163.09840532022963,-179.86133425831986,7.864447930442104,,
61,C:\Users\zzang\Desktop\workspace\Python\golf\src\golfdb-master\learning_video\golfdb_720p_slice\61.mp4,2,Mid-backswing,92,mediapipe,True,137.51615926411023,57.06239724454731,159.63194546564327,179.02777926818862,5.96522181046202,,
61,C:\Users\zzang\Desktop\workspace\Python\golf\src\golfdb-master\learning_video\golfdb_720p_slice\61.mp4,3,Top,113,mediapipe,True,135.2304300065754,157.1336557064684,166.1876245501095,177.77537627756385,4.760653724146756,,
61,C:\Users\zzang\Desktop\workspace\Python\golf\src\golfdb-master\learning_video\golfdb_720p_slice\61.mp4,4,Mid-downswing,125,mediapipe,True,59.914267634140316,132.96753950797483,177.29667478795523,-176.67091243234375,3.2955209868139215,,
61,C:\Users\zzang\Desktop\workspace\Python\golf\src\golfdb-master\learning_video\golfdb_720p_slice\61.mp4,5,Impact,131,mediapipe,True,140.40943016099305,171.26067635651765,-159.08047902766654,-170.73603271282457,7.888722286425085,,
61,C:\Users\zzang\Desktop\workspace\Python\golf\src\golfdb-master\learning_video\golfdb_720p_slice\61.mp4,6,Mid-follow-through,136,mediapipe,True,144.97597663746575,170.5794495575683,-139.041012694682,-171.2900082578547,6.759308167552297,,
61,C:\Users\zzang\Desktop\workspace\Python\golf\src\golfdb-master\learning_video\golfdb_720p_slice\61.mp4,7,Finish,163,mediapipe,True,165.9387185820169,117.84092100683795,177.92692633891673,173.03211943162646,-2.6202408108440682,,
72,C:\Users\zzang\Desktop\workspace\Python\golf\src\golfdb-master\learning_video\golfdb_720p_slice\72.mp4,0,Address,23,mediapipe,True,174.41002792206555,172.4577537997619,-170.51476183686273,-177.186689419745,2.907019216334134,,
72,C:\Users\zzang\Desktop\workspace\Python\golf\src\golfdb-master\learning_video\golfdb_720p_slice\72.mp4,1,Toe-up,46,mediapipe,True,157.83552425560487,179.16610020754166,169.8459567947366,-178.86417582480487,6.45175929111848,,
72,C:\Users\zzang\Desktop\workspace\Python\golf\src\golfdb-master\learning_video\golfdb_720p_slice\72.mp4,2,Mid-backswing,53,mediapipe,True,,143.6095342856858,159.80666226104788,-179.95782613442813,6.325024707935012,trail_elbow_angle,missing_features:trail_elbow_angle
72,C:\Users\zzang\Desktop\workspace\Python\golf\src\golfdb-master\learning_video\golfdb_720p_slice\72.mp4,3,Top,63,mediapipe,True,,116.75059809750732,178.85928938055577,-175.28948498405924,10.330316590552963,trail_elbow_angle,missing_features:trail_elbow_angle
72,C:\Users\zzang\Desktop\workspace\Python\golf\src\golfdb-master\learning_video\golfdb_720p_slice\72.mp4,4,Mid-downswing,66,mediapipe,True,107.49047983870992,144.7025202700467,-172.65156021344708,-173.29880695759388,16.51521413021553,,
72,C:\Users\zzang\Desktop\workspace\Python\golf\src\golfdb-master\learning_video\golfdb_720p_slice\72.mp4,5,Impact,70,mediapipe,True,176.82368389809315,174.8746489668086,-155.8778307851305,-172.3401356066836,23.095146966191944,,
72,C:\Users\zzang\Desktop\workspace\Python\golf\src\golfdb-master\learning_video\golfdb_720p_slice\72.mp4,6,Mid-follow-through,72,mediapipe,True,161.5892247447352,150.78337140057997,-119.43047157144383,-170.20488289404955,18.307988982296624,,
72,C:\Users\zzang\Desktop\workspace\Python\golf\src\golfdb-master\learning_video\golfdb_720p_slice\72.mp4,7,Finish,90,mediapipe,True,81.1396208315594,,-158.61248946600077,172.8933381533836,1.7598374322926722,lead_elbow_angle,missing_features:lead_elbow_angle
74,C:\Users\zzang\Desktop\workspace\Python\golf\src\golfdb-master\learning_video\golfdb_720p_slice\74.mp4,0,Address,45,mediapipe,True,170.98700578761623,171.77731723871813,-174.35287449375906,-177.8704005624217,0.2710862837799928,,
74,C:\Users\zzang\Desktop\workspace\Python\golf\src\golfdb-master\learning_video\golfdb_720p_slice\74.mp4,1,Toe-up,71,mediapipe,True,159.27905144766027,171.19135396627595,167.9755370283613,-179.55169375479338,1.0948270226383208,,
74,C:\Users\zzang\Desktop\workspace\Python\golf\src\golfdb-master\learning_video\golfdb_720p_slice\74.mp4,2,Mid-backswing,81,mediapipe,True,,143.47192596236397,159.3803253053944,-179.06290133108558,2.9268925989113432,trail_elbow_angle,missing_features:trail_elbow_angle
74,C:\Users\zzang\Desktop\workspace\Python\golf\src\golfdb-master\learning_video\golfdb_720p_slice\74.mp4,3,Top,95,mediapipe,True,,134.22396512112323,24.884791753783393,-178.00782490503047,2.8927032801531865,trail_elbow_angle,missing_features:trail_elbow_angle
74,C:\Users\zzang\Desktop\workspace\Python\golf\src\golfdb-master\learning_video\golfdb_720p_slice\74.mp4,4,Mid-downswing,100,mediapipe,True,,146.021237930098,-178.17586986699632,-177.74622833849637,5.733610553316173,trail_elbow_angle,missing_features:trail_elbow_angle
74,C:\Users\zzang\Desktop\workspace\Python\golf\src\golfdb-master\learning_video\golfdb_720p_slice\74.mp4,5,Impact,104,mediapipe,True,157.81800604164394,174.42425809979005,-154.20964174284663,-173.24395787693257,11.290471230402455,,
74,C:\Users\zzang\Desktop\workspace\Python\golf\src\golfdb-master\learning_video\golfdb_720p_slice\74.mp4,6,Mid-follow-through,106,mediapipe,True,166.860995972066,157.35522001550362,-156.72374168266919,-174.0802778625127,4.179569878611716,,
74,C:\Users\zzang\Desktop\workspace\Python\golf\src\golfdb-master\learning_video\golfdb_720p_slice\74.mp4,7,Finish,138,mediapipe,True,134.44350890325995,32.600909313292334,9.101124885641712,-5.54374540651421,1.762573249054773,,
75,C:\Users\zzang\Desktop\workspace\Python\golf\src\golfdb-master\learning_video\golfdb_720p_slice\75.mp4,0,Address,79,mediapipe,True,172.63803252733433,169.60083260056177,-172.99689664505362,-177.62757040898111,0.995715436368903,,
75,C:\Users\zzang\Desktop\workspace\Python\golf\src\golfdb-master\learning_video\golfdb_720p_slice\75.mp4,1,Toe-up,185,mediapipe,True,162.71563689253404,172.61220638768245,168.32892099195604,179.39355376336337,0.9914380840259065,,
75,C:\Users\zzang\Desktop\workspace\Python\golf\src\golfdb-master\learning_video\golfdb_720p_slice\75.mp4,2,Mid-backswing,226,mediapipe,True,,148.87415829407806,154.94170263640618,178.92774836955445,2.024688159460629,trail_elbow_angle,missing_features:trail_elbow_angle
75,C:\Users\zzang\Desktop\workspace\Python\golf\src\golfdb-master\learning_video\golfdb_720p_slice\75.mp4,3,Top,278,mediapipe,True,,117.33726338512707,117.95362879523962,-179.9329189641376,4.146116331503952,trail_elbow_angle,missing_features:trail_elbow_angle
75,C:\Users\zzang\Desktop\workspace\Python\golf\src\golfdb-master\learning_video\golfdb_720p_slice\75.mp4,4,Mid-downswing,300,mediapipe,True,108.30765560200888,133.31416054555518,-173.01584996756608,178.41851083430205,4.592312555255528,,
75,C:\Users\zzang\Desktop\workspace\Python\golf\src\golfdb-master\learning_video\golfdb_720p_slice\75.mp4,5,Impact,314,mediapipe,True,142.31179355651528,155.79430110295198,-158.05227531777732,-172.28630138528544,10.489328730806811,,
75,C:\Users\zzang\Desktop\workspace\Python\golf\src\golfdb-master\learning_video\golfdb_720p_slice\75.mp4,6,Mid-follow-through,322,mediapipe,True,152.24368981024372,170.4989171530745,-156.2970637294564,-174.45990909782208,7.775002973350734,,
75,C:\Users\zzang\Desktop\workspace\Python\golf\src\golfdb-master\learning_video\golfdb_720p_slice\75.mp4,7,Finish,429,mediapipe,True,114.47108342624311,34.03927061079695,8.71961662125595,-6.678340883796661,1.5991146293678211,,
102,C:\Users\zzang\Desktop\workspace\Python\golf\src\golfdb-master\learning_video\golfdb_720p_slice\102.mp4,0,Address,37,mediapipe,True,173.14734141973065,173.7386593915809,-168.87055934282202,-176.78629990014448,2.714431294716322,,
102,C:\Users\zzang\Desktop\workspace\Python\golf\src\golfdb-master\learning_video\golfdb_720p_slice\102.mp4,1,Toe-up,55,mediapipe,True,152.02938574312168,164.14752120142973,174.1792359770769,-179.4985458616862,9.546609587794775,,
102,C:\Users\zzang\Desktop\workspace\Python\golf\src\golfdb-master\learning_video\golfdb_720p_slice\102.mp4,2,Mid-backswing,62,mediapipe,True,140.9447657664395,116.68574452238727,-176.01263771040357,-177.81623796259427,10.528582931582232,,
102,C:\Users\zzang\Desktop\workspace\Python\golf\src\golfdb-master\learning_video\golfdb_720p_slice\102.mp4,3,Top,75,mediapipe,True,,14.19004531169831,-175.32383349479207,-177.0920994880627,10.367505546626498,trail_elbow_angle,missing_features:trail_elbow_angle
102,C:\Users\zzang\Desktop\workspace\Python\golf\src\golfdb-master\learning_video\golfdb_720p_slice\102.mp4,4,Mid-downswing,79,mediapipe,True,105.45911414401449,128.29849532321992,-160.17393444520675,-176.94012989076305,8.327744589296183,,
102,C:\Users\zzang\Desktop\workspace\Python\golf\src\golfdb-master\learning_video\golfdb_720p_slice\102.mp4,5,Impact,83,mediapipe,True,145.92118486975843,,-151.85992639238876,-173.8996412277706,13.904558962093715,lead_elbow_angle,missing_features:lead_elbow_angle
102,C:\Users\zzang\Desktop\workspace\Python\golf\src\golfdb-master\learning_video\golfdb_720p_slice\102.mp4,6,Mid-follow-through,86,mediapipe,True,171.13253594442995,165.53229919414284,-147.4988551178532,-175.0868618705429,11.47770613625965,,
102,C:\Users\zzang\Desktop\workspace\Python\golf\src\golfdb-master\learning_video\golfdb_720p_slice\102.mp4,7,Finish,108,mediapipe,True,,,-170.08296397053613,173.00944980750126,1.6755233636405165,trail_elbow_angle|lead_elbow_angle,missing_features:trail_elbow_angle|lead_elbow_angle
103,C:\Users\zzang\Desktop\workspace\Python\golf\src\golfdb-master\learning_video\golfdb_720p_slice\103.mp4,0,Address,16,mediapipe,True,174.0311148970928,170.31004780591542,-167.31324219828596,-174.732274730228,2.556562437760076,,
103,C:\Users\zzang\Desktop\workspace\Python\golf\src\golfdb-master\learning_video\golfdb_720p_slice\103.mp4,1,Toe-up,87,mediapipe,True,159.79073268708729,163.8028946014243,175.82418073803154,-179.5165378095347,9.333939596744713,,
103,C:\Users\zzang\Desktop\workspace\Python\golf\src\golfdb-master\learning_video\golfdb_720p_slice\103.mp4,2,Mid-backswing,113,mediapipe,True,138.28441144735567,153.39334239789258,175.12984878190437,-179.24130379205252,10.945501330887478,,
103,C:\Users\zzang\Desktop\workspace\Python\golf\src\golfdb-master\learning_video\golfdb_720p_slice\103.mp4,3,Top,162,mediapipe,True,,0.8761559730872341,178.28848062916856,-176.85444489123023,10.076021586472098,trail_elbow_angle,missing_features:trail_elbow_angle
103,C:\Users\zzang\Desktop\workspace\Python\golf\src\golfdb-master\learning_video\golfdb_720p_slice\103.mp4,4,Mid-downswing,184,mediapipe,True,117.43360659527713,,-160.95394023220643,-177.10279719337936,8.456928137006498,lead_elbow_angle,missing_features:lead_elbow_angle
103,C:\Users\zzang\Desktop\workspace\Python\golf\src\golfdb-master\learning_video\golfdb_720p_slice\103.mp4,5,Impact,197,mediapipe,True,146.90398290373878,132.90528384111587,-155.10339518976724,-176.50419127857248,11.64367589329052,,
103,C:\Users\zzang\Desktop\workspace\Python\golf\src\golfdb-master\learning_video\golfdb_720p_slice\103.mp4,6,Mid-follow-through,208,mediapipe,True,156.7747062429804,162.29104894728792,-137.73536802265218,-172.39298249946162,12.298439946128733,,
103,C:\Users\zzang\Desktop\workspace\Python\golf\src\golfdb-master\learning_video\golfdb_720p_slice\103.mp4,7,Finish,295,mediapipe,True,154.8143093091069,160.6281726239647,35.938459632043134,170.57721955724884,0.8466725468469368,,
127,C:\Users\zzang\Desktop\workspace\Python\golf\src\golfdb-master\learning_video\golfdb_720p_slice\127.mp4,0,Address,33,mediapipe,True,168.72351574006046,178.4827656372687,-168.96578653261676,-174.1859601811775,-4.715878577562919,,
127,C:\Users\zzang\Desktop\workspace\Python\golf\src\golfdb-master\learning_video\golfdb_720p_slice\127.mp4,1,Toe-up,50,mediapipe,True,,148.7416965123624,-6.870177247585949,5.067326497260179,5.151920810910936,trail_elbow_angle,missing_features:trail_elbow_angle
127,C:\Users\zzang\Desktop\workspace\Python\golf\src\golfdb-master\learning_video\golfdb_720p_slice\127.mp4,2,Mid-backswing,54,mediapipe,True,,160.33030671868076,165.67973852044182,-179.17468058510352,7.202791365808064,trail_elbow_angle,missing_features:trail_elbow_angle
127,C:\Users\zzang\Desktop\workspace\Python\golf\src\golfdb-master\learning_video\golfdb_720p_slice\127.mp4,3,Top,64,mediapipe,True,134.95160581852073,143.14491463961127,177.85284334603998,178.27988227947398,0.3661647092409213,,
127,C:\Users\zzang\Desktop\workspace\Python\golf\src\golfdb-master\learning_video\golfdb_720p_slice\127.mp4,4,Mid-downswing,68,mediapipe,True,,135.88091440707552,169.93739570501614,-177.18337200594348,0.09510033260775948,trail_elbow_angle,missing_features:trail_elbow_angle
127,C:\Users\zzang\Desktop\workspace\Python\golf\src\golfdb-master\learning_video\golfdb_720p_slice\127.mp4,5,Impact,71,mediapipe,True,143.16569857714833,170.10493353184668,-162.18493863837702,-173.27389980537953,7.944896745368369,,
127,C:\Users\zzang\Desktop\workspace\Python\golf\src\golfdb-master\learning_video\golfdb_720p_slice\127.mp4,6,Mid-follow-through,74,mediapipe,True,148.84485748974154,149.84722190153732,-139.33835137776435,-167.78002194111323,14.308667452819346,,
127,C:\Users\zzang\Desktop\workspace\Python\golf\src\golfdb-master\learning_video\golfdb_720p_slice\127.mp4,7,Finish,92,mediapipe,True,,,-2.933896987302258,-7.018316878647427,2.0401116681510256,trail_elbow_angle|lead_elbow_angle,missing_features:trail_elbow_angle|lead_elbow_angle
128,C:\Users\zzang\Desktop\workspace\Python\golf\src\golfdb-master\learning_video\golfdb_720p_slice\128.mp4,0,Address,25,mediapipe,True,168.771497383457,176.19529629269778,-170.5468561547938,-176.92725625943478,-3.8493550487187718,,
128,C:\Users\zzang\Desktop\workspace\Python\golf\src\golfdb-master\learning_video\golfdb_720p_slice\128.mp4,1,Toe-up,81,mediapipe,True,159.90653981889554,179.4136814952029,169.77183822152273,-176.05785844866546,5.750971355677444,,
128,C:\Users\zzang\Desktop\workspace\Python\golf\src\golfdb-master\learning_video\golfdb_720p_slice\128.mp4,2,Mid-backswing,101,mediapipe,True,,158.36382085429508,159.13976308314506,-179.7345981237429,6.529828935591938,trail_elbow_angle,missing_features:trail_elbow_angle
128,C:\Users\zzang\Desktop\workspace\Python\golf\src\golfdb-master\learning_video\golfdb_720p_slice\128.mp4,3,Top,140,mediapipe,True,144.72599342018168,149.30115757042594,176.3569682269118,-176.8933700887606,2.916409118181265,,
128,C:\Users\zzang\Desktop\workspace\Python\golf\src\golfdb-master\learning_video\golfdb_720p_slice\128.mp4,4,Mid-downswing,152,mediapipe,True,,133.44024950966056,169.7514525591078,-178.19469773627307,-1.6811779661605017,trail_elbow_angle,missing_features:trail_elbow_angle
128,C:\Users\zzang\Desktop\workspace\Python\golf\src\golfdb-master\learning_video\golfdb_720p_slice\128.mp4,5,Impact,167,mediapipe,True,143.9594078749017,170.2272380891819,-160.40102234875962,-172.02311183461424,8.872927051486203,,
128,C:\Users\zzang\Desktop\workspace\Python\golf\src\golfdb-master\learning_video\golfdb_720p_slice\128.mp4,6,Mid-follow-through,177,mediapipe,True,143.4772639312748,171.49627698475686,-151.61559421057987,-164.4134345808604,16.757875801346323,,
128,C:\Users\zzang\Desktop\workspace\Python\golf\src\golfdb-master\learning_video\golfdb_720p_slice\128.mp4,7,Finish,237,mediapipe,True,,,-1.6430495317757825,-7.010190137881,2.539327755264179,trail_elbow_angle|lead_elbow_angle,missing_features:trail_elbow_angle|lead_elbow_angle
129,C:\Users\zzang\Desktop\workspace\Python\golf\src\golfdb-master\learning_video\golfdb_720p_slice\129.mp4,0,Address,10,mediapipe,True,165.93838438029223,179.94215336894726,-170.2570733884288,-174.45926279272038,-4.571080582248972,,
129,C:\Users\zzang\Desktop\workspace\Python\golf\src\golfdb-master\learning_video\golfdb_720p_slice\129.mp4,1,Toe-up,28,mediapipe,True,177.20818529530752,153.01649559346598,-7.217199577763691,2.848966217240806,4.655792676341328,,
129,C:\Users\zzang\Desktop\workspace\Python\golf\src\golfdb-master\learning_video\golfdb_720p_slice\129.mp4,2,Mid-backswing,33,mediapipe,True,,154.00291345580132,154.3779095476019,179.02686053430662,6.522850259129216,trail_elbow_angle,missing_features:trail_elbow_angle
129,C:\Users\zzang\Desktop\workspace\Python\golf\src\golfdb-master\learning_video\golfdb_720p_slice\129.mp4,3,Top,41,mediapipe,True,166.71070622626996,149.08665343951634,29.75362934884194,2.662847092472306,3.75076798460255,,
129,C:\Users\zzang\Desktop\workspace\Python\golf\src\golfdb-master\learning_video\golfdb_720p_slice\129.mp4,4,Mid-downswing,46,mediapipe,True,,137.86016282659446,169.44943955005186,-176.7971819890431,0.9145468241245921,trail_elbow_angle,missing_features:trail_elbow_angle
129,C:\Users\zzang\Desktop\workspace\Python\golf\src\golfdb-master\learning_video\golfdb_720p_slice\129.mp4,5,Impact,50,mediapipe,True,142.52498546120088,168.68623739679674,-160.8013966742462,-172.22429175749664,8.23781561232561,,
129,C:\Users\zzang\Desktop\workspace\Python\golf\src\golfdb-master\learning_video\golfdb_720p_slice\129.mp4,6,Mid-follow-through,61,mediapipe,True,150.86531904651437,152.44368316310948,-143.26567995660326,-167.47052936892706,14.940688834360657,,
129,C:\Users\zzang\Desktop\workspace\Python\golf\src\golfdb-master\learning_video\golfdb_720p_slice\129.mp4,7,Finish,120,mediapipe,True,,,1.264548404394559,-5.513262442428624,3.2049117670319154,trail_elbow_angle|lead_elbow_angle,missing_features:trail_elbow_angle|lead_elbow_angle
150,C:\Users\zzang\Desktop\workspace\Python\golf\src\golfdb-master\learning_video\golfdb_720p_slice\150.mp4,0,Address,3,mediapipe,True,174.1645109869912,177.23497478709237,-174.39042538150127,-179.46647268018003,-5.141288001582007,,
150,C:\Users\zzang\Desktop\workspace\Python\golf\src\golfdb-master\learning_video\golfdb_720p_slice\150.mp4,1,Toe-up,16,mediapipe,True,158.56515429668647,169.67485421842193,168.22891477218218,178.34024886154344,1.3996189656279712,,
150,C:\Users\zzang\Desktop\workspace\Python\golf\src\golfdb-master\learning_video\golfdb_720p_slice\150.mp4,2,Mid-backswing,20,mediapipe,True,122.0283262357842,131.3803935239976,171.61022028460258,178.32320278239607,1.243519811029617,,
150,C:\Users\zzang\Desktop\workspace\Python\golf\src\golfdb-master\learning_video\golfdb_720p_slice\150.mp4,3,Top,28,mediapipe,True,,171.90744041988688,160.1281611154235,-176.63986243306658,3.1880543351249924,trail_elbow_angle,missing_features:trail_elbow_angle
150,C:\Users\zzang\Desktop\workspace\Python\golf\src\golfdb-master\learning_video\golfdb_720p_slice\150.mp4,4,Mid-downswing,30,mediapipe,True,146.4465119729018,127.7743035096485,171.6129345639842,-179.79893895513894,3.4375067148174443,,
150,C:\Users\zzang\Desktop\workspace\Python\golf\src\golfdb-master\learning_video\golfdb_720p_slice\150.mp4,5,Impact,34,mediapipe,True,172.54872088943142,169.6351883581915,-147.2425873403648,177.96820478755967,15.724493185926198,,
150,C:\Users\zzang\Desktop\workspace\Python\golf\src\golfdb-master\learning_video\golfdb_720p_slice\150.mp4,6,Mid-follow-through,36,mediapipe,True,157.3153467699106,166.63037085774482,-133.31049364940014,179.36887082157165,21.70234934656015,,
150,C:\Users\zzang\Desktop\workspace\Python\golf\src\golfdb-master\learning_video\golfdb_720p_slice\150.mp4,7,Finish,53,mediapipe,True,54.83983878741502,,-174.42316012592087,175.51315874601536,7.177501463554342,lead_elbow_angle,missing_features:lead_elbow_angle
151,C:\Users\zzang\Desktop\workspace\Python\golf\src\golfdb-master\learning_video\golfdb_720p_slice\151.mp4,0,Address,27,mediapipe,True,173.14617176753015,173.7967440216332,-172.31031021014033,179.5115137625355,-3.3711337985108845,,
151,C:\Users\zzang\Desktop\workspace\Python\golf\src\golfdb-master\learning_video\golfdb_720p_slice\151.mp4,1,Toe-up,68,mediapipe,True,157.24943664962123,145.40207814516512,170.0431502033269,178.9425080951355,1.806185774698199,,
151,C:\Users\zzang\Desktop\workspace\Python\golf\src\golfdb-master\learning_video\golfdb_720p_slice\151.mp4,2,Mid-backswing,84,mediapipe,True,126.2278075893296,143.09031126408638,164.81604407972537,178.92631154297973,1.7172474533369357,,
151,C:\Users\zzang\Desktop\workspace\Python\golf\src\golfdb-master\learning_video\golfdb_720p_slice\151.mp4,3,Top,117,mediapipe,True,104.45295909652543,106.84868275950454,163.48192262402912,-174.52416192572755,2.921826924444097,,
151,C:\Users\zzang\Desktop\workspace\Python\golf\src\golfdb-master\learning_video\golfdb_720p_slice\151.mp4,4,Mid-downswing,127,mediapipe,True,73.21574270547183,165.1261845343402,170.86488806910847,-178.20314915345608,3.108737982122366,,
151,C:\Users\zzang\Desktop\workspace\Python\golf\src\golfdb-master\learning_video\golfdb_720p_slice\151.mp4,5,Impact,140,mediapipe,True,166.24636460954568,173.9770025321518,-148.34799907878562,178.57912870385456,16.389158271300396,,
151,C:\Users\zzang\Desktop\workspace\Python\golf\src\golfdb-master\learning_video\golfdb_720p_slice\151.mp4,6,Mid-follow-through,151,mediapipe,True,166.0639362562853,153.2489196597217,-119.4579423922072,-176.9918466757662,20.523645517537915,,
151,C:\Users\zzang\Desktop\workspace\Python\golf\src\golfdb-master\learning_video\golfdb_720p_slice\151.mp4,7,Finish,205,mediapipe,True,69.33313039144147,,-166.14741545222665,178.26377737221878,5.556132790281398,lead_elbow_angle,missing_features:lead_elbow_angle
152,C:\Users\zzang\Desktop\workspace\Python\golf\src\golfdb-master\learning_video\golfdb_720p_slice\152.mp4,0,Address,105,mediapipe,True,176.03424504221454,173.36196681794348,-170.00086333309613,-177.94130051998206,4.712719914671745,,
152,C:\Users\zzang\Desktop\workspace\Python\golf\src\golfdb-master\learning_video\golfdb_720p_slice\152.mp4,1,Toe-up,119,mediapipe,True,,168.2210012345643,169.54541156235396,178.5563420996635,8.49329763660795,trail_elbow_angle,missing_features:trail_elbow_angle
152,C:\Users\zzang\Desktop\workspace\Python\golf\src\golfdb-master\learning_video\golfdb_720p_slice\152.mp4,2,Mid-backswing,122,mediapipe,True,,155.6218882105048,161.04795796476,177.72655717394272,7.0340144097137385,trail_elbow_angle,missing_features:trail_elbow_angle
152,C:\Users\zzang\Desktop\workspace\Python\golf\src\golfdb-master\learning_video\golfdb_720p_slice\152.mp4,3,Top,129,mediapipe,True,,122.75686859346189,166.7978362091751,-179.13141727768726,7.106180233210343,trail_elbow_angle,missing_features:trail_elbow_angle
152,C:\Users\zzang\Desktop\workspace\Python\golf\src\golfdb-master\learning_video\golfdb_720p_slice\152.mp4,4,Mid-downswing,135,mediapipe,True,,129.9399855253722,169.2654567344239,-177.55650054715284,10.129770957728736,trail_elbow_angle,missing_features:trail_elbow_angle
152,C:\Users\zzang\Desktop\workspace\Python\golf\src\golfdb-master\learning_video\golfdb_720p_slice\152.mp4,5,Impact,139,mediapipe,True,161.0567993306452,177.1195295313652,-149.9339901702158,-176.43321106832823,17.741706876321157,,
152,C:\Users\zzang\Desktop\workspace\Python\golf\src\golfdb-master\learning_video\golfdb_720p_slice\152.mp4,6,Mid-follow-through,141,mediapipe,True,146.53995986722268,146.73546216938573,-142.46277411805394,-175.21076732324465,17.34863555600716,,
152,C:\Users\zzang\Desktop\workspace\Python\golf\src\golfdb-master\learning_video\golfdb_720p_slice\152.mp4,7,Finish,153,mediapipe,True,171.77339246781528,,-172.99904210519986,172.8030939878438,3.283395460020461,lead_elbow_angle,missing_features:lead_elbow_angle
153,C:\Users\zzang\Desktop\workspace\Python\golf\src\golfdb-master\learning_video\golfdb_720p_slice\153.mp4,0,Address,12,mediapipe,True,174.07807494902664,171.35474666779274,-172.0749893785721,-177.9057308720742,5.934550808476776,,
153,C:\Users\zzang\Desktop\workspace\Python\golf\src\golfdb-master\learning_video\golfdb_720p_slice\153.mp4,1,Toe-up,48,mediapipe,True,163.66971841217668,169.88065729775224,170.96525960760596,-179.8821552062398,8.391426688132983,,
153,C:\Users\zzang\Desktop\workspace\Python\golf\src\golfdb-master\learning_video\golfdb_720p_slice\153.mp4,2,Mid-backswing,62,mediapipe,True,,145.69267223737847,170.56852390434588,177.04210351426042,8.217057954015958,trail_elbow_angle,missing_features:trail_elbow_angle
153,C:\Users\zzang\Desktop\workspace\Python\golf\src\golfdb-master\learning_video\golfdb_720p_slice\153.mp4,3,Top,96,mediapipe,True,,121.83012103366487,-179.74790423342745,-179.0601427321841,9.842457468896303,trail_elbow_angle,missing_features:trail_elbow_angle
153,C:\Users\zzang\Desktop\workspace\Python\golf\src\golfdb-master\learning_video\golfdb_720p_slice\153.mp4,4,Mid-downswing,115,mediapipe,True,,123.70545397781049,174.502040530676,-178.25839171116695,9.752253448426096,trail_elbow_angle,missing_features:trail_elbow_angle
153,C:\Users\zzang\Desktop\workspace\Python\golf\src\golfdb-master\learning_video\golfdb_720p_slice\153.mp4,5,Impact,129,mediapipe,True,159.97272368753522,166.12585212599112,-154.43727952476596,-171.89306548695612,16.78033127667968,,
153,C:\Users\zzang\Desktop\workspace\Python\golf\src\golfdb-master\learning_video\golfdb_720p_slice\153.mp4,6,Mid-follow-through,138,mediapipe,True,145.41441484240033,174.50971065844504,-156.85846082422,-176.142207761303,13.80624725905652,,
153,C:\Users\zzang\Desktop\workspace\Python\golf\src\golfdb-master\learning_video\golfdb_720p_slice\153.mp4,7,Finish,189,mediapipe,True,156.590147469039,,-168.12877886274288,-179.56327489242696,4.80761719544374,lead_elbow_angle,missing_features:lead_elbow_angle
156,C:\Users\zzang\Desktop\workspace\Python\golf\src\golfdb-master\learning_video\golfdb_720p_slice\156.mp4,0,Address,19,mediapipe,True,176.82073596151594,177.7958150444781,-167.55218330522985,-177.12133906374962,5.98221868979561,,
156,C:\Users\zzang\Desktop\workspace\Python\golf\src\golfdb-master\learning_video\golfdb_720p_slice\156.mp4,1,Toe-up,31,mediapipe,True,165.69187091050722,176.79728168737205,166.475814268269,179.18797690785718,5.650607001369016,,
156,C:\Users\zzang\Desktop\workspace\Python\golf\src\golfdb-master\learning_video\golfdb_720p_slice\156.mp4,2,Mid-backswing,37,mediapipe,True,,148.92825209454654,162.0414586390019,-179.2278311193814,6.324875048339491,trail_elbow_angle,missing_features:trail_elbow_angle
156,C:\Users\zzang\Desktop\workspace\Python\golf\src\golfdb-master\learning_video\golfdb_720p_slice\156.mp4,3,Top,42,mediapipe,True,,132.24660504068342,179.68293065716236,-177.75527803463802,9.210276518243065,trail_elbow_angle,missing_features:trail_elbow_angle
156,C:\Users\zzang\Desktop\workspace\Python\golf\src\golfdb-master\learning_video\golfdb_720p_slice\156.mp4,4,Mid-downswing,46,mediapipe,True,,159.8776886433525,177.6699662886631,-176.61092119574238,11.886366670012496,trail_elbow_angle,missing_features:trail_elbow_angle
156,C:\Users\zzang\Desktop\workspace\Python\golf\src\golfdb-master\learning_video\golfdb_720p_slice\156.mp4,5,Impact,49,mediapipe,True,172.35389441462496,175.23404954559203,-151.06012092968024,-176.78100183094216,18.38418812777635,,
156,C:\Users\zzang\Desktop\workspace\Python\golf\src\golfdb-master\learning_video\golfdb_720p_slice\156.mp4,6,Mid-follow-through,51,mediapipe,True,163.8249150023647,160.01954968639868,-132.14345923657848,-170.95120500790878,24.309668661734168,,
156,C:\Users\zzang\Desktop\workspace\Python\golf\src\golfdb-master\learning_video\golfdb_720p_slice\156.mp4,7,Finish,65,mediapipe,True,118.44756155438458,58.0455924531927,20.5999479838178,170.3900088335151,3.0134296683520896,,
160,C:\Users\zzang\Desktop\workspace\Python\golf\src\golfdb-master\learning_video\golfdb_720p_slice\160.mp4,0,Address,32,mediapipe,True,168.5869188719124,176.1730380314137,-169.99084988924338,-176.36409286111478,0.6705791355117988,,
160,C:\Users\zzang\Desktop\workspace\Python\golf\src\golfdb-master\learning_video\golfdb_720p_slice\160.mp4,1,Toe-up,44,mediapipe,True,,159.76744590527355,-7.684021396334955,3.851554542220999,2.5844310053220645,trail_elbow_angle,missing_features:trail_elbow_angle
160,C:\Users\zzang\Desktop\workspace\Python\golf\src\golfdb-master\learning_video\golfdb_720p_slice\160.mp4,2,Mid-backswing,49,mediapipe,True,,155.19611937166104,-179.60995536688938,-177.44561189128828,6.311637632485845,trail_elbow_angle,missing_features:trail_elbow_angle
160,C:\Users\zzang\Desktop\workspace\Python\golf\src\golfdb-master\learning_video\golfdb_720p_slice\160.mp4,3,Top,55,mediapipe,True,,107.11984965885668,175.84778694279706,-175.87447629939115,9.899868449681803,trail_elbow_angle,missing_features:trail_elbow_angle
160,C:\Users\zzang\Desktop\workspace\Python\golf\src\golfdb-master\learning_video\golfdb_720p_slice\160.mp4,4,Mid-downswing,58,mediapipe,True,,141.33343618122723,165.4966031661396,-178.15969003931093,8.821779104527392,trail_elbow_angle,missing_features:trail_elbow_angle
160,C:\Users\zzang\Desktop\workspace\Python\golf\src\golfdb-master\learning_video\golfdb_720p_slice\160.mp4,5,Impact,62,mediapipe,True,162.03548740727186,177.82780566111344,-156.29827811762453,-176.64517051536575,8.104996505680708,,
160,C:\Users\zzang\Desktop\workspace\Python\golf\src\golfdb-master\learning_video\golfdb_720p_slice\160.mp4,6,Mid-follow-through,64,mediapipe,True,153.05002325199257,166.06903033922572,-145.5888583282231,-172.72358442778923,15.41085550664457,,
160,C:\Users\zzang\Desktop\workspace\Python\golf\src\golfdb-master\learning_video\golfdb_720p_slice\160.mp4,7,Finish,80,mediapipe,True,,40.42294531662636,71.52713923133363,138.81311086234507,-0.7035205683084707,trail_elbow_angle,missing_features:trail_elbow_angle
163,C:\Users\zzang\Desktop\workspace\Python\golf\src\golfdb-master\learning_video\golfdb_720p_slice\163.mp4,0,Address,20,mediapipe,True,173.86381311233615,176.7907431782909,-168.5869049496558,-175.04335100235414,5.504088484324616,,
163,C:\Users\zzang\Desktop\workspace\Python\golf\src\golfdb-master\learning_video\golfdb_720p_slice\163.mp4,1,Toe-up,69,mediapipe,True,165.55922939391272,177.18862609959103,162.5337010026258,179.13817109997584,5.617661333156319,,
163,C:\Users\zzang\Desktop\workspace\Python\golf\src\golfdb-master\learning_video\golfdb_720p_slice\163.mp4,2,Mid-backswing,91,mediapipe,True,,148.4683988415386,152.2973349846069,179.8190850601996,5.956386091799394,trail_elbow_angle,missing_features:trail_elbow_angle
163,C:\Users\zzang\Desktop\workspace\Python\golf\src\golfdb-master\learning_video\golfdb_720p_slice\163.mp4,3,Top,113,mediapipe,True,,143.59722935802287,179.49750955223328,-177.02801622557195,9.139930218672944,trail_elbow_angle,missing_features:trail_elbow_angle
163,C:\Users\zzang\Desktop\workspace\Python\golf\src\golfdb-master\learning_video\golfdb_720p_slice\163.mp4,4,Mid-downswing,125,mediapipe,True,,152.39071345034765,163.50419044529335,-178.45150769995593,11.260527037775281,trail_elbow_angle,missing_features:trail_elbow_angle
163,C:\Users\zzang\Desktop\workspace\Python\golf\src\golfdb-master\learning_video\golfdb_720p_slice\163.mp4,5,Impact,139,mediapipe,True,164.20557019639088,173.40551106429746,-149.30028346318358,-177.55558889363613,17.73462786053868,,
163,C:\Users\zzang\Desktop\workspace\Python\golf\src\golfdb-master\learning_video\golfdb_720p_slice\163.mp4,6,Mid-follow-through,148,mediapipe,True,165.4561667201481,142.4327999289707,-129.05785215721463,-166.59597162736756,21.966824151374176,,
163,C:\Users\zzang\Desktop\workspace\Python\golf\src\golfdb-master\learning_video\golfdb_720p_slice\163.mp4,7,Finish,215,mediapipe,True,33.01804382114149,73.01122870123268,-172.2502293238043,-176.46104401956967,3.7326024019365027,,
164,C:\Users\zzang\Desktop\workspace\Python\golf\src\golfdb-master\learning_video\golfdb_720p_slice\164.mp4,0,Address,6,mediapipe,True,164.4840470210093,175.08384147412033,-170.74802093670698,-175.30146700737996,0.5793511009990439,,
164,C:\Users\zzang\Desktop\workspace\Python\golf\src\golfdb-master\learning_video\golfdb_720p_slice\164.mp4,1,Toe-up,51,mediapipe,True,159.63059952385552,179.9719711106999,166.54706972690204,-177.65201081935243,4.349592674018324,,
164,C:\Users\zzang\Desktop\workspace\Python\golf\src\golfdb-master\learning_video\golfdb_720p_slice\164.mp4,2,Mid-backswing,74,mediapipe,True,,150.57633020143388,169.1831839109834,-178.06347104179335,6.591840950969819,trail_elbow_angle,missing_features:trail_elbow_angle
164,C:\Users\zzang\Desktop\workspace\Python\golf\src\golfdb-master\learning_video\golfdb_720p_slice\164.mp4,3,Top,97,mediapipe,True,162.85982227065097,134.49682767078386,-179.9312111299097,-174.51834060105605,9.523463380190403,,
164,C:\Users\zzang\Desktop\workspace\Python\golf\src\golfdb-master\learning_video\golfdb_720p_slice\164.mp4,4,Mid-downswing,110,mediapipe,True,,153.06120408771145,164.03718148313573,-178.56189674485475,9.255589747440343,trail_elbow_angle,missing_features:trail_elbow_angle
164,C:\Users\zzang\Desktop\workspace\Python\golf\src\golfdb-master\learning_video\golfdb_720p_slice\164.mp4,5,Impact,124,mediapipe,True,158.5104688290258,172.69630678627428,-156.83984941205577,-179.18970915281426,9.61733280217828,,
164,C:\Users\zzang\Desktop\workspace\Python\golf\src\golfdb-master\learning_video\golfdb_720p_slice\164.mp4,6,Mid-follow-through,132,mediapipe,True,148.4439118719674,168.90912538570026,-140.0275507290238,-171.70818405403466,19.206273593620836,,
164,C:\Users\zzang\Desktop\workspace\Python\golf\src\golfdb-master\learning_video\golfdb_720p_slice\164.mp4,7,Finish,199,mediapipe,True,,31.290940255046483,28.635811644371245,39.149418472612204,0.8444841383283246,trail_elbow_angle,missing_features:trail_elbow_angle
169,C:\Users\zzang\Desktop\workspace\Python\golf\src\golfdb-master\learning_video\golfdb_720p_slice\169.mp4,0,Address,3,mediapipe,True,177.57209563491193,159.4009807426405,-168.02591846481482,-172.77938104533115,8.274459105611744,,
169,C:\Users\zzang\Desktop\workspace\Python\golf\src\golfdb-master\learning_video\golfdb_720p_slice\169.mp4,1,Toe-up,12,mediapipe,True,62.77787474707309,72.22709330211141,-177.8602739944831,-177.8849895132818,11.797370452773782,,
169,C:\Users\zzang\Desktop\workspace\Python\golf\src\golfdb-master\learning_video\golfdb_720p_slice\169.mp4,2,Mid-backswing,17,mediapipe,True,118.85083104319821,91.64358841391928,-173.81417362308784,-174.30149184360081,13.335882121689986,,
169,C:\Users\zzang\Desktop\workspace\Python\golf\src\golfdb-master\learning_video\golfdb_720p_slice\169.mp4,3,Top,24,mediapipe,True,113.45333011599139,94.18808720565498,-175.46102975757483,-176.60229665071148,12.714364004410273,,
169,C:\Users\zzang\Desktop\workspace\Python\golf\src\golfdb-master\learning_video\golfdb_720p_slice\169.mp4,4,Mid-downswing,29,mediapipe,True,62.782810361906535,131.2169870298792,-172.3348467838162,-178.01257737880303,10.327893552485653,,
169,C:\Users\zzang\Desktop\workspace\Python\golf\src\golfdb-master\learning_video\golfdb_720p_slice\169.mp4,5,Impact,33,mediapipe,True,164.23555773569902,170.53313077200698,-147.61515320157363,-169.5070123828252,16.019043178310493,,
169,C:\Users\zzang\Desktop\workspace\Python\golf\src\golfdb-master\learning_video\golfdb_720p_slice\169.mp4,6,Mid-follow-through,35,mediapipe,True,152.75685755655775,159.57064684851258,-132.89493564054192,-158.18156108658957,15.74638721429173,,
169,C:\Users\zzang\Desktop\workspace\Python\golf\src\golfdb-master\learning_video\golfdb_720p_slice\169.mp4,7,Finish,60,mediapipe,True,61.27136941853138,,10.096269288611287,179.7453902413866,1.559905890840019,lead_elbow_angle,missing_features:lead_elbow_angle
175,C:\Users\zzang\Desktop\workspace\Python\golf\src\golfdb-master\learning_video\golfdb_720p_slice\175.mp4,0,Address,29,mediapipe,True,176.73076247471434,172.0877861393523,-171.69564202850856,-174.846206129978,6.299558814963632,,
175,C:\Users\zzang\Desktop\workspace\Python\golf\src\golfdb-master\learning_video\golfdb_720p_slice\175.mp4,1,Toe-up,48,mediapipe,True,144.16420712479137,163.61048757949482,153.8080054391656,178.90104657665555,13.873620375440266,,
175,C:\Users\zzang\Desktop\workspace\Python\golf\src\golfdb-master\learning_video\golfdb_720p_slice\175.mp4,2,Mid-backswing,51,mediapipe,True,,153.7152271275812,138.17487336813468,178.72924564402877,12.712178526254908,trail_elbow_angle,missing_features:trail_elbow_angle
175,C:\Users\zzang\Desktop\workspace\Python\golf\src\golfdb-master\learning_video\golfdb_720p_slice\175.mp4,3,Top,60,mediapipe,True,,81.867830506565,177.70255097336002,-178.1838468313684,9.785532616195196,trail_elbow_angle,missing_features:trail_elbow_angle
175,C:\Users\zzang\Desktop\workspace\Python\golf\src\golfdb-master\learning_video\golfdb_720p_slice\175.mp4,4,Mid-downswing,65,mediapipe,True,,161.12032666755997,166.73493406460256,-176.87719006901915,10.248664110009244,trail_elbow_angle,missing_features:trail_elbow_angle
175,C:\Users\zzang\Desktop\workspace\Python\golf\src\golfdb-master\learning_video\golfdb_720p_slice\175.mp4,5,Impact,69,mediapipe,True,165.57338624988338,170.51844923101132,-129.89028278404578,-163.6643772611314,27.95423816206984,,
175,C:\Users\zzang\Desktop\workspace\Python\golf\src\golfdb-master\learning_video\golfdb_720p_slice\175.mp4,6,Mid-follow-through,71,mediapipe,True,171.10253104411566,163.0769009294252,-111.41028381818757,-156.64436849136226,31.219000794959868,,
175,C:\Users\zzang\Desktop\workspace\Python\golf\src\golfdb-master\learning_video\golfdb_720p_slice\175.mp4,7,Finish,86,mediapipe,True,116.61777538230382,142.21448866823218,-148.76036862528338,-174.8605618977332,12.888016703560156,,
176,C:\Users\zzang\Desktop\workspace\Python\golf\src\golfdb-master\learning_video\golfdb_720p_slice\176.mp4,0,Address,283,mediapipe,True,172.9339342382089,173.52057574950092,-165.11656024688443,-174.2678903520644,4.792150990367564,,
176,C:\Users\zzang\Desktop\workspace\Python\golf\src\golfdb-master\learning_video\golfdb_720p_slice\176.mp4,1,Toe-up,297,mediapipe,True,153.96225564242488,157.9306918696204,164.86891492140134,-178.69588675080462,5.3583714536256295,,
176,C:\Users\zzang\Desktop\workspace\Python\golf\src\golfdb-master\learning_video\golfdb_720p_slice\176.mp4,2,Mid-backswing,301,mediapipe,True,,143.4956184955315,168.18732889851916,-179.21136380229126,5.988604183951252,trail_elbow_angle,missing_features:trail_elbow_angle
176,C:\Users\zzang\Desktop\workspace\Python\golf\src\golfdb-master\learning_video\golfdb_720p_slice\176.mp4,3,Top,308,mediapipe,True,,105.91626257644238,-179.6022119506088,-178.55838493559438,4.307447645788599,trail_elbow_angle,missing_features:trail_elbow_angle
176,C:\Users\zzang\Desktop\workspace\Python\golf\src\golfdb-master\learning_video\golfdb_720p_slice\176.mp4,4,Mid-downswing,311,mediapipe,True,,141.1548023191626,153.80904536752465,178.35349242274137,7.210806476371892,trail_elbow_angle,missing_features:trail_elbow_angle
176,C:\Users\zzang\Desktop\workspace\Python\golf\src\golfdb-master\learning_video\golfdb_720p_slice\176.mp4,5,Impact,315,mediapipe,True,169.37020529041882,177.02533840428293,-150.11921234203805,-174.17427457233816,19.08545976530964,,
176,C:\Users\zzang\Desktop\workspace\Python\golf\src\golfdb-master\learning_video\golfdb_720p_slice\176.mp4,6,Mid-follow-through,317,mediapipe,True,168.48404951965293,155.2671849465348,-127.15652876819695,-175.9660569114627,20.171531499824546,,
176,C:\Users\zzang\Desktop\workspace\Python\golf\src\golfdb-master\learning_video\golfdb_720p_slice\176.mp4,7,Finish,331,mediapipe,True,112.19218834844868,113.62223213193406,162.69836633773684,173.10453303599974,8.167799926512457,,
177,C:\Users\zzang\Desktop\workspace\Python\golf\src\golfdb-master\learning_video\golfdb_720p_slice\177.mp4,0,Address,39,mediapipe,True,173.39277576316366,176.26185693816169,-164.8426052174625,-174.4744633141992,5.060213441450482,,
177,C:\Users\zzang\Desktop\workspace\Python\golf\src\golfdb-master\learning_video\golfdb_720p_slice\177.mp4,1,Toe-up,87,mediapipe,True,150.37510732522458,162.35262221442804,165.5775800852231,179.28887565051366,5.777178807569267,,
177,C:\Users\zzang\Desktop\workspace\Python\golf\src\golfdb-master\learning_video\golfdb_720p_slice\177.mp4,2,Mid-backswing,102,mediapipe,True,,150.3744000494299,160.75662221724505,-179.4843030017922,5.218614786669083,trail_elbow_angle,missing_features:trail_elbow_angle
177,C:\Users\zzang\Desktop\workspace\Python\golf\src\golfdb-master\learning_video\golfdb_720p_slice\177.mp4,3,Top,132,mediapipe,True,,103.96312060341445,177.70023872891377,-177.9398961741068,3.8741107497884006,trail_elbow_angle,missing_features:trail_elbow_angle
177,C:\Users\zzang\Desktop\workspace\Python\golf\src\golfdb-master\learning_video\golfdb_720p_slice\177.mp4,4,Mid-downswing,145,mediapipe,True,,154.9481458147363,145.52116414355064,176.20362712237798,8.471772443589558,trail_elbow_angle,missing_features:trail_elbow_angle
177,C:\Users\zzang\Desktop\workspace\Python\golf\src\golfdb-master\learning_video\golfdb_720p_slice\177.mp4,5,Impact,158,mediapipe,True,164.86294174916716,164.5589221899936,-157.57723190864223,-175.4312878990024,18.95252803547845,,
177,C:\Users\zzang\Desktop\workspace\Python\golf\src\golfdb-master\learning_video\golfdb_720p_slice\177.mp4,6,Mid-follow-through,165,mediapipe,True,173.83600024648877,162.28565187637744,-128.51039285284904,-172.37024722377424,22.193949976014757,,
177,C:\Users\zzang\Desktop\workspace\Python\golf\src\golfdb-master\learning_video\golfdb_720p_slice\177.mp4,7,Finish,226,mediapipe,True,93.65778081748525,163.9606774665278,-165.47205681371477,175.4945695900127,10.626529324728565,,
187,C:\Users\zzang\Desktop\workspace\Python\golf\src\golfdb-master\learning_video\golfdb_720p_slice\187.mp4,0,Address,573,mediapipe,True,162.8678049964576,169.44192062399227,-167.58347982707025,-172.95034130575613,7.981181443909625,,
187,C:\Users\zzang\Desktop\workspace\Python\golf\src\golfdb-master\learning_video\golfdb_720p_slice\187.mp4,1,Toe-up,594,mediapipe,True,172.33666634943205,176.23466010052448,174.74839876690336,-179.686333093807,10.51384178107679,,
187,C:\Users\zzang\Desktop\workspace\Python\golf\src\golfdb-master\learning_video\golfdb_720p_slice\187.mp4,2,Mid-backswing,601,mediapipe,True,,124.57984803812067,153.73710947814266,-176.61483665019497,9.696226063015375,trail_elbow_angle,missing_features:trail_elbow_angle
187,C:\Users\zzang\Desktop\workspace\Python\golf\src\golfdb-master\learning_video\golfdb_720p_slice\187.mp4,3,Top,608,mediapipe,True,136.40322895356928,123.78008861315244,-174.6250846306015,-174.26217846532523,8.163156129796286,,
187,C:\Users\zzang\Desktop\workspace\Python\golf\src\golfdb-master\learning_video\golfdb_720p_slice\187.mp4,4,Mid-downswing,612,mediapipe,True,,122.40917179596859,172.5758180725714,-179.36399802331624,10.66678292628161,trail_elbow_angle,missing_features:trail_elbow_angle
187,C:\Users\zzang\Desktop\workspace\Python\golf\src\golfdb-master\learning_video\golfdb_720p_slice\187.mp4,5,Impact,616,mediapipe,True,151.98274712210278,166.92006350652156,-147.13346479459466,-171.5984811585889,17.17022681901909,,
187,C:\Users\zzang\Desktop\workspace\Python\golf\src\golfdb-master\learning_video\golfdb_720p_slice\187.mp4,6,Mid-follow-through,618,mediapipe,True,160.52627922864875,177.72022652861023,-135.4887164927502,-168.7650802489596,16.826340079802097,,
187,C:\Users\zzang\Desktop\workspace\Python\golf\src\golfdb-master\learning_video\golfdb_720p_slice\187.mp4,7,Finish,633,mediapipe,True,14.375948871548644,,-168.41138886597415,-178.46825661168273,4.0431797432145355,lead_elbow_angle,missing_features:lead_elbow_angle
195,C:\Users\zzang\Desktop\workspace\Python\golf\src\golfdb-master\learning_video\golfdb_720p_slice\195.mp4,0,Address,202,mediapipe,True,172.90353715402668,174.53187642454944,-169.03831272008975,-177.33906916278767,2.683448728537638,,
195,C:\Users\zzang\Desktop\workspace\Python\golf\src\golfdb-master\learning_video\golfdb_720p_slice\195.mp4,1,Toe-up,217,mediapipe,True,158.12189805516448,172.45909428004302,162.61099517469302,179.14027480357075,5.739819160909343,,
195,C:\Users\zzang\Desktop\workspace\Python\golf\src\golfdb-master\learning_video\golfdb_720p_slice\195.mp4,2,Mid-backswing,223,mediapipe,True,,130.54374056190605,159.52190390666894,175.9601936586984,4.801919825004019,trail_elbow_angle,missing_features:trail_elbow_angle
195,C:\Users\zzang\Desktop\workspace\Python\golf\src\golfdb-master\learning_video\golfdb_720p_slice\195.mp4,3,Top,230,mediapipe,True,,140.91152464138042,171.08864984884153,177.00796605977638,7.264643290868168,trail_elbow_angle,missing_features:trail_elbow_angle
195,C:\Users\zzang\Desktop\workspace\Python\golf\src\golfdb-master\learning_video\golfdb_720p_slice\195.mp4,4,Mid-downswing,232,mediapipe,True,,156.37193331460773,-175.2037464994649,-178.444337714006,7.806526995697712,trail_elbow_angle,missing_features:trail_elbow_angle
195,C:\Users\zzang\Desktop\workspace\Python\golf\src\golfdb-master\learning_video\golfdb_720p_slice\195.mp4,5,Impact,236,mediapipe,True,154.13668509835827,169.99611251983936,-153.72676888827183,-175.58346369685339,15.440270584567433,,
195,C:\Users\zzang\Desktop\workspace\Python\golf\src\golfdb-master\learning_video\golfdb_720p_slice\195.mp4,6,Mid-follow-through,239,mediapipe,True,163.19645402129368,,-138.03535813241913,-174.59298527550177,10.95904067741384,lead_elbow_angle,missing_features:lead_elbow_angle
195,C:\Users\zzang\Desktop\workspace\Python\golf\src\golfdb-master\learning_video\golfdb_720p_slice\195.mp4,7,Finish,253,mediapipe,True,99.56407394410621,,51.27017612386255,177.62091187766086,2.3521139969637694,lead_elbow_angle,missing_features:lead_elbow_angle
196,C:\Users\zzang\Desktop\workspace\Python\golf\src\golfdb-master\learning_video\golfdb_720p_slice\196.mp4,0,Address,30,mediapipe,True,173.81550410697818,174.706904615032,-170.7252725954876,-176.3932228577003,2.8376345754740315,,
196,C:\Users\zzang\Desktop\workspace\Python\golf\src\golfdb-master\learning_video\golfdb_720p_slice\196.mp4,1,Toe-up,80,mediapipe,True,161.2158514524584,171.66682145034085,161.13855326135777,179.23084956520879,6.096743503290039,,
196,C:\Users\zzang\Desktop\workspace\Python\golf\src\golfdb-master\learning_video\golfdb_720p_slice\196.mp4,2,Mid-backswing,98,mediapipe,True,,151.97410157648432,170.93825507433868,178.22083049508439,5.12752151929162,trail_elbow_angle,missing_features:trail_elbow_angle
196,C:\Users\zzang\Desktop\workspace\Python\golf\src\golfdb-master\learning_video\golfdb_720p_slice\196.mp4,3,Top,127,mediapipe,True,,113.0478363080229,166.99758228577153,-179.0667835967609,5.031427415342326,trail_elbow_angle,missing_features:trail_elbow_angle
196,C:\Users\zzang\Desktop\workspace\Python\golf\src\golfdb-master\learning_video\golfdb_720p_slice\196.mp4,4,Mid-downswing,139,mediapipe,True,,158.69027531352273,-174.47949225992252,-178.48351241862213,7.410344100279667,trail_elbow_angle,missing_features:trail_elbow_angle
196,C:\Users\zzang\Desktop\workspace\Python\golf\src\golfdb-master\learning_video\golfdb_720p_slice\196.mp4,5,Impact,155,mediapipe,True,163.13228595836077,170.2158501350896,-157.78619731106454,-173.39602818763638,14.873990919913362,,
196,C:\Users\zzang\Desktop\workspace\Python\golf\src\golfdb-master\learning_video\golfdb_720p_slice\196.mp4,6,Mid-follow-through,165,mediapipe,True,155.7650038412988,161.08059443202333,-155.58344194482322,-175.44472883995843,11.846475361747139,,
196,C:\Users\zzang\Desktop\workspace\Python\golf\src\golfdb-master\learning_video\golfdb_720p_slice\196.mp4,7,Finish,222,mediapipe,True,80.87727828734565,,174.7166079922438,174.01127688283287,-1.303733166991911,lead_elbow_angle,missing_features:lead_elbow_angle
204,C:\Users\zzang\Desktop\workspace\Python\golf\src\golfdb-master\learning_video\golfdb_720p_slice\204.mp4,0,Address,222,mediapipe,True,169.217769701707,177.54625238984445,-172.47390777944085,-177.21362369696575,4.061005571093971,,
204,C:\Users\zzang\Desktop\workspace\Python\golf\src\golfdb-master\learning_video\golfdb_720p_slice\204.mp4,1,Toe-up,234,mediapipe,True,168.45753772383486,168.953548346184,171.92839944757102,-178.30979929202806,9.278438579826153,,
204,C:\Users\zzang\Desktop\workspace\Python\golf\src\golfdb-master\learning_video\golfdb_720p_slice\204.mp4,2,Mid-backswing,243,mediapipe,True,,133.65930278558406,154.82870625586372,-177.96950868497595,11.910333387484846,trail_elbow_angle,missing_features:trail_elbow_angle
204,C:\Users\zzang\Desktop\workspace\Python\golf\src\golfdb-master\learning_video\golfdb_720p_slice\204.mp4,3,Top,251,mediapipe,True,,112.75948506686504,-178.1705689220783,-174.73722264462896,11.281047058642564,trail_elbow_angle,missing_features:trail_elbow_angle
204,C:\Users\zzang\Desktop\workspace\Python\golf\src\golfdb-master\learning_video\golfdb_720p_slice\204.mp4,4,Mid-downswing,254,mediapipe,True,,146.4017610594739,167.56624518238394,179.57332524728972,6.866620974977146,trail_elbow_angle,missing_features:trail_elbow_angle
204,C:\Users\zzang\Desktop\workspace\Python\golf\src\golfdb-master\learning_video\golfdb_720p_slice\204.mp4,5,Impact,258,mediapipe,True,145.62181290962536,177.58458048742477,-160.1605654486109,-174.53250580676206,7.613608953821273,,
204,C:\Users\zzang\Desktop\workspace\Python\golf\src\golfdb-master\learning_video\golfdb_720p_slice\204.mp4,6,Mid-follow-through,261,mediapipe,True,141.4070125060056,165.3962744319118,-143.26332007003572,-170.9815593603896,7.062891105757902,,
204,C:\Users\zzang\Desktop\workspace\Python\golf\src\golfdb-master\learning_video\golfdb_720p_slice\204.mp4,7,Finish,288,mediapipe,True,129.92801769504334,,10.674173541153667,-17.074970334071978,6.082388344161548,lead_elbow_angle,missing_features:lead_elbow_angle
205,C:\Users\zzang\Desktop\workspace\Python\golf\src\golfdb-master\learning_video\golfdb_720p_slice\205.mp4,0,Address,59,mediapipe,True,166.27902518767493,178.26473077643553,-169.83893934105404,-175.4946039423764,3.9914195578597456,,
205,C:\Users\zzang\Desktop\workspace\Python\golf\src\golfdb-master\learning_video\golfdb_720p_slice\205.mp4,1,Toe-up,104,mediapipe,True,171.66163598737512,170.73750777591235,178.19953654816908,-175.21191066311764,9.003349312342184,,
205,C:\Users\zzang\Desktop\workspace\Python\golf\src\golfdb-master\learning_video\golfdb_720p_slice\205.mp4,2,Mid-backswing,139,mediapipe,True,,148.48304705694164,142.31357918719303,-179.70750083620456,12.319624388552711,trail_elbow_angle,missing_features:trail_elbow_angle
205,C:\Users\zzang\Desktop\workspace\Python\golf\src\golfdb-master\learning_video\golfdb_720p_slice\205.mp4,3,Top,168,mediapipe,True,,110.11175638577949,-173.87336051224617,-179.0728188691277,10.036189117593812,trail_elbow_angle,missing_features:trail_elbow_angle
205,C:\Users\zzang\Desktop\workspace\Python\golf\src\golfdb-master\learning_video\golfdb_720p_slice\205.mp4,4,Mid-downswing,186,mediapipe,True,,145.97292743812542,173.81224547122596,-178.5197692940184,6.906859664643839,trail_elbow_angle,missing_features:trail_elbow_angle
205,C:\Users\zzang\Desktop\workspace\Python\golf\src\golfdb-master\learning_video\golfdb_720p_slice\205.mp4,5,Impact,202,mediapipe,True,149.3774810378308,176.8290030176537,-159.78500564989733,-172.94301260410424,7.414092892238753,,
205,C:\Users\zzang\Desktop\workspace\Python\golf\src\golfdb-master\learning_video\golfdb_720p_slice\205.mp4,6,Mid-follow-through,211,mediapipe,True,166.2785797036949,165.38385152983346,-141.87159316612156,-171.58444763489746,8.565822573265786,,
205,C:\Users\zzang\Desktop\workspace\Python\golf\src\golfdb-master\learning_video\golfdb_720p_slice\205.mp4,7,Finish,322,mediapipe,True,112.67819263372452,,10.75411629946807,-29.785790420378376,5.245708807491706,lead_elbow_angle,missing_features:lead_elbow_angle
206,C:\Users\zzang\Desktop\workspace\Python\golf\src\golfdb-master\learning_video\golfdb_720p_slice\206.mp4,0,Address,63,mediapipe,True,169.57331321044472,179.38435819500324,-170.90491214436813,-175.43370461542122,0.4127120839900421,,
206,C:\Users\zzang\Desktop\workspace\Python\golf\src\golfdb-master\learning_video\golfdb_720p_slice\206.mp4,1,Toe-up,82,mediapipe,True,165.22511866716195,171.5356307052089,160.65903535348747,179.33877093682156,4.048301852236934,,
206,C:\Users\zzang\Desktop\workspace\Python\golf\src\golfdb-master\learning_video\golfdb_720p_slice\206.mp4,2,Mid-backswing,90,mediapipe,True,175.07991043176708,141.44867286498197,141.2724622439434,178.53171013035717,5.0569930860378784,,
206,C:\Users\zzang\Desktop\workspace\Python\golf\src\golfdb-master\learning_video\golfdb_720p_slice\206.mp4,3,Top,101,mediapipe,True,155.10778354011347,30.694835001751667,171.14758280072013,-178.38800542963824,2.954032832581836,,
206,C:\Users\zzang\Desktop\workspace\Python\golf\src\golfdb-master\learning_video\golfdb_720p_slice\206.mp4,4,Mid-downswing,106,mediapipe,True,117.25822553071261,133.6799646848455,-174.52769233729808,-176.9190866912249,5.263331525197597,,
206,C:\Users\zzang\Desktop\workspace\Python\golf\src\golfdb-master\learning_video\golfdb_720p_slice\206.mp4,5,Impact,110,mediapipe,True,157.73228925569342,175.33706476884916,-145.5158342133829,-171.19657862309913,15.181410493282113,,
206,C:\Users\zzang\Desktop\workspace\Python\golf\src\golfdb-master\learning_video\golfdb_720p_slice\206.mp4,6,Mid-follow-through,112,mediapipe,True,173.6146571546426,90.31151679204598,-131.11716640727295,-169.5230983298223,16.34984048450168,,
206,C:\Users\zzang\Desktop\workspace\Python\golf\src\golfdb-master\learning_video\golfdb_720p_slice\206.mp4,7,Finish,138,mediapipe,True,146.50787508036765,44.94588231180068,4.799830379276471,-5.588095427418723,-2.469346919126452,,
208,C:\Users\zzang\Desktop\workspace\Python\golf\src\golfdb-master\learning_video\golfdb_720p_slice\208.mp4,0,Address,38,mediapipe,True,170.69756230160678,174.14824962054334,-171.78847423638175,-177.79662398940158,4.66974320688716,,
208,C:\Users\zzang\Desktop\workspace\Python\golf\src\golfdb-master\learning_video\golfdb_720p_slice\208.mp4,1,Toe-up,54,mediapipe,True,164.1352168887993,164.0443504574547,155.80453858667107,178.55766404714572,8.287579760605384,,
208,C:\Users\zzang\Desktop\workspace\Python\golf\src\golfdb-master\learning_video\golfdb_720p_slice\208.mp4,2,Mid-backswing,60,mediapipe,True,,149.73386634419884,135.99595292188872,175.07899587707743,7.521121525820238,trail_elbow_angle,missing_features:trail_elbow_angle
208,C:\Users\zzang\Desktop\workspace\Python\golf\src\golfdb-master\learning_video\golfdb_720p_slice\208.mp4,3,Top,72,mediapipe,True,,69.51432547992087,168.06812984082018,177.19406637076207,6.166377522893813,trail_elbow_angle,missing_features:trail_elbow_angle
208,C:\Users\zzang\Desktop\workspace\Python\golf\src\golfdb-master\learning_video\golfdb_720p_slice\208.mp4,4,Mid-downswing,77,mediapipe,True,,138.28142704099503,175.73227413197506,-177.06620706804324,8.342723831800818,trail_elbow_angle,missing_features:trail_elbow_angle
208,C:\Users\zzang\Desktop\workspace\Python\golf\src\golfdb-master\learning_video\golfdb_720p_slice\208.mp4,5,Impact,81,mediapipe,True,152.14310157959503,178.65413985144306,-158.55326598781357,-175.1563676281129,18.834902224186244,,
208,C:\Users\zzang\Desktop\workspace\Python\golf\src\golfdb-master\learning_video\golfdb_720p_slice\208.mp4,6,Mid-follow-through,83,mediapipe,True,147.81212755472382,146.38085214252374,-140.26772735882764,-172.11552954823222,17.937858023711982,,
208,C:\Users\zzang\Desktop\workspace\Python\golf\src\golfdb-master\learning_video\golfdb_720p_slice\208.mp4,7,Finish,111,mediapipe,True,23.994364993258415,,-170.02027559400554,173.52967591992407,3.9858511957985905,lead_elbow_angle,missing_features:lead_elbow_angle
210,C:\Users\zzang\Desktop\workspace\Python\golf\src\golfdb-master\learning_video\golfdb_720p_slice\210.mp4,0,Address,1,mediapipe,True,164.83762474416523,173.91572589932116,-169.87580831275392,-177.38347883256452,3.821113668627593,,
210,C:\Users\zzang\Desktop\workspace\Python\golf\src\golfdb-master\learning_video\golfdb_720p_slice\210.mp4,1,Toe-up,66,mediapipe,True,174.6065595923587,168.1667910878793,158.06417122252216,178.25058048119365,7.4135760233429195,,
210,C:\Users\zzang\Desktop\workspace\Python\golf\src\golfdb-master\learning_video\golfdb_720p_slice\210.mp4,2,Mid-backswing,97,mediapipe,True,,152.09241385194247,142.16134567668016,175.71716835991077,8.215315779941342,trail_elbow_angle,missing_features:trail_elbow_angle
210,C:\Users\zzang\Desktop\workspace\Python\golf\src\golfdb-master\learning_video\golfdb_720p_slice\210.mp4,3,Top,144,mediapipe,True,109.48264791030326,95.4836612676005,-179.9134765986525,178.9005531816697,5.051133860627494,,
210,C:\Users\zzang\Desktop\workspace\Python\golf\src\golfdb-master\learning_video\golfdb_720p_slice\210.mp4,4,Mid-downswing,162,mediapipe,True,,137.40497888142096,172.36315922346435,-177.3930410834481,8.212802359065833,trail_elbow_angle,missing_features:trail_elbow_angle
210,C:\Users\zzang\Desktop\workspace\Python\golf\src\golfdb-master\learning_video\golfdb_720p_slice\210.mp4,5,Impact,176,mediapipe,True,167.0644762196544,158.0540034809705,-149.09736460794113,-177.40597650836926,16.823382599226132,,
210,C:\Users\zzang\Desktop\workspace\Python\golf\src\golfdb-master\learning_video\golfdb_720p_slice\210.mp4,6,Mid-follow-through,185,mediapipe,True,157.9010208062452,156.35315267220952,-137.81229680893625,-175.779144318885,17.784776482303638,,
210,C:\Users\zzang\Desktop\workspace\Python\golf\src\golfdb-master\learning_video\golfdb_720p_slice\210.mp4,7,Finish,269,mediapipe,True,36.75713812225253,,-172.9402997837999,173.53148102447136,3.3002001331977864,lead_elbow_angle,missing_features:lead_elbow_angle
211,C:\Users\zzang\Desktop\workspace\Python\golf\src\golfdb-master\learning_video\golfdb_720p_slice\211.mp4,0,Address,25,mediapipe,True,168.29994560813512,174.01623312755217,-171.06582747314448,-175.51577414192053,0.6288176043050193,,
211,C:\Users\zzang\Desktop\workspace\Python\golf\src\golfdb-master\learning_video\golfdb_720p_slice\211.mp4,1,Toe-up,94,mediapipe,True,168.25054880875098,167.35777447044498,162.94625613385068,-179.71492546602445,4.138469759036597,,
211,C:\Users\zzang\Desktop\workspace\Python\golf\src\golfdb-master\learning_video\golfdb_720p_slice\211.mp4,2,Mid-backswing,124,mediapipe,True,175.28046091002426,153.05210717486167,147.01041608975544,177.12339877522075,6.192467285724493,,
211,C:\Users\zzang\Desktop\workspace\Python\golf\src\golfdb-master\learning_video\golfdb_720p_slice\211.mp4,3,Top,170,mediapipe,True,159.2857872279156,175.82246083858374,173.8787650703759,-177.04238645430928,3.3288249946675874,,
211,C:\Users\zzang\Desktop\workspace\Python\golf\src\golfdb-master\learning_video\golfdb_720p_slice\211.mp4,4,Mid-downswing,189,mediapipe,True,107.4360851369919,142.37843860225857,176.07188605288596,-179.6560664997039,2.2856509053270786,,
211,C:\Users\zzang\Desktop\workspace\Python\golf\src\golfdb-master\learning_video\golfdb_720p_slice\211.mp4,5,Impact,203,mediapipe,True,165.8969078425158,166.5283984219191,-151.6792821103309,-174.3062854109915,13.333251082775892,,
211,C:\Users\zzang\Desktop\workspace\Python\golf\src\golfdb-master\learning_video\golfdb_720p_slice\211.mp4,6,Mid-follow-through,213,mediapipe,True,164.54186006156425,161.73540702848047,-149.88901808060405,-173.14304836759703,16.26534388436613,,
211,C:\Users\zzang\Desktop\workspace\Python\golf\src\golfdb-master\learning_video\golfdb_720p_slice\211.mp4,7,Finish,296,mediapipe,True,155.23428511182968,51.387369884888216,8.630787710424176,-3.8098934644722693,-0.3918140050263507,,
223,C:\Users\zzang\Desktop\workspace\Python\golf\src\golfdb-master\learning_video\golfdb_720p_slice\223.mp4,0,Address,20,mediapipe,True,163.21237290719614,174.95158820138883,-171.04632143076466,-178.4629111246165,-3.6167302375093815,,
223,C:\Users\zzang\Desktop\workspace\Python\golf\src\golfdb-master\learning_video\golfdb_720p_slice\223.mp4,1,Toe-up,35,mediapipe,True,153.91564791340363,155.24219707412567,161.55457482166,177.1395993064834,-0.22987708547014504,,
223,C:\Users\zzang\Desktop\workspace\Python\golf\src\golfdb-master\learning_video\golfdb_720p_slice\223.mp4,2,Mid-backswing,39,mediapipe,True,,148.3298516416854,164.66100157804505,176.86841372241204,0.010307206351772248,trail_elbow_angle,missing_features:trail_elbow_angle
223,C:\Users\zzang\Desktop\workspace\Python\golf\src\golfdb-master\learning_video\golfdb_720p_slice\223.mp4,3,Top,47,mediapipe,True,120.61808835410822,119.25258488134332,159.8933802080255,177.32980526757777,-1.0351035059288745,,
223,C:\Users\zzang\Desktop\workspace\Python\golf\src\golfdb-master\learning_video\golfdb_720p_slice\223.mp4,4,Mid-downswing,51,mediapipe,True,152.59377908718957,160.00653109212578,175.95066483334284,179.37591122294307,5.251168072772365,,
223,C:\Users\zzang\Desktop\workspace\Python\golf\src\golfdb-master\learning_video\golfdb_720p_slice\223.mp4,5,Impact,54,mediapipe,True,160.84627735174172,174.20787305074865,-149.55824628051468,-175.692433801183,17.89497876037486,,
223,C:\Users\zzang\Desktop\workspace\Python\golf\src\golfdb-master\learning_video\golfdb_720p_slice\223.mp4,6,Mid-follow-through,56,mediapipe,True,153.2593242629947,156.61680624653266,-141.04417815719904,-174.33214319626777,14.829268657742016,,
223,C:\Users\zzang\Desktop\workspace\Python\golf\src\golfdb-master\learning_video\golfdb_720p_slice\223.mp4,7,Finish,72,mediapipe,True,143.2906855935709,78.8041433757109,11.091106479863354,-179.48929038007944,5.593266889633414,,
224,C:\Users\zzang\Desktop\workspace\Python\golf\src\golfdb-master\learning_video\golfdb_720p_slice\224.mp4,0,Address,289,mediapipe,True,162.3532302188343,178.88327655239019,-166.61393043015778,-179.38879900557114,3.1845566745126237,,
224,C:\Users\zzang\Desktop\workspace\Python\golf\src\golfdb-master\learning_video\golfdb_720p_slice\224.mp4,1,Toe-up,303,mediapipe,True,150.96607053931234,150.24918206494482,166.21049934393056,-179.27757133865248,5.209191636532498,,
224,C:\Users\zzang\Desktop\workspace\Python\golf\src\golfdb-master\learning_video\golfdb_720p_slice\224.mp4,2,Mid-backswing,308,mediapipe,True,123.63662308168128,127.49743521863626,176.88489922055777,179.15472541471735,5.861902826956694,,
224,C:\Users\zzang\Desktop\workspace\Python\golf\src\golfdb-master\learning_video\golfdb_720p_slice\224.mp4,3,Top,314,mediapipe,True,,103.62259297970118,179.20340354242248,178.6441599753772,3.8271903767900195,trail_elbow_angle,missing_features:trail_elbow_angle
224,C:\Users\zzang\Desktop\workspace\Python\golf\src\golfdb-master\learning_video\golfdb_720p_slice\224.mp4,4,Mid-downswing,318,mediapipe,True,,162.67134159152909,-175.35038878331173,-178.41259707687448,8.076667267339513,trail_elbow_angle,missing_features:trail_elbow_angle
224,C:\Users\zzang\Desktop\workspace\Python\golf\src\golfdb-master\learning_video\golfdb_720p_slice\224.mp4,5,Impact,322,mediapipe,True,168.89561765034654,165.81101570517893,-133.11790878341407,-165.36271840378114,26.022417305277862,,
224,C:\Users\zzang\Desktop\workspace\Python\golf\src\golfdb-master\learning_video\golfdb_720p_slice\224.mp4,6,Mid-follow-through,323,mediapipe,True,173.096040312118,161.7019661819174,-147.55937379905012,-173.3490568464813,20.951748855177403,,
224,C:\Users\zzang\Desktop\workspace\Python\golf\src\golfdb-master\learning_video\golfdb_720p_slice\224.mp4,7,Finish,339,mediapipe,True,85.79254666544563,,-169.18797921126108,177.0499325977185,6.1928969428469305,lead_elbow_angle,missing_features:lead_elbow_angle
225,C:\Users\zzang\Desktop\workspace\Python\golf\src\golfdb-master\learning_video\golfdb_720p_slice\225.mp4,0,Address,2,mediapipe,True,163.47305473758146,176.54995584022484,-166.24869810657685,-178.45689137857715,4.108046997681818,,
225,C:\Users\zzang\Desktop\workspace\Python\golf\src\golfdb-master\learning_video\golfdb_720p_slice\225.mp4,1,Toe-up,17,mediapipe,True,148.7719960959096,155.7981276601042,164.09118672880226,179.83276193528613,4.65750346170432,,
225,C:\Users\zzang\Desktop\workspace\Python\golf\src\golfdb-master\learning_video\golfdb_720p_slice\225.mp4,2,Mid-backswing,21,mediapipe,True,,143.95688400838338,175.9011631365792,178.97933978594236,5.811216039889583,trail_elbow_angle,missing_features:trail_elbow_angle
225,C:\Users\zzang\Desktop\workspace\Python\golf\src\golfdb-master\learning_video\golfdb_720p_slice\225.mp4,3,Top,28,mediapipe,True,,104.9366298105407,173.72921276385503,178.6467324791596,4.292210909417317,trail_elbow_angle,missing_features:trail_elbow_angle
225,C:\Users\zzang\Desktop\workspace\Python\golf\src\golfdb-master\learning_video\golfdb_720p_slice\225.mp4,4,Mid-downswing,31,mediapipe,True,,151.80067112711347,-175.14810446646524,179.765619149495,4.451260431249262,trail_elbow_angle,missing_features:trail_elbow_angle
225,C:\Users\zzang\Desktop\workspace\Python\golf\src\golfdb-master\learning_video\golfdb_720p_slice\225.mp4,5,Impact,37,mediapipe,True,163.43541232629354,168.8562933472421,-153.48839435566595,-172.84701507197911,18.663292042446702,,
225,C:\Users\zzang\Desktop\workspace\Python\golf\src\golfdb-master\learning_video\golfdb_720p_slice\225.mp4,6,Mid-follow-through,43,mediapipe,True,164.77470794314414,164.69241036843528,-141.6716233045792,-171.88464373233055,23.574907201763775,,
225,C:\Users\zzang\Desktop\workspace\Python\golf\src\golfdb-master\learning_video\golfdb_720p_slice\225.mp4,7,Finish,104,mediapipe,True,81.09969935140569,5.353997159286316,-168.94210975751275,-177.61773620479778,9.276633497065683,,
226,C:\Users\zzang\Desktop\workspace\Python\golf\src\golfdb-master\learning_video\golfdb_720p_slice\226.mp4,0,Address,16,mediapipe,True,162.48820080840653,173.51271648633906,-169.98874057521175,-179.63242402091575,-3.0630879938549835,,
226,C:\Users\zzang\Desktop\workspace\Python\golf\src\golfdb-master\learning_video\golfdb_720p_slice\226.mp4,1,Toe-up,31,mediapipe,True,160.46466970769026,152.47543820681165,164.1674496180965,177.6214658327843,0.8224136104587846,,
226,C:\Users\zzang\Desktop\workspace\Python\golf\src\golfdb-master\learning_video\golfdb_720p_slice\226.mp4,2,Mid-backswing,36,mediapipe,True,129.92782476070252,143.98927690022086,168.3691593490719,177.08090271752005,-0.4074442416606586,,
226,C:\Users\zzang\Desktop\workspace\Python\golf\src\golfdb-master\learning_video\golfdb_720p_slice\226.mp4,3,Top,43,mediapipe,True,97.08927285686718,109.27505366129228,167.81420962157313,177.42081651042113,-1.9623780246671019,,
226,C:\Users\zzang\Desktop\workspace\Python\golf\src\golfdb-master\learning_video\golfdb_720p_slice\226.mp4,4,Mid-downswing,47,mediapipe,True,128.22771890664268,137.8582284737559,174.47755472386987,177.6937673142371,2.5815213045608383,,
226,C:\Users\zzang\Desktop\workspace\Python\golf\src\golfdb-master\learning_video\golfdb_720p_slice\226.mp4,5,Impact,51,mediapipe,True,161.86766460541764,166.1065747116878,-159.69355279003324,-174.86276040410755,13.882641850246683,,
226,C:\Users\zzang\Desktop\workspace\Python\golf\src\golfdb-master\learning_video\golfdb_720p_slice\226.mp4,6,Mid-follow-through,59,mediapipe,True,166.43177831616137,154.2854187010144,-147.64412881790102,-171.5388635994247,17.606919440517864,,
226,C:\Users\zzang\Desktop\workspace\Python\golf\src\golfdb-master\learning_video\golfdb_720p_slice\226.mp4,7,Finish,120,mediapipe,True,100.06293987266982,136.6378388775562,65.27172830867897,-172.6804850721262,5.037277832637521,,
229,C:\Users\zzang\Desktop\workspace\Python\golf\src\golfdb-master\learning_video\golfdb_720p_slice\229.mp4,0,Address,21,mediapipe,True,177.75144468112268,171.5435947610238,-169.0383168407959,-173.3971437892421,9.415584502240762,,
229,C:\Users\zzang\Desktop\workspace\Python\golf\src\golfdb-master\learning_video\golfdb_720p_slice\229.mp4,1,Toe-up,31,mediapipe,True,151.30439149645267,162.5311712163808,161.30460504888225,176.964656232808,10.729065170831094,,
229,C:\Users\zzang\Desktop\workspace\Python\golf\src\golfdb-master\learning_video\golfdb_720p_slice\229.mp4,2,Mid-backswing,35,mediapipe,True,,143.6048931483025,143.21611713571286,173.3159743739045,9.870571049171751,trail_elbow_angle,missing_features:trail_elbow_angle
229,C:\Users\zzang\Desktop\workspace\Python\golf\src\golfdb-master\learning_video\golfdb_720p_slice\229.mp4,3,Top,45,mediapipe,True,,88.78515993932788,-174.63381922759365,-177.99986388778976,7.870023517463384,trail_elbow_angle,missing_features:trail_elbow_angle
229,C:\Users\zzang\Desktop\workspace\Python\golf\src\golfdb-master\learning_video\golfdb_720p_slice\229.mp4,4,Mid-downswing,51,mediapipe,True,,157.71106139883517,167.76909445439316,179.61413456655296,7.212105302690279,trail_elbow_angle,missing_features:trail_elbow_angle
229,C:\Users\zzang\Desktop\workspace\Python\golf\src\golfdb-master\learning_video\golfdb_720p_slice\229.mp4,5,Impact,54,mediapipe,True,160.5521352815849,157.68510194498077,-150.6155003980112,-167.99723125865063,14.239435530421309,,
229,C:\Users\zzang\Desktop\workspace\Python\golf\src\golfdb-master\learning_video\golfdb_720p_slice\229.mp4,6,Mid-follow-through,56,mediapipe,True,173.93141136050454,164.64230885723077,-134.59685777703183,-169.89366124447957,18.568059580812207,,
229,C:\Users\zzang\Desktop\workspace\Python\golf\src\golfdb-master\learning_video\golfdb_720p_slice\229.mp4,7,Finish,82,mediapipe,True,,,8.704958578743938,-0.14657222657194152,3.7259367721023176,trail_elbow_angle|lead_elbow_angle,missing_features:trail_elbow_angle|lead_elbow_angle
230,C:\Users\zzang\Desktop\workspace\Python\golf\src\golfdb-master\learning_video\golfdb_720p_slice\230.mp4,0,Address,16,mediapipe,True,177.03568972690852,171.62513236559434,-169.10045594277483,-171.63823909686016,8.401817304115411,,
230,C:\Users\zzang\Desktop\workspace\Python\golf\src\golfdb-master\learning_video\golfdb_720p_slice\230.mp4,1,Toe-up,55,mediapipe,True,155.89654173796944,169.88241560237574,165.07901692329844,177.3612244524707,9.188907475341297,,
230,C:\Users\zzang\Desktop\workspace\Python\golf\src\golfdb-master\learning_video\golfdb_720p_slice\230.mp4,2,Mid-backswing,71,mediapipe,True,,149.76678723582145,154.26382949137098,174.1161668913939,8.788231093475327,trail_elbow_angle,missing_features:trail_elbow_angle
230,C:\Users\zzang\Desktop\workspace\Python\golf\src\golfdb-master\learning_video\golfdb_720p_slice\230.mp4,3,Top,118,mediapipe,True,,85.76751244548453,-171.0696024120641,-177.21387179042455,9.08005904093832,trail_elbow_angle,missing_features:trail_elbow_angle
230,C:\Users\zzang\Desktop\workspace\Python\golf\src\golfdb-master\learning_video\golfdb_720p_slice\230.mp4,4,Mid-downswing,135,mediapipe,True,,145.5530875199085,169.75289315974067,177.68810238211424,7.251941016220216,trail_elbow_angle,missing_features:trail_elbow_angle
230,C:\Users\zzang\Desktop\workspace\Python\golf\src\golfdb-master\learning_video\golfdb_720p_slice\230.mp4,5,Impact,148,mediapipe,True,161.13995457985914,158.59419011325758,-153.81534741900683,-170.95652353310146,16.9923743032786,,
230,C:\Users\zzang\Desktop\workspace\Python\golf\src\golfdb-master\learning_video\golfdb_720p_slice\230.mp4,6,Mid-follow-through,156,mediapipe,True,168.11584597806825,172.32640264446144,-135.0413220366996,-169.53801872226353,17.94049812232211,,
230,C:\Users\zzang\Desktop\workspace\Python\golf\src\golfdb-master\learning_video\golfdb_720p_slice\230.mp4,7,Finish,232,mediapipe,True,,57.84216161119222,7.591408427890538,-3.4544642183123955,3.4500634487264787,trail_elbow_angle,missing_features:trail_elbow_angle
231,C:\Users\zzang\Desktop\workspace\Python\golf\src\golfdb-master\learning_video\golfdb_720p_slice\231.mp4,0,Address,133,mediapipe,True,175.82434459685894,178.29898027345263,-168.1084905225766,-178.07401963897394,1.6972734879890883,,
231,C:\Users\zzang\Desktop\workspace\Python\golf\src\golfdb-master\learning_video\golfdb_720p_slice\231.mp4,1,Toe-up,154,mediapipe,True,165.80603511869526,174.4997251675206,158.03493530662135,176.04751953965786,3.6631269780221136,,
231,C:\Users\zzang\Desktop\workspace\Python\golf\src\golfdb-master\learning_video\golfdb_720p_slice\231.mp4,2,Mid-backswing,161,mediapipe,True,,159.93967557197539,140.54217998519331,175.70481336051978,1.9079345298693706,trail_elbow_angle,missing_features:trail_elbow_angle
231,C:\Users\zzang\Desktop\workspace\Python\golf\src\golfdb-master\learning_video\golfdb_720p_slice\231.mp4,3,Top,175,mediapipe,True,,101.40015230371807,173.0979977687305,177.1269260852444,3.1545265752745495,trail_elbow_angle,missing_features:trail_elbow_angle
231,C:\Users\zzang\Desktop\workspace\Python\golf\src\golfdb-master\learning_video\golfdb_720p_slice\231.mp4,4,Mid-downswing,181,mediapipe,True,,141.38435231245808,176.33706753420702,-175.1751256682276,6.119519795388783,trail_elbow_angle,missing_features:trail_elbow_angle
231,C:\Users\zzang\Desktop\workspace\Python\golf\src\golfdb-master\learning_video\golfdb_720p_slice\231.mp4,5,Impact,184,mediapipe,True,162.51561472664648,168.20212341427447,-157.6323649890758,-175.74441595656594,15.836290302875536,,
231,C:\Users\zzang\Desktop\workspace\Python\golf\src\golfdb-master\learning_video\golfdb_720p_slice\231.mp4,6,Mid-follow-through,187,mediapipe,True,152.50067148788088,157.5937283011527,-142.70733144474107,-170.13180961512762,23.37938891514438,,
231,C:\Users\zzang\Desktop\workspace\Python\golf\src\golfdb-master\learning_video\golfdb_720p_slice\231.mp4,7,Finish,209,mediapipe,True,104.62554836552941,56.43098282101428,4.525651500927882,-8.036079979938181,2.053851371712025,,
232,C:\Users\zzang\Desktop\workspace\Python\golf\src\golfdb-master\learning_video\golfdb_720p_slice\232.mp4,0,Address,22,mediapipe,True,178.90311528948604,178.97848305640835,-167.95081834745088,-177.99673837846723,1.3129987882759533,,
232,C:\Users\zzang\Desktop\workspace\Python\golf\src\golfdb-master\learning_video\golfdb_720p_slice\232.mp4,1,Toe-up,99,mediapipe,True,165.224342155055,177.64174844713858,160.84770415637934,176.55628414408096,4.25793152067883,,
232,C:\Users\zzang\Desktop\workspace\Python\golf\src\golfdb-master\learning_video\golfdb_720p_slice\232.mp4,2,Mid-backswing,129,mediapipe,True,,152.7577850696189,149.65088473654703,176.05768389168884,2.8685499776778722,trail_elbow_angle,missing_features:trail_elbow_angle
232,C:\Users\zzang\Desktop\workspace\Python\golf\src\golfdb-master\learning_video\golfdb_720p_slice\232.mp4,3,Top,184,mediapipe,True,,114.94903800393624,174.39182887918167,176.1027124760515,4.199900512434084,trail_elbow_angle,missing_features:trail_elbow_angle
232,C:\Users\zzang\Desktop\workspace\Python\golf\src\golfdb-master\learning_video\golfdb_720p_slice\232.mp4,4,Mid-downswing,207,mediapipe,True,,136.40225428247794,-179.77567191972793,-176.46674631255925,6.606117607472137,trail_elbow_angle,missing_features:trail_elbow_angle
232,C:\Users\zzang\Desktop\workspace\Python\golf\src\golfdb-master\learning_video\golfdb_720p_slice\232.mp4,5,Impact,220,mediapipe,True,163.22297537573345,168.52652450152573,-152.1001652789667,-174.95269264916817,16.61955801683449,,
232,C:\Users\zzang\Desktop\workspace\Python\golf\src\golfdb-master\learning_video\golfdb_720p_slice\232.mp4,6,Mid-follow-through,229,mediapipe,True,148.78748346464022,164.1428077341043,-144.79866212382802,-171.2364001598966,22.8980379669095,,
232,C:\Users\zzang\Desktop\workspace\Python\golf\src\golfdb-master\learning_video\golfdb_720p_slice\232.mp4,7,Finish,293,mediapipe,True,142.22190052906387,86.67826224816376,27.876738550521946,-178.4366109496733,5.998236495940342,,
237,C:\Users\zzang\Desktop\workspace\Python\golf\src\golfdb-master\learning_video\golfdb_720p_slice\237.mp4,0,Address,41,mediapipe,True,175.6445706867513,175.16042333499155,-169.0979549710933,-174.22117441715048,3.303334577122706,,
237,C:\Users\zzang\Desktop\workspace\Python\golf\src\golfdb-master\learning_video\golfdb_720p_slice\237.mp4,1,Toe-up,51,mediapipe,True,163.56590918860894,168.5461895996775,166.86718801249717,-178.84964946796785,1.952446393310051,,
237,C:\Users\zzang\Desktop\workspace\Python\golf\src\golfdb-master\learning_video\golfdb_720p_slice\237.mp4,2,Mid-backswing,55,mediapipe,True,,154.43526378771693,137.30668069229404,178.72830732340265,-1.187426098573809,trail_elbow_angle,missing_features:trail_elbow_angle
237,C:\Users\zzang\Desktop\workspace\Python\golf\src\golfdb-master\learning_video\golfdb_720p_slice\237.mp4,3,Top,61,mediapipe,True,,122.64116085151913,156.28333023205883,178.45335004349232,1.8716794419432194,trail_elbow_angle,missing_features:trail_elbow_angle
237,C:\Users\zzang\Desktop\workspace\Python\golf\src\golfdb-master\learning_video\golfdb_720p_slice\237.mp4,4,Mid-downswing,65,mediapipe,True,,141.38803845461297,158.68722056127478,178.05553168637084,5.119358042270913,trail_elbow_angle,missing_features:trail_elbow_angle
237,C:\Users\zzang\Desktop\workspace\Python\golf\src\golfdb-master\learning_video\golfdb_720p_slice\237.mp4,5,Impact,69,mediapipe,True,149.032060186539,179.80368049841653,-147.2054505986761,-170.5885075488355,20.741977841507133,,
237,C:\Users\zzang\Desktop\workspace\Python\golf\src\golfdb-master\learning_video\golfdb_720p_slice\237.mp4,6,Mid-follow-through,70,mediapipe,True,150.69039202436014,171.34207556979797,-136.75468099330558,-169.88141475402546,21.564705976316674,,
237,C:\Users\zzang\Desktop\workspace\Python\golf\src\golfdb-master\learning_video\golfdb_720p_slice\237.mp4,7,Finish,83,mediapipe,True,70.66643809933032,,-161.18070502736654,176.83332085120944,7.330532309118156,lead_elbow_angle,missing_features:lead_elbow_angle
238,C:\Users\zzang\Desktop\workspace\Python\golf\src\golfdb-master\learning_video\golfdb_720p_slice\238.mp4,0,Address,40,mediapipe,True,176.41065112024137,174.457816324768,-170.4052583973759,-174.18450778717894,2.4928446542244447,,
238,C:\Users\zzang\Desktop\workspace\Python\golf\src\golfdb-master\learning_video\golfdb_720p_slice\238.mp4,1,Toe-up,77,mediapipe,True,163.24320045057428,171.85648800326751,169.95345345165518,-178.2630631299918,2.639795437203662,,
238,C:\Users\zzang\Desktop\workspace\Python\golf\src\golfdb-master\learning_video\golfdb_720p_slice\238.mp4,2,Mid-backswing,93,mediapipe,True,,153.2196110022591,150.99540775705867,178.6054297729613,-1.518596081995323,trail_elbow_angle,missing_features:trail_elbow_angle
238,C:\Users\zzang\Desktop\workspace\Python\golf\src\golfdb-master\learning_video\golfdb_720p_slice\238.mp4,3,Top,121,mediapipe,True,,122.08312748275014,155.57364734358822,178.69334206591498,1.767247571152187,trail_elbow_angle,missing_features:trail_elbow_angle
238,C:\Users\zzang\Desktop\workspace\Python\golf\src\golfdb-master\learning_video\golfdb_720p_slice\238.mp4,4,Mid-downswing,133,mediapipe,True,,144.60068226703893,161.36165880220184,178.54701734831232,3.831981534178097,trail_elbow_angle,missing_features:trail_elbow_angle
238,C:\Users\zzang\Desktop\workspace\Python\golf\src\golfdb-master\learning_video\golfdb_720p_slice\238.mp4,5,Impact,147,mediapipe,True,156.4800143948728,175.81423148516095,-154.77215860944912,-177.68268874261378,19.548907650070525,,
238,C:\Users\zzang\Desktop\workspace\Python\golf\src\golfdb-master\learning_video\golfdb_720p_slice\238.mp4,6,Mid-follow-through,155,mediapipe,True,152.52427977344593,162.61177735841878,-123.89695848805356,-166.8741827033969,23.047280082628482,,
238,C:\Users\zzang\Desktop\workspace\Python\golf\src\golfdb-master\learning_video\golfdb_720p_slice\238.mp4,7,Finish,206,mediapipe,True,67.15369070046158,86.98670894373396,-173.28792544024762,177.25032141702755,8.741591153877623,,
244,C:\Users\zzang\Desktop\workspace\Python\golf\src\golfdb-master\learning_video\golfdb_720p_slice\244.mp4,0,Address,118,mediapipe,True,161.84697028373049,126.75589644905814,-173.2720550175245,178.95003325994102,-2.0238140059277274,,
244,C:\Users\zzang\Desktop\workspace\Python\golf\src\golfdb-master\learning_video\golfdb_720p_slice\244.mp4,1,Toe-up,146,mediapipe,True,172.08301280521516,122.54862331374176,173.28522912327966,175.72874078984344,-1.5139190595617462,,
244,C:\Users\zzang\Desktop\workspace\Python\golf\src\golfdb-master\learning_video\golfdb_720p_slice\244.mp4,2,Mid-backswing,156,mediapipe,True,139.41382974591795,114.40905207011167,178.2363467307001,178.71946426132115,-3.2617795439225636,,
244,C:\Users\zzang\Desktop\workspace\Python\golf\src\golfdb-master\learning_video\golfdb_720p_slice\244.mp4,3,Top,169,mediapipe,True,95.25508257851412,122.21660741504577,179.5667769565165,-177.88678521415736,4.544430109347176,,
244,C:\Users\zzang\Desktop\workspace\Python\golf\src\golfdb-master\learning_video\golfdb_720p_slice\244.mp4,4,Mid-downswing,172,mediapipe,True,129.26404214891102,65.93267321035405,-172.40386134715172,-178.27743503018368,3.725540890063068,,
244,C:\Users\zzang\Desktop\workspace\Python\golf\src\golfdb-master\learning_video\golfdb_720p_slice\244.mp4,5,Impact,176,mediapipe,True,142.96136040724417,138.45970983356418,-158.85867913316187,-177.21036590751237,6.8482642443569635,,
244,C:\Users\zzang\Desktop\workspace\Python\golf\src\golfdb-master\learning_video\golfdb_720p_slice\244.mp4,6,Mid-follow-through,178,mediapipe,True,139.0612879071843,,-148.69171312945767,-172.05949394595228,2.883676724686985,lead_elbow_angle,missing_features:lead_elbow_angle
244,C:\Users\zzang\Desktop\workspace\Python\golf\src\golfdb-master\learning_video\golfdb_720p_slice\244.mp4,7,Finish,200,mediapipe,True,50.411765386611954,,178.39564568552913,168.04649790857894,-3.1653761417364743,lead_elbow_angle,missing_features:lead_elbow_angle
248,C:\Users\zzang\Desktop\workspace\Python\golf\src\golfdb-master\learning_video\golfdb_720p_slice\248.mp4,0,Address,6,mediapipe,True,167.3813500987983,174.79016069808898,-171.7582615580812,-178.8628789672726,-1.7538627413085623,,
248,C:\Users\zzang\Desktop\workspace\Python\golf\src\golfdb-master\learning_video\golfdb_720p_slice\248.mp4,1,Toe-up,21,mediapipe,True,163.21781676784303,175.98326954964668,159.9735836740771,179.90901932849772,4.820269188224377,,
248,C:\Users\zzang\Desktop\workspace\Python\golf\src\golfdb-master\learning_video\golfdb_720p_slice\248.mp4,2,Mid-backswing,28,mediapipe,True,121.8814216290892,145.50530659483448,-179.6126265749505,-178.1257044687806,2.6210108322972046,,
248,C:\Users\zzang\Desktop\workspace\Python\golf\src\golfdb-master\learning_video\golfdb_720p_slice\248.mp4,3,Top,38,mediapipe,True,162.61551597478504,159.52150584013145,173.64662371737043,179.59537287080073,0.9369601047319049,,
248,C:\Users\zzang\Desktop\workspace\Python\golf\src\golfdb-master\learning_video\golfdb_720p_slice\248.mp4,4,Mid-downswing,42,mediapipe,True,,160.16243361540967,176.42485803016578,178.37372422076623,8.083045322734106,trail_elbow_angle,missing_features:trail_elbow_angle
248,C:\Users\zzang\Desktop\workspace\Python\golf\src\golfdb-master\learning_video\golfdb_720p_slice\248.mp4,5,Impact,45,mediapipe,True,155.6573609357037,169.79373331573368,-150.47076422687223,-175.34513862035456,14.03589364091299,,
248,C:\Users\zzang\Desktop\workspace\Python\golf\src\golfdb-master\learning_video\golfdb_720p_slice\248.mp4,6,Mid-follow-through,48,mediapipe,True,162.15721754802655,153.01083863354265,-141.00934476423714,-179.38787443948468,11.18606104378511,,
248,C:\Users\zzang\Desktop\workspace\Python\golf\src\golfdb-master\learning_video\golfdb_720p_slice\248.mp4,7,Finish,64,mediapipe,True,48.93580340380312,,179.9591151416756,168.5539253235826,5.7553157937325485,lead_elbow_angle,missing_features:lead_elbow_angle
249,C:\Users\zzang\Desktop\workspace\Python\golf\src\golfdb-master\learning_video\golfdb_720p_slice\249.mp4,0,Address,73,mediapipe,True,166.58484012632667,174.63609262425751,-171.62712601802252,-175.91585080530237,-0.7416880819024255,,
249,C:\Users\zzang\Desktop\workspace\Python\golf\src\golfdb-master\learning_video\golfdb_720p_slice\249.mp4,1,Toe-up,134,mediapipe,True,167.33043739288095,172.47767423735291,162.41612765171604,-179.4126054183024,5.783311928468875,,
249,C:\Users\zzang\Desktop\workspace\Python\golf\src\golfdb-master\learning_video\golfdb_720p_slice\249.mp4,2,Mid-backswing,161,mediapipe,True,,151.46539958720157,175.80081124813165,-179.14282541043485,1.2004097660156545,trail_elbow_angle,missing_features:trail_elbow_angle
249,C:\Users\zzang\Desktop\workspace\Python\golf\src\golfdb-master\learning_video\golfdb_720p_slice\249.mp4,3,Top,200,mediapipe,True,146.43268162065445,159.17017533836594,170.26209180941746,178.98926202948644,-1.1473058192543863,,
249,C:\Users\zzang\Desktop\workspace\Python\golf\src\golfdb-master\learning_video\golfdb_720p_slice\249.mp4,4,Mid-downswing,215,mediapipe,True,,150.22386998494002,176.58331700486352,175.23476079121303,3.172637530897964,trail_elbow_angle,missing_features:trail_elbow_angle
249,C:\Users\zzang\Desktop\workspace\Python\golf\src\golfdb-master\learning_video\golfdb_720p_slice\249.mp4,5,Impact,229,mediapipe,True,163.07982628343316,160.34101227663982,-153.82866831113122,-169.605708452532,13.987914460793744,,
249,C:\Users\zzang\Desktop\workspace\Python\golf\src\golfdb-master\learning_video\golfdb_720p_slice\249.mp4,6,Mid-follow-through,238,mediapipe,True,161.99137397350654,158.57010072665128,-142.50994562048731,-175.4659991371884,13.93945089736372,,
249,C:\Users\zzang\Desktop\workspace\Python\golf\src\golfdb-master\learning_video\golfdb_720p_slice\249.mp4,7,Finish,299,mediapipe,True,52.66037907993541,,177.57134808897686,169.73483867705545,4.5725654977238674,lead_elbow_angle,missing_features:lead_elbow_angle
256,C:\Users\zzang\Desktop\workspace\Python\golf\src\golfdb-master\learning_video\golfdb_720p_slice\256.mp4,0,Address,242,mediapipe,True,176.6331672207876,178.39645974076868,-167.12567938422757,177.61476396595322,2.0378218723482355,,
256,C:\Users\zzang\Desktop\workspace\Python\golf\src\golfdb-master\learning_video\golfdb_720p_slice\256.mp4,1,Toe-up,260,mediapipe,True,170.39808837418755,176.98506310584997,156.1425314003968,175.4870576097022,3.4915354067593056,,
256,C:\Users\zzang\Desktop\workspace\Python\golf\src\golfdb-master\learning_video\golfdb_720p_slice\256.mp4,2,Mid-backswing,268,mediapipe,True,,163.6164156629385,138.52572184673252,174.34859957264047,4.111341467252263,trail_elbow_angle,missing_features:trail_elbow_angle
256,C:\Users\zzang\Desktop\workspace\Python\golf\src\golfdb-master\learning_video\golfdb_720p_slice\256.mp4,3,Top,282,mediapipe,True,,108.52042296768414,175.26775277374244,177.91318033957523,3.4173323214393894,trail_elbow_angle,missing_features:trail_elbow_angle
256,C:\Users\zzang\Desktop\workspace\Python\golf\src\golfdb-master\learning_video\golfdb_720p_slice\256.mp4,4,Mid-downswing,287,mediapipe,True,,131.61228792961637,175.9654230034375,-178.09270907758352,6.776700083361288,trail_elbow_angle,missing_features:trail_elbow_angle
256,C:\Users\zzang\Desktop\workspace\Python\golf\src\golfdb-master\learning_video\golfdb_720p_slice\256.mp4,5,Impact,291,mediapipe,True,158.51235622338044,173.01333342520786,-146.5493965656572,-170.94439276981316,19.39211242333332,,
256,C:\Users\zzang\Desktop\workspace\Python\golf\src\golfdb-master\learning_video\golfdb_720p_slice\256.mp4,6,Mid-follow-through,293,mediapipe,True,154.78644061872106,159.74558097652678,-148.3494522428228,-170.98524865846716,22.4505834333402,,
256,C:\Users\zzang\Desktop\workspace\Python\golf\src\golfdb-master\learning_video\golfdb_720p_slice\256.mp4,7,Finish,316,mediapipe,True,113.29375122585836,61.756595720848075,2.545915535005031,-144.11017925808193,2.5777114630986038,,
257,C:\Users\zzang\Desktop\workspace\Python\golf\src\golfdb-master\learning_video\golfdb_720p_slice\257.mp4,0,Address,44,mediapipe,True,167.19717101225248,173.89756016935533,-162.4973282364794,-172.14087249605305,11.535317554862255,,
257,C:\Users\zzang\Desktop\workspace\Python\golf\src\golfdb-master\learning_video\golfdb_720p_slice\257.mp4,1,Toe-up,55,mediapipe,True,154.12908174904683,174.1028806988721,-178.1057893376135,-176.1892938773363,11.067408676005435,,
257,C:\Users\zzang\Desktop\workspace\Python\golf\src\golfdb-master\learning_video\golfdb_720p_slice\257.mp4,2,Mid-backswing,60,mediapipe,True,138.56316291587652,155.1781848635738,169.98714602965075,-179.51263043808157,10.074566794500601,,
257,C:\Users\zzang\Desktop\workspace\Python\golf\src\golfdb-master\learning_video\golfdb_720p_slice\257.mp4,3,Top,67,mediapipe,True,158.08775807183693,113.12491133087428,176.21872998308874,-172.26683339839005,15.245807148351233,,
257,C:\Users\zzang\Desktop\workspace\Python\golf\src\golfdb-master\learning_video\golfdb_720p_slice\257.mp4,4,Mid-downswing,70,mediapipe,True,,155.49131532770852,-179.8963248836726,-175.0251954386279,15.709390663927248,trail_elbow_angle,missing_features:trail_elbow_angle
257,C:\Users\zzang\Desktop\workspace\Python\golf\src\golfdb-master\learning_video\golfdb_720p_slice\257.mp4,5,Impact,74,mediapipe,True,162.69084917434847,167.6328187347139,-40.42761519428659,57.91631298418381,26.275556034384376,,
257,C:\Users\zzang\Desktop\workspace\Python\golf\src\golfdb-master\learning_video\golfdb_720p_slice\257.mp4,6,Mid-follow-through,76,mediapipe,True,140.11890038582897,166.1107233741358,-133.97521819074427,-171.96200047463998,22.41154266260895,,
257,C:\Users\zzang\Desktop\workspace\Python\golf\src\golfdb-master\learning_video\golfdb_720p_slice\257.mp4,7,Finish,96,mediapipe,True,48.54645072033717,2.345568735031977,-161.21599024279413,-177.96874792984912,6.535585651754226,,
258,C:\Users\zzang\Desktop\workspace\Python\golf\src\golfdb-master\learning_video\golfdb_720p_slice\258.mp4,0,Address,3,mediapipe,True,179.06070295855645,175.22694087308332,-170.5445528561033,178.8576326351486,1.4099298870453456,,
258,C:\Users\zzang\Desktop\workspace\Python\golf\src\golfdb-master\learning_video\golfdb_720p_slice\258.mp4,1,Toe-up,74,mediapipe,True,168.8140522080339,179.8685179011186,155.86789875794295,177.33624928635194,4.8411294726143055,,
258,C:\Users\zzang\Desktop\workspace\Python\golf\src\golfdb-master\learning_video\golfdb_720p_slice\258.mp4,2,Mid-backswing,104,mediapipe,True,,166.49882290847884,132.37151441462402,173.18020802662653,2.842032476573272,trail_elbow_angle,missing_features:trail_elbow_angle
258,C:\Users\zzang\Desktop\workspace\Python\golf\src\golfdb-master\learning_video\golfdb_720p_slice\258.mp4,3,Top,163,mediapipe,True,,134.92635478223877,172.49249464086503,176.80179442150856,3.437933367193688,trail_elbow_angle,missing_features:trail_elbow_angle
258,C:\Users\zzang\Desktop\workspace\Python\golf\src\golfdb-master\learning_video\golfdb_720p_slice\258.mp4,4,Mid-downswing,184,mediapipe,True,,141.01122661439308,-178.34253813933458,-175.72990863812083,6.020423634060661,trail_elbow_angle,missing_features:trail_elbow_angle
258,C:\Users\zzang\Desktop\workspace\Python\golf\src\golfdb-master\learning_video\golfdb_720p_slice\258.mp4,5,Impact,196,mediapipe,True,169.15921249423687,174.29885544458736,-154.42312459712448,-178.25270412793583,18.335103794077853,,
258,C:\Users\zzang\Desktop\workspace\Python\golf\src\golfdb-master\learning_video\golfdb_720p_slice\258.mp4,6,Mid-follow-through,206,mediapipe,True,144.20733944003044,161.36110824242905,-144.72837551633634,-168.44958032224005,22.061999198999995,,
258,C:\Users\zzang\Desktop\workspace\Python\golf\src\golfdb-master\learning_video\golfdb_720p_slice\258.mp4,7,Finish,277,mediapipe,True,123.75684812712218,74.32272300272417,4.475720823798216,-151.73110991359604,3.118964589244475,,
259,C:\Users\zzang\Desktop\workspace\Python\golf\src\golfdb-master\learning_video\golfdb_720p_slice\259.mp4,0,Address,47,mediapipe,True,167.37508458186318,174.15997402384951,-163.44687682757692,-173.77807313426885,9.713182628284057,,
259,C:\Users\zzang\Desktop\workspace\Python\golf\src\golfdb-master\learning_video\golfdb_720p_slice\259.mp4,1,Toe-up,89,mediapipe,True,152.25761870460917,178.19873520160758,178.05319451113027,-175.4219680056925,10.95548736248894,,
259,C:\Users\zzang\Desktop\workspace\Python\golf\src\golfdb-master\learning_video\golfdb_720p_slice\259.mp4,2,Mid-backswing,112,mediapipe,True,132.57805498298774,165.15975184149636,178.10718059884692,-176.76850884565727,10.251163060814001,,
259,C:\Users\zzang\Desktop\workspace\Python\golf\src\golfdb-master\learning_video\golfdb_720p_slice\259.mp4,3,Top,137,mediapipe,True,154.5604981533595,125.78127814304015,176.60392865345267,-171.96252175591445,15.314742235991972,,
259,C:\Users\zzang\Desktop\workspace\Python\golf\src\golfdb-master\learning_video\golfdb_720p_slice\259.mp4,4,Mid-downswing,149,mediapipe,True,,152.7854172802918,170.36210936974902,-177.27499806223975,16.876853493075238,trail_elbow_angle,missing_features:trail_elbow_angle
259,C:\Users\zzang\Desktop\workspace\Python\golf\src\golfdb-master\learning_video\golfdb_720p_slice\259.mp4,5,Impact,164,mediapipe,True,165.6335437601684,170.91138464803342,-137.64038968632528,-169.77550421740568,23.73061461888877,,
259,C:\Users\zzang\Desktop\workspace\Python\golf\src\golfdb-master\learning_video\golfdb_720p_slice\259.mp4,6,Mid-follow-through,172,mediapipe,True,161.16036632063918,155.22648560552537,-133.00128049737597,-171.98323890266605,27.828506550717314,,
259,C:\Users\zzang\Desktop\workspace\Python\golf\src\golfdb-master\learning_video\golfdb_720p_slice\259.mp4,7,Finish,245,mediapipe,True,44.84480325032768,,-163.26036595547507,-176.94091540543178,6.327079767318338,lead_elbow_angle,missing_features:lead_elbow_angle
268,C:\Users\zzang\Desktop\workspace\Python\golf\src\golfdb-master\learning_video\golfdb_720p_slice\268.mp4,0,Address,48,mediapipe,True,179.27074193323668,178.60254938507447,-163.61963923182356,-173.4119525834189,4.529441181233181,,
268,C:\Users\zzang\Desktop\workspace\Python\golf\src\golfdb-master\learning_video\golfdb_720p_slice\268.mp4,1,Toe-up,61,mediapipe,True,165.71881546954896,166.79727374016602,176.91467475337018,-173.8714972156359,10.31461508685727,,
268,C:\Users\zzang\Desktop\workspace\Python\golf\src\golfdb-master\learning_video\golfdb_720p_slice\268.mp4,2,Mid-backswing,65,mediapipe,True,,158.55792341352537,168.88380471692176,-177.6912119127755,11.011326572498497,trail_elbow_angle,missing_features:trail_elbow_angle
268,C:\Users\zzang\Desktop\workspace\Python\golf\src\golfdb-master\learning_video\golfdb_720p_slice\268.mp4,3,Top,75,mediapipe,True,,60.16451674632799,179.0765484187371,-176.29165066861802,8.640262263453936,trail_elbow_angle,missing_features:trail_elbow_angle
268,C:\Users\zzang\Desktop\workspace\Python\golf\src\golfdb-master\learning_video\golfdb_720p_slice\268.mp4,4,Mid-downswing,80,mediapipe,True,,141.9405618808064,166.21912539473539,-175.47597811696022,8.219816254925979,trail_elbow_angle,missing_features:trail_elbow_angle
268,C:\Users\zzang\Desktop\workspace\Python\golf\src\golfdb-master\learning_video\golfdb_720p_slice\268.mp4,5,Impact,84,mediapipe,True,166.07299254025617,171.33250506586143,-145.21904314454983,-171.50810439458766,10.676034372698476,,
268,C:\Users\zzang\Desktop\workspace\Python\golf\src\golfdb-master\learning_video\golfdb_720p_slice\268.mp4,6,Mid-follow-through,86,mediapipe,True,160.7207566485566,,-101.94522044282225,-156.39944082823553,12.722160491835844,lead_elbow_angle,missing_features:lead_elbow_angle
268,C:\Users\zzang\Desktop\workspace\Python\golf\src\golfdb-master\learning_video\golfdb_720p_slice\268.mp4,7,Finish,106,mediapipe,True,59.71918974570125,,-162.37774863107717,179.79269885281795,2.0777504805747977,lead_elbow_angle,missing_features:lead_elbow_angle
272,C:\Users\zzang\Desktop\workspace\Python\golf\src\golfdb-master\learning_video\golfdb_720p_slice\272.mp4,0,Address,36,mediapipe,True,177.47772496831547,178.4561648697626,-171.52810434994788,-178.63277157242092,-0.3542838609973068,,
272,C:\Users\zzang\Desktop\workspace\Python\golf\src\golfdb-master\learning_video\golfdb_720p_slice\272.mp4,1,Toe-up,101,mediapipe,True,170.6926835916456,171.24110280104296,172.47012288720774,179.04952668998476,3.909205642186854,,
272,C:\Users\zzang\Desktop\workspace\Python\golf\src\golfdb-master\learning_video\golfdb_720p_slice\272.mp4,2,Mid-backswing,126,mediapipe,True,,160.26582745010566,150.6194003083791,178.8739550122292,2.7053248775830765,trail_elbow_angle,missing_features:trail_elbow_angle
272,C:\Users\zzang\Desktop\workspace\Python\golf\src\golfdb-master\learning_video\golfdb_720p_slice\272.mp4,3,Top,164,mediapipe,True,144.90171470971268,96.2443955436249,-176.9067421303286,179.95339455436627,2.7574815199591947,,
272,C:\Users\zzang\Desktop\workspace\Python\golf\src\golfdb-master\learning_video\golfdb_720p_slice\272.mp4,4,Mid-downswing,179,mediapipe,True,179.1919590044037,149.69755032222812,177.5919311853467,-177.68265198779721,12.866913299340771,,
272,C:\Users\zzang\Desktop\workspace\Python\golf\src\golfdb-master\learning_video\golfdb_720p_slice\272.mp4,5,Impact,192,mediapipe,True,178.97666821456409,153.4900454803295,-153.65245179187127,-170.85808962385795,20.58869973482236,,
272,C:\Users\zzang\Desktop\workspace\Python\golf\src\golfdb-master\learning_video\golfdb_720p_slice\272.mp4,6,Mid-follow-through,202,mediapipe,True,176.78755041887314,162.0855195398772,-127.97843615969738,-168.40099851552873,21.259811959837773,,
272,C:\Users\zzang\Desktop\workspace\Python\golf\src\golfdb-master\learning_video\golfdb_720p_slice\272.mp4,7,Finish,277,mediapipe,True,144.9906367399329,43.51962551638674,1.0186224741594294,-170.45711957103063,-3.4101098117255417,,
273,C:\Users\zzang\Desktop\workspace\Python\golf\src\golfdb-master\learning_video\golfdb_720p_slice\273.mp4,0,Address,21,mediapipe,True,166.66976404301525,173.20363585304978,-170.14275731314106,-173.65562776293993,3.8816335639323776,,
273,C:\Users\zzang\Desktop\workspace\Python\golf\src\golfdb-master\learning_video\golfdb_720p_slice\273.mp4,1,Toe-up,32,mediapipe,True,115.55656648569123,146.2069828229414,176.44448832916862,-176.16587581784847,8.473607958220683,,
273,C:\Users\zzang\Desktop\workspace\Python\golf\src\golfdb-master\learning_video\golfdb_720p_slice\273.mp4,2,Mid-backswing,36,mediapipe,True,129.03422753186743,81.22808854712733,-165.65620599583065,-177.62228917220912,5.9446566207648015,,
273,C:\Users\zzang\Desktop\workspace\Python\golf\src\golfdb-master\learning_video\golfdb_720p_slice\273.mp4,3,Top,45,mediapipe,True,,150.82928262744332,-171.5512871765299,-172.02473771176236,8.77730772769854,trail_elbow_angle,missing_features:trail_elbow_angle
273,C:\Users\zzang\Desktop\workspace\Python\golf\src\golfdb-master\learning_video\golfdb_720p_slice\273.mp4,4,Mid-downswing,48,mediapipe,True,,139.093805916509,172.57330784005762,-179.63949379168116,14.189203845385347,trail_elbow_angle,missing_features:trail_elbow_angle
273,C:\Users\zzang\Desktop\workspace\Python\golf\src\golfdb-master\learning_video\golfdb_720p_slice\273.mp4,5,Impact,52,mediapipe,True,145.56344060743064,171.70773532959024,-144.87780792076887,-170.93581537188723,22.68875483543148,,
273,C:\Users\zzang\Desktop\workspace\Python\golf\src\golfdb-master\learning_video\golfdb_720p_slice\273.mp4,6,Mid-follow-through,54,mediapipe,True,170.61611501098184,157.7073202839321,-139.02180985726775,-164.95438588012175,26.06334215643913,,
273,C:\Users\zzang\Desktop\workspace\Python\golf\src\golfdb-master\learning_video\golfdb_720p_slice\273.mp4,7,Finish,72,mediapipe,True,49.83232595375679,18.85717565062442,-172.12477793735755,-169.75893938738008,8.33232546619851,,
274,C:\Users\zzang\Desktop\workspace\Python\golf\src\golfdb-master\learning_video\golfdb_720p_slice\274.mp4,0,Address,10,mediapipe,True,163.82816846687814,171.19950099378232,-170.58933345412484,-176.135149518241,5.181428563162372,,
274,C:\Users\zzang\Desktop\workspace\Python\golf\src\golfdb-master\learning_video\golfdb_720p_slice\274.mp4,1,Toe-up,54,mediapipe,True,148.09473185578065,159.67265089971687,172.95579811142957,-178.77203699817446,7.4998407339931505,,
274,C:\Users\zzang\Desktop\workspace\Python\golf\src\golfdb-master\learning_video\golfdb_720p_slice\274.mp4,2,Mid-backswing,68,mediapipe,True,148.11476333577906,150.17741052477788,175.15393918010264,178.81319331996522,4.88539911706263,,
274,C:\Users\zzang\Desktop\workspace\Python\golf\src\golfdb-master\learning_video\golfdb_720p_slice\274.mp4,3,Top,105,mediapipe,True,,102.92429058984142,-173.55063979316023,-174.39387268412025,7.111218213399934,trail_elbow_angle,missing_features:trail_elbow_angle
274,C:\Users\zzang\Desktop\workspace\Python\golf\src\golfdb-master\learning_video\golfdb_720p_slice\274.mp4,4,Mid-downswing,119,mediapipe,True,,143.55692442144567,175.54575887104318,178.1603022774078,13.559761318591471,trail_elbow_angle,missing_features:trail_elbow_angle
274,C:\Users\zzang\Desktop\workspace\Python\golf\src\golfdb-master\learning_video\golfdb_720p_slice\274.mp4,5,Impact,133,mediapipe,True,150.4096630136384,160.68124192999267,-145.61160601521473,-171.20932240884622,24.694273854238126,,
274,C:\Users\zzang\Desktop\workspace\Python\golf\src\golfdb-master\learning_video\golfdb_720p_slice\274.mp4,6,Mid-follow-through,140,mediapipe,True,164.88668240763428,154.48311157814152,-136.9310528034726,-166.06595309503555,27.51340629337719,,
274,C:\Users\zzang\Desktop\workspace\Python\golf\src\golfdb-master\learning_video\golfdb_720p_slice\274.mp4,7,Finish,216,mediapipe,True,54.352400111954935,32.49386925534786,-173.01722848269515,-159.11508391879002,4.548669722780254,,
275,C:\Users\zzang\Desktop\workspace\Python\golf\src\golfdb-master\learning_video\golfdb_720p_slice\275.mp4,0,Address,17,mediapipe,True,163.710041136781,178.3318104984717,-173.121301250412,-178.11473669092976,0.9282051190651878,,
275,C:\Users\zzang\Desktop\workspace\Python\golf\src\golfdb-master\learning_video\golfdb_720p_slice\275.mp4,1,Toe-up,36,mediapipe,True,167.6832636851618,170.75063331959473,161.292802012475,179.59139307623187,3.882641452775516,,
275,C:\Users\zzang\Desktop\workspace\Python\golf\src\golfdb-master\learning_video\golfdb_720p_slice\275.mp4,2,Mid-backswing,43,mediapipe,True,142.9620857752072,148.34932717363372,151.076362057902,177.20869695961386,4.723032991737522,,
275,C:\Users\zzang\Desktop\workspace\Python\golf\src\golfdb-master\learning_video\golfdb_720p_slice\275.mp4,3,Top,54,mediapipe,True,148.13109183629223,127.51915478263496,177.91006945677609,-178.93656475165292,3.260187186571021,,
275,C:\Users\zzang\Desktop\workspace\Python\golf\src\golfdb-master\learning_video\golfdb_720p_slice\275.mp4,4,Mid-downswing,60,mediapipe,True,126.14583101322873,146.99590657197692,-170.91432910934384,-174.13685758856468,6.781593234517512,,
275,C:\Users\zzang\Desktop\workspace\Python\golf\src\golfdb-master\learning_video\golfdb_720p_slice\275.mp4,5,Impact,63,mediapipe,True,148.22237932228074,176.52482230900804,-152.3258701509539,-175.49004442677392,14.559118523262502,,
275,C:\Users\zzang\Desktop\workspace\Python\golf\src\golfdb-master\learning_video\golfdb_720p_slice\275.mp4,6,Mid-follow-through,65,mediapipe,True,160.07723778495583,16.28686581457086,-146.51358148618488,-171.66962789732798,16.931725404849267,,
275,C:\Users\zzang\Desktop\workspace\Python\golf\src\golfdb-master\learning_video\golfdb_720p_slice\275.mp4,7,Finish,89,mediapipe,True,120.9803087386681,89.93360381566974,87.39738147297138,-179.10191971777664,-1.1046899129332552,,
276,C:\Users\zzang\Desktop\workspace\Python\golf\src\golfdb-master\learning_video\golfdb_720p_slice\276.mp4,0,Address,16,mediapipe,True,170.22440665327957,171.20772297164143,-171.81415307498978,-179.13382929864426,-5.805858776410819,,
276,C:\Users\zzang\Desktop\workspace\Python\golf\src\golfdb-master\learning_video\golfdb_720p_slice\276.mp4,1,Toe-up,42,mediapipe,True,164.4264772225014,175.10934606552382,173.23536207719414,179.29718771230313,-3.279066798307476,,
276,C:\Users\zzang\Desktop\workspace\Python\golf\src\golfdb-master\learning_video\golfdb_720p_slice\276.mp4,2,Mid-backswing,56,mediapipe,True,,152.8306039352802,175.65273552503544,-179.2083727556361,-0.5015990549595449,trail_elbow_angle,missing_features:trail_elbow_angle
276,C:\Users\zzang\Desktop\workspace\Python\golf\src\golfdb-master\learning_video\golfdb_720p_slice\276.mp4,3,Top,70,mediapipe,True,149.08464671620987,137.2709288261311,-176.74102615227133,-174.1636255221336,5.664509585525895,,
276,C:\Users\zzang\Desktop\workspace\Python\golf\src\golfdb-master\learning_video\golfdb_720p_slice\276.mp4,4,Mid-downswing,74,mediapipe,True,,151.3632974394031,-165.10137066656617,-174.52169662877677,8.907701700878938,trail_elbow_angle,missing_features:trail_elbow_angle
276,C:\Users\zzang\Desktop\workspace\Python\golf\src\golfdb-master\learning_video\golfdb_720p_slice\276.mp4,5,Impact,77,mediapipe,True,148.05812208374877,173.7550143846193,-153.46139374485753,-174.40840988695774,13.211536844059566,,
276,C:\Users\zzang\Desktop\workspace\Python\golf\src\golfdb-master\learning_video\golfdb_720p_slice\276.mp4,6,Mid-follow-through,80,mediapipe,True,168.92605244030366,159.1319188891658,-142.6410439393588,-173.67597474613206,5.598391463217731,,
276,C:\Users\zzang\Desktop\workspace\Python\golf\src\golfdb-master\learning_video\golfdb_720p_slice\276.mp4,7,Finish,106,mediapipe,True,54.58339676103617,,-174.2041714757067,167.46900755043367,2.0568271864131167,lead_elbow_angle,missing_features:lead_elbow_angle
277,C:\Users\zzang\Desktop\workspace\Python\golf\src\golfdb-master\learning_video\golfdb_720p_slice\277.mp4,0,Address,30,mediapipe,True,166.14878770372286,176.73492052939233,-172.1600268652701,-176.03076151456082,0.7083053580751039,,
277,C:\Users\zzang\Desktop\workspace\Python\golf\src\golfdb-master\learning_video\golfdb_720p_slice\277.mp4,1,Toe-up,100,mediapipe,True,170.75620386121602,169.36475228810835,162.77768731109268,179.53688217358936,4.769931829577982,,
277,C:\Users\zzang\Desktop\workspace\Python\golf\src\golfdb-master\learning_video\golfdb_720p_slice\277.mp4,2,Mid-backswing,129,mediapipe,True,156.9679071256061,155.93150523089028,151.53993282363467,178.06619610514485,4.907881814352174,,
277,C:\Users\zzang\Desktop\workspace\Python\golf\src\golfdb-master\learning_video\golfdb_720p_slice\277.mp4,3,Top,175,mediapipe,True,146.54192208761685,179.752350060809,175.17664260202693,-178.61063713438594,1.3065779436077953,,
277,C:\Users\zzang\Desktop\workspace\Python\golf\src\golfdb-master\learning_video\golfdb_720p_slice\277.mp4,4,Mid-downswing,197,mediapipe,True,108.02791330123122,143.9870983909266,178.10872592522637,-178.63530211362155,1.6937350943865872,,
277,C:\Users\zzang\Desktop\workspace\Python\golf\src\golfdb-master\learning_video\golfdb_720p_slice\277.mp4,5,Impact,210,mediapipe,True,157.92745549485986,172.46828128052428,-144.4482768725553,-172.1432963208655,15.463417824672756,,
277,C:\Users\zzang\Desktop\workspace\Python\golf\src\golfdb-master\learning_video\golfdb_720p_slice\277.mp4,6,Mid-follow-through,219,mediapipe,True,159.45563310412592,165.28471082119054,-140.76338234593086,-171.80888549751708,17.36189069033402,,
277,C:\Users\zzang\Desktop\workspace\Python\golf\src\golfdb-master\learning_video\golfdb_720p_slice\277.mp4,7,Finish,294,mediapipe,True,116.2151500404633,50.7554326062814,4.673909145175268,-20.493163482316398,0.9232397355683658,,
278,C:\Users\zzang\Desktop\workspace\Python\golf\src\golfdb-master\learning_video\golfdb_720p_slice\278.mp4,0,Address,5,mediapipe,True,168.44666966039605,168.92136145450095,-174.52880243834977,-178.54363568246725,-5.446017885397212,,
278,C:\Users\zzang\Desktop\workspace\Python\golf\src\golfdb-master\learning_video\golfdb_720p_slice\278.mp4,1,Toe-up,108,mediapipe,True,167.7166211104738,177.94073515244307,172.1076346691528,178.94211501435993,-2.9668272416239048,,
278,C:\Users\zzang\Desktop\workspace\Python\golf\src\golfdb-master\learning_video\golfdb_720p_slice\278.mp4,2,Mid-backswing,160,mediapipe,True,,156.80542592036295,170.32185487907944,179.5169327817381,-1.4420723066487118,trail_elbow_angle,missing_features:trail_elbow_angle
278,C:\Users\zzang\Desktop\workspace\Python\golf\src\golfdb-master\learning_video\golfdb_720p_slice\278.mp4,3,Top,214,mediapipe,True,,138.89904473727904,172.0353276510779,-175.633153343232,2.8993817390190513,trail_elbow_angle,missing_features:trail_elbow_angle
278,C:\Users\zzang\Desktop\workspace\Python\golf\src\golfdb-master\learning_video\golfdb_720p_slice\278.mp4,4,Mid-downswing,233,mediapipe,True,,153.57241039890803,-169.07705191985437,-177.06075983521362,4.520892696003367,trail_elbow_angle,missing_features:trail_elbow_angle
278,C:\Users\zzang\Desktop\workspace\Python\golf\src\golfdb-master\learning_video\golfdb_720p_slice\278.mp4,5,Impact,248,mediapipe,True,141.8703602233532,168.60061490235432,-157.80883010844764,-173.77619245516703,13.502097077220517,,
278,C:\Users\zzang\Desktop\workspace\Python\golf\src\golfdb-master\learning_video\golfdb_720p_slice\278.mp4,6,Mid-follow-through,257,mediapipe,True,175.05442504823773,166.72218514845687,-154.59125482888115,-171.94047738728324,9.858703643093563,,
278,C:\Users\zzang\Desktop\workspace\Python\golf\src\golfdb-master\learning_video\golfdb_720p_slice\278.mp4,7,Finish,358,mediapipe,True,57.8689766286268,,-174.29235302898292,170.96330922110744,2.908537941168621,lead_elbow_angle,missing_features:lead_elbow_angle
280,C:\Users\zzang\Desktop\workspace\Python\golf\src\golfdb-master\learning_video\golfdb_720p_slice\280.mp4,0,Address,40,mediapipe,True,172.22405869041714,178.249970715517,-172.91626243659127,-178.9347308853765,-1.3969100465601916,,
280,C:\Users\zzang\Desktop\workspace\Python\golf\src\golfdb-master\learning_video\golfdb_720p_slice\280.mp4,1,Toe-up,101,mediapipe,True,167.125591927183,173.52806633260317,169.62885432767948,-179.72453865683264,3.7194333297583264,,
280,C:\Users\zzang\Desktop\workspace\Python\golf\src\golfdb-master\learning_video\golfdb_720p_slice\280.mp4,2,Mid-backswing,122,mediapipe,True,156.27576308639854,158.93714623466784,147.2622400549477,176.38678456483882,7.502912594653607,,
280,C:\Users\zzang\Desktop\workspace\Python\golf\src\golfdb-master\learning_video\golfdb_720p_slice\280.mp4,3,Top,161,mediapipe,True,156.44721602563342,134.5870757625416,177.4047595617567,-176.19938916189952,6.89192350006627,,
280,C:\Users\zzang\Desktop\workspace\Python\golf\src\golfdb-master\learning_video\golfdb_720p_slice\280.mp4,4,Mid-downswing,187,mediapipe,True,56.252546738712205,148.9941820524799,-176.03994140652551,-174.63286235210435,9.666684755157904,,
280,C:\Users\zzang\Desktop\workspace\Python\golf\src\golfdb-master\learning_video\golfdb_720p_slice\280.mp4,5,Impact,202,mediapipe,True,160.92298574569014,177.9327909127317,-145.89365818685505,-171.72117411230937,13.351860847073727,,
280,C:\Users\zzang\Desktop\workspace\Python\golf\src\golfdb-master\learning_video\golfdb_720p_slice\280.mp4,6,Mid-follow-through,210,mediapipe,True,157.3318478544781,156.62822652837818,-139.0791154735826,-174.2121883323561,13.72693558377128,,
280,C:\Users\zzang\Desktop\workspace\Python\golf\src\golfdb-master\learning_video\golfdb_720p_slice\280.mp4,7,Finish,276,mediapipe,True,93.16196129783108,171.56785544023813,-172.5375561413452,-179.9156656847466,6.280684544199838,,
283,C:\Users\zzang\Desktop\workspace\Python\golf\src\golfdb-master\learning_video\golfdb_720p_slice\283.mp4,0,Address,28,mediapipe,True,168.83578390504832,162.2238712393297,-174.200666672162,-178.92011152527726,0.5983594491799306,,
283,C:\Users\zzang\Desktop\workspace\Python\golf\src\golfdb-master\learning_video\golfdb_720p_slice\283.mp4,1,Toe-up,56,mediapipe,True,147.93337415979687,167.31066491422092,170.48660374597173,177.45620128861955,-0.4883598864442204,,
283,C:\Users\zzang\Desktop\workspace\Python\golf\src\golfdb-master\learning_video\golfdb_720p_slice\283.mp4,2,Mid-backswing,66,mediapipe,True,,137.35215894080278,175.35224374130019,-179.29311971199485,1.6232141262189324,trail_elbow_angle,missing_features:trail_elbow_angle
283,C:\Users\zzang\Desktop\workspace\Python\golf\src\golfdb-master\learning_video\golfdb_720p_slice\283.mp4,3,Top,81,mediapipe,True,,128.9153847832008,177.66504437454782,-175.9263499888535,3.2102619372875183,trail_elbow_angle,missing_features:trail_elbow_angle
283,C:\Users\zzang\Desktop\workspace\Python\golf\src\golfdb-master\learning_video\golfdb_720p_slice\283.mp4,4,Mid-downswing,85,mediapipe,True,,149.0401066059438,-161.37041233989365,-176.8939861630717,6.6441439820977894,trail_elbow_angle,missing_features:trail_elbow_angle
283,C:\Users\zzang\Desktop\workspace\Python\golf\src\golfdb-master\learning_video\golfdb_720p_slice\283.mp4,5,Impact,89,mediapipe,True,159.73210241742578,173.4915762463108,-148.32446927046757,-170.3970969434231,12.313456501957951,,
283,C:\Users\zzang\Desktop\workspace\Python\golf\src\golfdb-master\learning_video\golfdb_720p_slice\283.mp4,6,Mid-follow-through,91,mediapipe,True,163.17875917444786,,-135.36812865156529,-167.84304589315838,8.048177604676837,lead_elbow_angle,missing_features:lead_elbow_angle
283,C:\Users\zzang\Desktop\workspace\Python\golf\src\golfdb-master\learning_video\golfdb_720p_slice\283.mp4,7,Finish,117,mediapipe,True,80.14529953286801,,179.87456472343052,-177.66392544996185,8.28492815792227,lead_elbow_angle,missing_features:lead_elbow_angle
284,C:\Users\zzang\Desktop\workspace\Python\golf\src\golfdb-master\learning_video\golfdb_720p_slice\284.mp4,0,Address,53,mediapipe,True,168.9404212604652,164.25284015274457,-172.67387456264984,179.73136367606102,0.8106727043435069,,
284,C:\Users\zzang\Desktop\workspace\Python\golf\src\golfdb-master\learning_video\golfdb_720p_slice\284.mp4,1,Toe-up,153,mediapipe,True,159.0942215762607,166.94225772068225,170.94324454218065,177.26542939238539,-0.10800781738236645,,
284,C:\Users\zzang\Desktop\workspace\Python\golf\src\golfdb-master\learning_video\golfdb_720p_slice\284.mp4,2,Mid-backswing,192,mediapipe,True,,146.79360873954624,179.135897231662,-179.39626917355537,0.23674242500178905,trail_elbow_angle,missing_features:trail_elbow_angle
284,C:\Users\zzang\Desktop\workspace\Python\golf\src\golfdb-master\learning_video\golfdb_720p_slice\284.mp4,3,Top,252,mediapipe,True,,118.02337740653408,174.15697204986805,-176.60785995619003,2.556993611110049,trail_elbow_angle,missing_features:trail_elbow_angle
284,C:\Users\zzang\Desktop\workspace\Python\golf\src\golfdb-master\learning_video\golfdb_720p_slice\284.mp4,4,Mid-downswing,270,mediapipe,True,,148.99003369795753,-171.04945594108054,-177.91530663795007,5.592800052316134,trail_elbow_angle,missing_features:trail_elbow_angle
284,C:\Users\zzang\Desktop\workspace\Python\golf\src\golfdb-master\learning_video\golfdb_720p_slice\284.mp4,5,Impact,284,mediapipe,True,138.51553983064667,159.40563601109122,-148.3683882443963,-175.61858236730134,10.75401572459687,,
284,C:\Users\zzang\Desktop\workspace\Python\golf\src\golfdb-master\learning_video\golfdb_720p_slice\284.mp4,6,Mid-follow-through,293,mediapipe,True,169.5586134484199,175.88451095994026,-143.96122234716637,-172.63209530904243,8.393381939719688,,
284,C:\Users\zzang\Desktop\workspace\Python\golf\src\golfdb-master\learning_video\golfdb_720p_slice\284.mp4,7,Finish,391,mediapipe,True,75.5861880185902,,-176.0699317614432,-178.68926728325687,7.152632299518374,lead_elbow_angle,missing_features:lead_elbow_angle
285,C:\Users\zzang\Desktop\workspace\Python\golf\src\golfdb-master\learning_video\golfdb_720p_slice\285.mp4,0,Address,1,mediapipe,True,163.36803641262,178.7630906230225,-174.42548664877643,179.13037427956763,-1.069328296165459,,
285,C:\Users\zzang\Desktop\workspace\Python\golf\src\golfdb-master\learning_video\golfdb_720p_slice\285.mp4,1,Toe-up,13,mediapipe,True,179.13288485124897,171.4051469889538,165.87539198667014,-179.06532781087998,9.014857021674832,,
285,C:\Users\zzang\Desktop\workspace\Python\golf\src\golfdb-master\learning_video\golfdb_720p_slice\285.mp4,2,Mid-backswing,18,mediapipe,True,,167.88781759506654,146.80397796960622,-179.38689266847638,11.038970613405699,trail_elbow_angle,missing_features:trail_elbow_angle
285,C:\Users\zzang\Desktop\workspace\Python\golf\src\golfdb-master\learning_video\golfdb_720p_slice\285.mp4,3,Top,27,mediapipe,True,137.4049866630182,112.76851146257383,178.15237539444007,-177.12147655052152,6.480339777487573,,
285,C:\Users\zzang\Desktop\workspace\Python\golf\src\golfdb-master\learning_video\golfdb_720p_slice\285.mp4,4,Mid-downswing,32,mediapipe,True,,149.27022938021912,-173.39166906153542,-176.20765931872404,6.970574748189056,trail_elbow_angle,missing_features:trail_elbow_angle
285,C:\Users\zzang\Desktop\workspace\Python\golf\src\golfdb-master\learning_video\golfdb_720p_slice\285.mp4,5,Impact,35,mediapipe,True,149.06313759307784,175.04543599019553,-139.6139842212415,-167.84249967065452,19.061238066969302,,
285,C:\Users\zzang\Desktop\workspace\Python\golf\src\golfdb-master\learning_video\golfdb_720p_slice\285.mp4,6,Mid-follow-through,37,mediapipe,True,143.6091677747255,151.48248663129283,-137.6122058490793,-167.0626396994502,21.03754846667788,,
285,C:\Users\zzang\Desktop\workspace\Python\golf\src\golfdb-master\learning_video\golfdb_720p_slice\285.mp4,7,Finish,49,mediapipe,True,146.5973149801197,54.900129280489644,6.052096125730844,-40.09546176863641,-3.256074319076662,,
286,C:\Users\zzang\Desktop\workspace\Python\golf\src\golfdb-master\learning_video\golfdb_720p_slice\286.mp4,0,Address,25,mediapipe,True,161.66185036937134,176.49933360463314,-173.54749852511793,-178.34060528685993,-1.28594111932048,,
286,C:\Users\zzang\Desktop\workspace\Python\golf\src\golfdb-master\learning_video\golfdb_720p_slice\286.mp4,1,Toe-up,68,mediapipe,True,172.46508344081337,160.67714151584374,168.0124809322251,-179.23894287613336,9.085164490001189,,
286,C:\Users\zzang\Desktop\workspace\Python\golf\src\golfdb-master\learning_video\golfdb_720p_slice\286.mp4,2,Mid-backswing,87,mediapipe,False,,,,,,trail_elbow_angle|lead_elbow_angle|shoulder_tilt|hip_tilt|spine_tilt,pose_not_detected
286,C:\Users\zzang\Desktop\workspace\Python\golf\src\golfdb-master\learning_video\golfdb_720p_slice\286.mp4,3,Top,124,mediapipe,True,136.17014312307506,134.4447736218855,171.2778198963646,-176.81073128179625,6.658872691688888,,
286,C:\Users\zzang\Desktop\workspace\Python\golf\src\golfdb-master\learning_video\golfdb_720p_slice\286.mp4,4,Mid-downswing,141,mediapipe,True,,132.34245201870465,178.8346375291805,-177.7238029092052,5.547257538775922,trail_elbow_angle,missing_features:trail_elbow_angle
286,C:\Users\zzang\Desktop\workspace\Python\golf\src\golfdb-master\learning_video\golfdb_720p_slice\286.mp4,5,Impact,154,mediapipe,True,158.8496409865546,168.01277951877458,-141.9469547441567,-171.00219905264422,19.231037213935682,,
286,C:\Users\zzang\Desktop\workspace\Python\golf\src\golfdb-master\learning_video\golfdb_720p_slice\286.mp4,6,Mid-follow-through,161,mediapipe,True,153.1907941851329,162.78418532763664,-138.38356818269014,-168.85557294386876,19.876514677948244,,
286,C:\Users\zzang\Desktop\workspace\Python\golf\src\golfdb-master\learning_video\golfdb_720p_slice\286.mp4,7,Finish,215,mediapipe,True,100.46717245274355,61.91923522188399,125.13019991924709,-176.88044354638689,-2.6947675393325903,,
287,C:\Users\zzang\Desktop\workspace\Python\golf\src\golfdb-master\learning_video\golfdb_720p_slice\287.mp4,0,Address,2,mediapipe,True,165.9441434736594,178.79831043241435,-170.8795887398531,-175.73112768263113,3.625612572232966,,
287,C:\Users\zzang\Desktop\workspace\Python\golf\src\golfdb-master\learning_video\golfdb_720p_slice\287.mp4,1,Toe-up,19,mediapipe,True,163.3272301901637,177.04612052448002,163.02802404379693,178.59148361651458,7.995305442615596,,
287,C:\Users\zzang\Desktop\workspace\Python\golf\src\golfdb-master\learning_video\golfdb_720p_slice\287.mp4,2,Mid-backswing,27,mediapipe,True,,108.90406196039262,29.967111778509448,39.64248851575934,13.340016664225207,trail_elbow_angle,missing_features:trail_elbow_angle
287,C:\Users\zzang\Desktop\workspace\Python\golf\src\golfdb-master\learning_video\golfdb_720p_slice\287.mp4,3,Top,35,mediapipe,True,,,15.46987623408791,16.884795663651722,11.45496576530355,trail_elbow_angle|lead_elbow_angle,missing_features:trail_elbow_angle|lead_elbow_angle
287,C:\Users\zzang\Desktop\workspace\Python\golf\src\golfdb-master\learning_video\golfdb_720p_slice\287.mp4,4,Mid-downswing,41,mediapipe,True,109.63202369941818,102.07059285192629,-170.96957195753438,-178.1812509716242,10.303003073129746,,
287,C:\Users\zzang\Desktop\workspace\Python\golf\src\golfdb-master\learning_video\golfdb_720p_slice\287.mp4,5,Impact,45,mediapipe,True,153.99151039756913,179.0499077783312,-145.75401043972005,-167.97911155896813,16.813730341613056,,
287,C:\Users\zzang\Desktop\workspace\Python\golf\src\golfdb-master\learning_video\golfdb_720p_slice\287.mp4,6,Mid-follow-through,47,mediapipe,True,125.4490394822061,160.81233030971953,-165.4186205929117,-170.53688747160086,11.747019067270086,,
287,C:\Users\zzang\Desktop\workspace\Python\golf\src\golfdb-master\learning_video\golfdb_720p_slice\287.mp4,7,Finish,69,mediapipe,True,98.26962874469405,105.1258833782712,-163.85181790787834,-174.00020453476753,10.874005778730556,,
288,C:\Users\zzang\Desktop\workspace\Python\golf\src\golfdb-master\learning_video\golfdb_720p_slice\288.mp4,0,Address,30,mediapipe,True,165.21276636910147,175.99918107759697,-172.25566890182,-174.4457645271672,3.011986726888903,,
288,C:\Users\zzang\Desktop\workspace\Python\golf\src\golfdb-master\learning_video\golfdb_720p_slice\288.mp4,1,Toe-up,95,mediapipe,True,163.7262072829118,178.26010753087564,172.55119278124346,-179.7455556200515,7.361435199144571,,
288,C:\Users\zzang\Desktop\workspace\Python\golf\src\golfdb-master\learning_video\golfdb_720p_slice\288.mp4,2,Mid-backswing,123,mediapipe,True,,138.72420040203676,168.79799248111874,-178.20783852037928,11.296394954722066,trail_elbow_angle,missing_features:trail_elbow_angle
288,C:\Users\zzang\Desktop\workspace\Python\golf\src\golfdb-master\learning_video\golfdb_720p_slice\288.mp4,3,Top,158,mediapipe,True,,,13.621017247361694,11.401815996254852,11.890935996875992,trail_elbow_angle|lead_elbow_angle,missing_features:trail_elbow_angle|lead_elbow_angle
288,C:\Users\zzang\Desktop\workspace\Python\golf\src\golfdb-master\learning_video\golfdb_720p_slice\288.mp4,4,Mid-downswing,183,mediapipe,True,92.77720645430941,102.99607105270138,-172.77896686227223,-178.35966238467677,9.806191474173428,,
288,C:\Users\zzang\Desktop\workspace\Python\golf\src\golfdb-master\learning_video\golfdb_720p_slice\288.mp4,5,Impact,198,mediapipe,True,143.04446116803305,171.68646922470313,-150.91750718963095,-172.28374866289167,13.48432687044672,,
288,C:\Users\zzang\Desktop\workspace\Python\golf\src\golfdb-master\learning_video\golfdb_720p_slice\288.mp4,6,Mid-follow-through,207,mediapipe,True,155.53221730389154,157.5891964058714,-162.19687629486234,-169.99840129239297,13.62172683458919,,
288,C:\Users\zzang\Desktop\workspace\Python\golf\src\golfdb-master\learning_video\golfdb_720p_slice\288.mp4,7,Finish,274,mediapipe,True,148.9527067233794,,-159.48653387729914,-164.54745777026685,9.05303144056128,lead_elbow_angle,missing_features:lead_elbow_angle
297,C:\Users\zzang\Desktop\workspace\Python\golf\src\golfdb-master\learning_video\golfdb_720p_slice\297.mp4,0,Address,79,mediapipe,True,175.4111787160525,178.20199340021497,-174.114771879593,-174.58943855791577,0.42426919727826623,,
297,C:\Users\zzang\Desktop\workspace\Python\golf\src\golfdb-master\learning_video\golfdb_720p_slice\297.mp4,1,Toe-up,90,mediapipe,True,159.16267780382563,170.87967702222448,166.56113535096213,178.6214978648631,3.6426195582068153,,
297,C:\Users\zzang\Desktop\workspace\Python\golf\src\golfdb-master\learning_video\golfdb_720p_slice\297.mp4,2,Mid-backswing,94,mediapipe,True,,142.76565726277275,176.32967690359936,177.66442330433114,1.6854344754344128,trail_elbow_angle,missing_features:trail_elbow_angle
297,C:\Users\zzang\Desktop\workspace\Python\golf\src\golfdb-master\learning_video\golfdb_720p_slice\297.mp4,3,Top,103,mediapipe,True,,,171.03912847124198,172.9061303582896,3.6451594725183942,trail_elbow_angle|lead_elbow_angle,missing_features:trail_elbow_angle|lead_elbow_angle
297,C:\Users\zzang\Desktop\workspace\Python\golf\src\golfdb-master\learning_video\golfdb_720p_slice\297.mp4,4,Mid-downswing,107,mediapipe,True,,162.03909645150293,-169.18128485208265,-173.88960493939305,6.117252357808706,trail_elbow_angle,missing_features:trail_elbow_angle
297,C:\Users\zzang\Desktop\workspace\Python\golf\src\golfdb-master\learning_video\golfdb_720p_slice\297.mp4,5,Impact,111,mediapipe,True,162.6981454263512,168.6117897010759,-128.33175988628525,11.157827079970112,10.738318586429664,,
297,C:\Users\zzang\Desktop\workspace\Python\golf\src\golfdb-master\learning_video\golfdb_720p_slice\297.mp4,6,Mid-follow-through,113,mediapipe,True,156.10084500027205,153.211525543445,-128.92325983230532,-169.72830476569382,11.440456630197565,,
297,C:\Users\zzang\Desktop\workspace\Python\golf\src\golfdb-master\learning_video\golfdb_720p_slice\297.mp4,7,Finish,128,mediapipe,True,104.08131625475042,,-165.58160016197826,-176.90566254818796,2.756684024731853,lead_elbow_angle,missing_features:lead_elbow_angle
298,C:\Users\zzang\Desktop\workspace\Python\golf\src\golfdb-master\learning_video\golfdb_720p_slice\298.mp4,0,Address,35,mediapipe,True,176.54208097997318,179.51231644755248,-173.8286595319557,-177.7472104093928,0.24374207119178715,,
298,C:\Users\zzang\Desktop\workspace\Python\golf\src\golfdb-master\learning_video\golfdb_720p_slice\298.mp4,1,Toe-up,45,mediapipe,True,160.79929760829953,179.50019598777666,150.87316392282906,178.1462714906744,5.160991036399627,,
298,C:\Users\zzang\Desktop\workspace\Python\golf\src\golfdb-master\learning_video\golfdb_720p_slice\298.mp4,2,Mid-backswing,50,mediapipe,True,,112.9662333298233,57.55096433587341,163.4084734222357,1.1066551310054793,trail_elbow_angle,missing_features:trail_elbow_angle
298,C:\Users\zzang\Desktop\workspace\Python\golf\src\golfdb-master\learning_video\golfdb_720p_slice\298.mp4,3,Top,59,mediapipe,True,,109.92434364095749,-178.7286766286854,-176.05158074928102,4.924847571565144,trail_elbow_angle,missing_features:trail_elbow_angle
298,C:\Users\zzang\Desktop\workspace\Python\golf\src\golfdb-master\learning_video\golfdb_720p_slice\298.mp4,4,Mid-downswing,62,mediapipe,True,,155.8961503053804,162.21254757891356,178.21639723280188,6.529498483902963,trail_elbow_angle,missing_features:trail_elbow_angle
298,C:\Users\zzang\Desktop\workspace\Python\golf\src\golfdb-master\learning_video\golfdb_720p_slice\298.mp4,5,Impact,66,mediapipe,True,175.23404044652472,,26.149347681390722,4.95515838479119,17.19933421341541,lead_elbow_angle,missing_features:lead_elbow_angle
298,C:\Users\zzang\Desktop\workspace\Python\golf\src\golfdb-master\learning_video\golfdb_720p_slice\298.mp4,6,Mid-follow-through,68,mediapipe,True,167.00338521351628,142.21797696302312,-148.75641196556654,-172.78124345154708,16.763785593206087,,
298,C:\Users\zzang\Desktop\workspace\Python\golf\src\golfdb-master\learning_video\golfdb_720p_slice\298.mp4,7,Finish,93,mediapipe,True,79.14412890544087,64.1700489276051,21.90262055694796,-15.711482798584777,5.119296099351007,,
299,C:\Users\zzang\Desktop\workspace\Python\golf\src\golfdb-master\learning_video\golfdb_720p_slice\299.mp4,0,Address,9,mediapipe,True,173.76753880793981,178.83787973249824,-173.61428273459154,-176.0383622128087,0.010827557191840089,,
299,C:\Users\zzang\Desktop\workspace\Python\golf\src\golfdb-master\learning_video\golfdb_720p_slice\299.mp4,1,Toe-up,49,mediapipe,True,165.18327857660572,175.2493768119163,154.2530833405676,179.46855850447434,5.165360285598846,,
299,C:\Users\zzang\Desktop\workspace\Python\golf\src\golfdb-master\learning_video\golfdb_720p_slice\299.mp4,2,Mid-backswing,65,mediapipe,True,,142.43494945571464,137.88914195349903,176.36476330284623,2.6948287582633026,trail_elbow_angle,missing_features:trail_elbow_angle
299,C:\Users\zzang\Desktop\workspace\Python\golf\src\golfdb-master\learning_video\golfdb_720p_slice\299.mp4,3,Top,101,mediapipe,True,30.992261430830517,100.65099196934383,178.88880268855837,-178.7779271852687,3.774900657019909,,
299,C:\Users\zzang\Desktop\workspace\Python\golf\src\golfdb-master\learning_video\golfdb_720p_slice\299.mp4,4,Mid-downswing,116,mediapipe,True,,146.50230697276726,172.12370273283395,-179.73906148602066,7.221981576605672,trail_elbow_angle,missing_features:trail_elbow_angle
299,C:\Users\zzang\Desktop\workspace\Python\golf\src\golfdb-master\learning_video\golfdb_720p_slice\299.mp4,5,Impact,130,mediapipe,True,161.57087630500928,157.1361903793707,-161.0383148469603,-174.62233546237533,16.128907883688623,,
299,C:\Users\zzang\Desktop\workspace\Python\golf\src\golfdb-master\learning_video\golfdb_720p_slice\299.mp4,6,Mid-follow-through,138,mediapipe,True,153.03934439690198,169.44494211446582,-138.54169051467522,-171.90792315578713,18.187551899598127,,
299,C:\Users\zzang\Desktop\workspace\Python\golf\src\golfdb-master\learning_video\golfdb_720p_slice\299.mp4,7,Finish,213,mediapipe,True,93.7299160106398,,44.892796324441676,149.79320713973274,5.308847128937514,lead_elbow_angle,missing_features:lead_elbow_angle
302,C:\Users\zzang\Desktop\workspace\Python\golf\src\golfdb-master\learning_video\golfdb_720p_slice\302.mp4,0,Address,26,mediapipe,True,162.61821731304846,167.07539001325466,-171.7250728336405,-176.20337024532677,2.795953969199675,,
302,C:\Users\zzang\Desktop\workspace\Python\golf\src\golfdb-master\learning_video\golfdb_720p_slice\302.mp4,1,Toe-up,37,mediapipe,True,162.48839797595,174.95067261758274,152.98541604748786,178.32402138577797,4.301936593484503,,
302,C:\Users\zzang\Desktop\workspace\Python\golf\src\golfdb-master\learning_video\golfdb_720p_slice\302.mp4,2,Mid-backswing,42,mediapipe,True,,143.83397983366802,171.40206143735497,-178.57881202128016,6.843446410150113,trail_elbow_angle,missing_features:trail_elbow_angle
302,C:\Users\zzang\Desktop\workspace\Python\golf\src\golfdb-master\learning_video\golfdb_720p_slice\302.mp4,3,Top,50,mediapipe,True,,100.23589767123701,140.71772383917016,177.51416299856643,8.009510664015407,trail_elbow_angle,missing_features:trail_elbow_angle
302,C:\Users\zzang\Desktop\workspace\Python\golf\src\golfdb-master\learning_video\golfdb_720p_slice\302.mp4,4,Mid-downswing,54,mediapipe,True,34.7004963325557,122.68927449548791,179.31908056882793,-174.7918962522552,11.971887774477912,,
302,C:\Users\zzang\Desktop\workspace\Python\golf\src\golfdb-master\learning_video\golfdb_720p_slice\302.mp4,5,Impact,57,mediapipe,True,141.60658188864386,147.65870602298173,-149.94044628388167,-169.6394550960304,20.612689796347844,,
302,C:\Users\zzang\Desktop\workspace\Python\golf\src\golfdb-master\learning_video\golfdb_720p_slice\302.mp4,6,Mid-follow-through,60,mediapipe,True,143.85204856306282,166.2914508345726,-131.34967661004347,-173.2573377786461,17.629641010159215,,
302,C:\Users\zzang\Desktop\workspace\Python\golf\src\golfdb-master\learning_video\golfdb_720p_slice\302.mp4,7,Finish,82,mediapipe,True,,39.90638871559727,17.010792366863488,5.4608507996562174,9.595454378030876,trail_elbow_angle,missing_features:trail_elbow_angle
303,C:\Users\zzang\Desktop\workspace\Python\golf\src\golfdb-master\learning_video\golfdb_720p_slice\303.mp4,0,Address,40,mediapipe,True,161.1985639396784,166.10305584846193,-169.06412213132973,-174.54408294813004,3.2203509599338282,,
303,C:\Users\zzang\Desktop\workspace\Python\golf\src\golfdb-master\learning_video\golfdb_720p_slice\303.mp4,1,Toe-up,85,mediapipe,True,167.33770525942316,172.9214682446232,152.5612845233458,177.12364624761332,4.101067365221129,,
303,C:\Users\zzang\Desktop\workspace\Python\golf\src\golfdb-master\learning_video\golfdb_720p_slice\303.mp4,2,Mid-backswing,103,mediapipe,True,,150.69416073115323,166.3082285008862,-179.1697005246796,4.858155697087289,trail_elbow_angle,missing_features:trail_elbow_angle
303,C:\Users\zzang\Desktop\workspace\Python\golf\src\golfdb-master\learning_video\golfdb_720p_slice\303.mp4,3,Top,138,mediapipe,True,,104.24172690082516,171.44362176733912,-178.4372590648285,7.298627315594925,trail_elbow_angle,missing_features:trail_elbow_angle
303,C:\Users\zzang\Desktop\workspace\Python\golf\src\golfdb-master\learning_video\golfdb_720p_slice\303.mp4,4,Mid-downswing,152,mediapipe,True,162.07648132575736,127.39854169054264,169.54588771388356,-179.1790113833088,12.218057658026863,,
303,C:\Users\zzang\Desktop\workspace\Python\golf\src\golfdb-master\learning_video\golfdb_720p_slice\303.mp4,5,Impact,167,mediapipe,True,144.08669167636654,157.83324603296367,-145.28194398982617,-172.09034253361557,19.317446371953974,,
303,C:\Users\zzang\Desktop\workspace\Python\golf\src\golfdb-master\learning_video\golfdb_720p_slice\303.mp4,6,Mid-follow-through,176,mediapipe,True,152.1785939233121,178.36022060088206,-136.62364439168712,-168.86055721353856,20.45721316819519,,
303,C:\Users\zzang\Desktop\workspace\Python\golf\src\golfdb-master\learning_video\golfdb_720p_slice\303.mp4,7,Finish,257,mediapipe,True,121.4279811654114,39.92293008034015,15.909450168846492,5.443795890633818,9.23515839729151,,
328,C:\Users\zzang\Desktop\workspace\Python\golf\src\golfdb-master\learning_video\golfdb_720p_slice\328.mp4,0,Address,38,mediapipe,True,176.11132244443627,,-165.01733116296833,-177.38625507383898,9.329339443671953,lead_elbow_angle,missing_features:lead_elbow_angle
328,C:\Users\zzang\Desktop\workspace\Python\golf\src\golfdb-master\learning_video\golfdb_720p_slice\328.mp4,1,Toe-up,51,mediapipe,True,162.61858915144148,175.9480029530623,-179.50070592072433,-175.6055937873526,10.212495722536763,,
328,C:\Users\zzang\Desktop\workspace\Python\golf\src\golfdb-master\learning_video\golfdb_720p_slice\328.mp4,2,Mid-backswing,57,mediapipe,True,140.74609423459546,154.5000113825226,-177.5510839822976,-175.93534612647568,9.680134300419372,,
328,C:\Users\zzang\Desktop\workspace\Python\golf\src\golfdb-master\learning_video\golfdb_720p_slice\328.mp4,3,Top,65,mediapipe,True,148.2371367936442,106.40906883522621,177.2659996877772,-174.95606545647675,8.13037012391893,,
328,C:\Users\zzang\Desktop\workspace\Python\golf\src\golfdb-master\learning_video\golfdb_720p_slice\328.mp4,4,Mid-downswing,68,mediapipe,True,117.96435776827578,119.92032180256831,-171.67767028042778,-174.64540419322375,10.847688784683704,,
328,C:\Users\zzang\Desktop\workspace\Python\golf\src\golfdb-master\learning_video\golfdb_720p_slice\328.mp4,5,Impact,72,mediapipe,True,166.9742695220605,175.19127511362203,-151.97591930321428,-175.2345856128072,18.516268079745224,,
328,C:\Users\zzang\Desktop\workspace\Python\golf\src\golfdb-master\learning_video\golfdb_720p_slice\328.mp4,6,Mid-follow-through,74,mediapipe,True,151.72505492584966,156.51754944352436,-152.18858009742775,-173.39160714096496,22.235930830758623,,
328,C:\Users\zzang\Desktop\workspace\Python\golf\src\golfdb-master\learning_video\golfdb_720p_slice\328.mp4,7,Finish,91,mediapipe,True,55.72038636061295,,-168.51812168777857,-178.49484316607757,1.922260598113904,lead_elbow_angle,missing_features:lead_elbow_angle
329,C:\Users\zzang\Desktop\workspace\Python\golf\src\golfdb-master\learning_video\golfdb_720p_slice\329.mp4,0,Address,4,mediapipe,True,177.65664220877773,167.4352963437625,-168.38743425899872,-178.1604807782293,9.949390910815797,,
329,C:\Users\zzang\Desktop\workspace\Python\golf\src\golfdb-master\learning_video\golfdb_720p_slice\329.mp4,1,Toe-up,54,mediapipe,True,163.09699769443952,,177.9636641952086,-177.09822467142956,8.544553733727106,lead_elbow_angle,missing_features:lead_elbow_angle
329,C:\Users\zzang\Desktop\workspace\Python\golf\src\golfdb-master\learning_video\golfdb_720p_slice\329.mp4,2,Mid-backswing,77,mediapipe,True,138.8743637746063,153.7811181998924,-179.82490802597852,-177.59769737008065,9.029761604516036,,
329,C:\Users\zzang\Desktop\workspace\Python\golf\src\golfdb-master\learning_video\golfdb_720p_slice\329.mp4,3,Top,111,mediapipe,True,151.4088850023873,101.14263703923423,179.47033920804063,-174.42359269620042,8.937853219153437,,
329,C:\Users\zzang\Desktop\workspace\Python\golf\src\golfdb-master\learning_video\golfdb_720p_slice\329.mp4,4,Mid-downswing,124,mediapipe,True,,149.14584552676487,-175.54284351698234,-176.7810347937566,9.75700693194108,trail_elbow_angle,missing_features:trail_elbow_angle
329,C:\Users\zzang\Desktop\workspace\Python\golf\src\golfdb-master\learning_video\golfdb_720p_slice\329.mp4,5,Impact,138,mediapipe,True,166.31662021954943,177.650786830484,-151.77464836369023,-172.32868103771216,18.720822953941326,,
329,C:\Users\zzang\Desktop\workspace\Python\golf\src\golfdb-master\learning_video\golfdb_720p_slice\329.mp4,6,Mid-follow-through,148,mediapipe,True,157.3436251680686,,-146.39579109182,-164.48934903643195,19.87526646531723,lead_elbow_angle,missing_features:lead_elbow_angle
329,C:\Users\zzang\Desktop\workspace\Python\golf\src\golfdb-master\learning_video\golfdb_720p_slice\329.mp4,7,Finish,206,mediapipe,True,46.65230116102303,23.71991282783384,-169.29672155935327,-177.52537495334255,3.192083853102325,,
336,C:\Users\zzang\Desktop\workspace\Python\golf\src\golfdb-master\learning_video\golfdb_720p_slice\336.mp4,0,Address,15,mediapipe,True,167.7328009090352,173.61919984537923,-165.2801134767736,-174.55893863325454,1.8724618230114056,,
336,C:\Users\zzang\Desktop\workspace\Python\golf\src\golfdb-master\learning_video\golfdb_720p_slice\336.mp4,1,Toe-up,26,mediapipe,True,159.19033570192337,169.6433457565861,156.83064244354267,176.86543551480443,6.2587722869700215,,
336,C:\Users\zzang\Desktop\workspace\Python\golf\src\golfdb-master\learning_video\golfdb_720p_slice\336.mp4,2,Mid-backswing,31,mediapipe,True,,149.22938944035658,157.59944174232567,177.37698461414953,2.6224843644617093,trail_elbow_angle,missing_features:trail_elbow_angle
336,C:\Users\zzang\Desktop\workspace\Python\golf\src\golfdb-master\learning_video\golfdb_720p_slice\336.mp4,3,Top,37,mediapipe,True,156.41720807207653,131.76924779633364,148.68388241244602,175.906624602903,6.231236405649514,,
336,C:\Users\zzang\Desktop\workspace\Python\golf\src\golfdb-master\learning_video\golfdb_720p_slice\336.mp4,4,Mid-downswing,39,mediapipe,True,,129.64347472877841,-179.08632361478334,-177.65808574982148,10.794782881843993,trail_elbow_angle,missing_features:trail_elbow_angle
336,C:\Users\zzang\Desktop\workspace\Python\golf\src\golfdb-master\learning_video\golfdb_720p_slice\336.mp4,5,Impact,43,mediapipe,True,160.75842717843247,177.26517423164555,-121.65007028897683,-168.55779966586869,28.585667150300146,,
336,C:\Users\zzang\Desktop\workspace\Python\golf\src\golfdb-master\learning_video\golfdb_720p_slice\336.mp4,6,Mid-follow-through,45,mediapipe,True,157.3295199084126,176.0958416060622,-112.82922496062112,-156.02345738590108,27.35443530459046,,
336,C:\Users\zzang\Desktop\workspace\Python\golf\src\golfdb-master\learning_video\golfdb_720p_slice\336.mp4,7,Finish,56,mediapipe,True,,,103.23048281010384,-169.25823378164282,13.727072915857116,trail_elbow_angle|lead_elbow_angle,missing_features:trail_elbow_angle|lead_elbow_angle
338,C:\Users\zzang\Desktop\workspace\Python\golf\src\golfdb-master\learning_video\golfdb_720p_slice\338.mp4,0,Address,30,mediapipe,True,161.19288191712732,175.9557659276381,-165.96969093090544,-173.33418050066274,-0.02138057851350711,,
338,C:\Users\zzang\Desktop\workspace\Python\golf\src\golfdb-master\learning_video\golfdb_720p_slice\338.mp4,1,Toe-up,42,mediapipe,True,168.6692359681142,171.10413791922525,168.02377417838247,-178.9465439708297,3.3203661927262287,,
338,C:\Users\zzang\Desktop\workspace\Python\golf\src\golfdb-master\learning_video\golfdb_720p_slice\338.mp4,2,Mid-backswing,48,mediapipe,True,120.53244143752636,139.21509591797974,165.88932723442022,179.43441249468083,-1.1122164470962446,,
338,C:\Users\zzang\Desktop\workspace\Python\golf\src\golfdb-master\learning_video\golfdb_720p_slice\338.mp4,3,Top,53,mediapipe,True,135.34767057250914,138.9350925684635,158.9923897305817,178.78562157495304,1.6529341234513202,,
338,C:\Users\zzang\Desktop\workspace\Python\golf\src\golfdb-master\learning_video\golfdb_720p_slice\338.mp4,4,Mid-downswing,56,mediapipe,True,83.73816329292767,,-171.87297025950912,-174.31121137351144,10.687819344308535,lead_elbow_angle,missing_features:lead_elbow_angle
338,C:\Users\zzang\Desktop\workspace\Python\golf\src\golfdb-master\learning_video\golfdb_720p_slice\338.mp4,5,Impact,59,mediapipe,True,144.06348560383904,179.88966740062676,-133.53843767600017,-170.1957646787582,24.976579213204204,,
338,C:\Users\zzang\Desktop\workspace\Python\golf\src\golfdb-master\learning_video\golfdb_720p_slice\338.mp4,6,Mid-follow-through,61,mediapipe,True,159.4924107344914,173.25719838113892,-133.7825849391799,-166.7008656784702,24.080290699024083,,
338,C:\Users\zzang\Desktop\workspace\Python\golf\src\golfdb-master\learning_video\golfdb_720p_slice\338.mp4,7,Finish,72,mediapipe,True,,,34.59136045122109,-157.40190285757603,12.644371423131858,trail_elbow_angle|lead_elbow_angle,missing_features:trail_elbow_angle|lead_elbow_angle
342,C:\Users\zzang\Desktop\workspace\Python\golf\src\golfdb-master\learning_video\golfdb_720p_slice\342.mp4,0,Address,108,mediapipe,True,165.77501737366885,175.36582835836424,-169.4711850330228,-175.98170389602424,3.962275073110531,,
342,C:\Users\zzang\Desktop\workspace\Python\golf\src\golfdb-master\learning_video\golfdb_720p_slice\342.mp4,1,Toe-up,119,mediapipe,True,,169.70567984129985,164.87487585277802,178.22035243428203,6.250832576957673,trail_elbow_angle,missing_features:trail_elbow_angle
342,C:\Users\zzang\Desktop\workspace\Python\golf\src\golfdb-master\learning_video\golfdb_720p_slice\342.mp4,2,Mid-backswing,124,mediapipe,True,,149.64834798223782,170.54893507638963,177.67042480190048,3.318106616663609,trail_elbow_angle,missing_features:trail_elbow_angle
342,C:\Users\zzang\Desktop\workspace\Python\golf\src\golfdb-master\learning_video\golfdb_720p_slice\342.mp4,3,Top,130,mediapipe,True,158.72918435385589,130.04141390697833,173.3098860293241,177.46624840513581,8.096928214314477,,
342,C:\Users\zzang\Desktop\workspace\Python\golf\src\golfdb-master\learning_video\golfdb_720p_slice\342.mp4,4,Mid-downswing,132,mediapipe,True,53.34999069119968,,-167.4741012761707,-175.44114274094946,11.795772946273411,lead_elbow_angle,missing_features:lead_elbow_angle
342,C:\Users\zzang\Desktop\workspace\Python\golf\src\golfdb-master\learning_video\golfdb_720p_slice\342.mp4,5,Impact,136,mediapipe,True,150.62176325329202,176.7689861893909,-130.01958576728197,-163.6414628497999,28.439578387163394,,
342,C:\Users\zzang\Desktop\workspace\Python\golf\src\golfdb-master\learning_video\golfdb_720p_slice\342.mp4,6,Mid-follow-through,138,mediapipe,True,139.28824099231127,178.18391454065392,-113.42088358575326,-160.25065211329996,25.089319428062055,,
342,C:\Users\zzang\Desktop\workspace\Python\golf\src\golfdb-master\learning_video\golfdb_720p_slice\342.mp4,7,Finish,149,mediapipe,True,,,-172.23776835387488,-175.0163085223429,13.054315900669522,trail_elbow_angle|lead_elbow_angle,missing_features:trail_elbow_angle|lead_elbow_angle
351,C:\Users\zzang\Desktop\workspace\Python\golf\src\golfdb-master\learning_video\golfdb_720p_slice\351.mp4,0,Address,367,mediapipe,True,91.76816260076376,,-178.13930581698136,176.8310274838806,7.731693378610687,lead_elbow_angle,missing_features:lead_elbow_angle
351,C:\Users\zzang\Desktop\workspace\Python\golf\src\golfdb-master\learning_video\golfdb_720p_slice\351.mp4,1,Toe-up,386,mediapipe,True,98.97972155405841,168.48644088780446,-172.82140767182025,-179.26088036889757,14.209882578957087,,
351,C:\Users\zzang\Desktop\workspace\Python\golf\src\golfdb-master\learning_video\golfdb_720p_slice\351.mp4,2,Mid-backswing,393,mediapipe,True,102.16290670978718,128.70898678861545,-172.13757082198805,-176.5698846090959,15.125455989289762,,
351,C:\Users\zzang\Desktop\workspace\Python\golf\src\golfdb-master\learning_video\golfdb_720p_slice\351.mp4,3,Top,403,mediapipe,True,98.64809083770113,23.97816485221562,-176.9740377605969,-178.61560453506493,13.294868685619015,,
351,C:\Users\zzang\Desktop\workspace\Python\golf\src\golfdb-master\learning_video\golfdb_720p_slice\351.mp4,4,Mid-downswing,408,mediapipe,True,99.97073282170454,106.46553195447797,-171.34187862696373,-176.91599719369216,15.915019431473585,,
351,C:\Users\zzang\Desktop\workspace\Python\golf\src\golfdb-master\learning_video\golfdb_720p_slice\351.mp4,5,Impact,412,mediapipe,True,99.9078617483889,176.69063416727838,-171.98262129444285,-179.2899038641598,10.565387019131641,,
351,C:\Users\zzang\Desktop\workspace\Python\golf\src\golfdb-master\learning_video\golfdb_720p_slice\351.mp4,6,Mid-follow-through,414,mediapipe,True,102.51833849236544,174.50370724484736,-170.59667045774773,-176.38573893666498,9.084638343616147,,
351,C:\Users\zzang\Desktop\workspace\Python\golf\src\golfdb-master\learning_video\golfdb_720p_slice\351.mp4,7,Finish,438,mediapipe,True,172.14332225792973,178.97240469849186,-179.85875785904923,-175.5057707932499,3.6932590869305653,,
352,C:\Users\zzang\Desktop\workspace\Python\golf\src\golfdb-master\learning_video\golfdb_720p_slice\352.mp4,0,Address,59,mediapipe,True,110.9415898779581,,-175.2741944774459,178.96190217551563,6.643731707540777,lead_elbow_angle,missing_features:lead_elbow_angle
352,C:\Users\zzang\Desktop\workspace\Python\golf\src\golfdb-master\learning_video\golfdb_720p_slice\352.mp4,1,Toe-up,133,mediapipe,True,104.0248201691199,175.6776950315609,-177.4253552113562,-177.8308868894051,14.839983414568277,,
352,C:\Users\zzang\Desktop\workspace\Python\golf\src\golfdb-master\learning_video\golfdb_720p_slice\352.mp4,2,Mid-backswing,159,mediapipe,True,124.7107704842913,124.80735921857693,-174.2982402041877,-179.89173358932734,14.703596749280065,,
352,C:\Users\zzang\Desktop\workspace\Python\golf\src\golfdb-master\learning_video\golfdb_720p_slice\352.mp4,3,Top,200,mediapipe,True,93.65179243358033,3.7576910500232956,-175.950198438424,-178.47851105873832,14.809055076441933,,
352,C:\Users\zzang\Desktop\workspace\Python\golf\src\golfdb-master\learning_video\golfdb_720p_slice\352.mp4,4,Mid-downswing,221,mediapipe,True,98.96920994204943,,-173.82641853950884,-172.40809716015445,16.90602378141619,lead_elbow_angle,missing_features:lead_elbow_angle
352,C:\Users\zzang\Desktop\workspace\Python\golf\src\golfdb-master\learning_video\golfdb_720p_slice\352.mp4,5,Impact,235,mediapipe,True,107.49102714711127,164.06024986465593,-175.6341970554253,-173.8258566295183,8.315217276939329,,
352,C:\Users\zzang\Desktop\workspace\Python\golf\src\golfdb-master\learning_video\golfdb_720p_slice\352.mp4,6,Mid-follow-through,243,mediapipe,True,101.52841861096682,178.05303652214747,-170.6074839460217,177.33492690438422,11.97329168852184,,
352,C:\Users\zzang\Desktop\workspace\Python\golf\src\golfdb-master\learning_video\golfdb_720p_slice\352.mp4,7,Finish,329,mediapipe,True,97.37691881695109,61.600917756629094,-177.1055282772541,-179.5049871605673,3.2845395277950207,,
359,C:\Users\zzang\Desktop\workspace\Python\golf\src\golfdb-master\learning_video\golfdb_720p_slice\359.mp4,0,Address,300,mediapipe,True,171.36797053595473,168.71985170069007,-164.94594757617014,-177.97068425873883,6.3426677055309195,,
359,C:\Users\zzang\Desktop\workspace\Python\golf\src\golfdb-master\learning_video\golfdb_720p_slice\359.mp4,1,Toe-up,315,mediapipe,True,,160.99652435342892,152.35467272255684,177.61384703504046,13.491694304056058,trail_elbow_angle,missing_features:trail_elbow_angle
359,C:\Users\zzang\Desktop\workspace\Python\golf\src\golfdb-master\learning_video\golfdb_720p_slice\359.mp4,2,Mid-backswing,322,mediapipe,True,,141.14898917265754,43.90421974268893,179.60041067998992,11.312603362790092,trail_elbow_angle,missing_features:trail_elbow_angle
359,C:\Users\zzang\Desktop\workspace\Python\golf\src\golfdb-master\learning_video\golfdb_720p_slice\359.mp4,3,Top,332,mediapipe,True,,123.50174181393152,33.81464112799044,169.52090726006165,9.319864221246192,trail_elbow_angle,missing_features:trail_elbow_angle
359,C:\Users\zzang\Desktop\workspace\Python\golf\src\golfdb-master\learning_video\golfdb_720p_slice\359.mp4,4,Mid-downswing,336,mediapipe,True,,140.5034352559383,163.51306897356923,-178.32357080901275,8.674565747652293,trail_elbow_angle,missing_features:trail_elbow_angle
359,C:\Users\zzang\Desktop\workspace\Python\golf\src\golfdb-master\learning_video\golfdb_720p_slice\359.mp4,5,Impact,340,mediapipe,True,164.25127213370774,178.5006445200768,-147.0544862338087,-173.56723460171153,16.44212726047338,,
359,C:\Users\zzang\Desktop\workspace\Python\golf\src\golfdb-master\learning_video\golfdb_720p_slice\359.mp4,6,Mid-follow-through,342,mediapipe,True,159.71204708223814,156.22356583870138,-133.0508202765647,-172.41365814448196,22.467424028312184,,
359,C:\Users\zzang\Desktop\workspace\Python\golf\src\golfdb-master\learning_video\golfdb_720p_slice\359.mp4,7,Finish,366,mediapipe,True,,58.181335093318346,3.269166008622633,-22.512556509261902,-2.6929805192122296,trail_elbow_angle,missing_features:trail_elbow_angle
360,C:\Users\zzang\Desktop\workspace\Python\golf\src\golfdb-master\learning_video\golfdb_720p_slice\360.mp4,0,Address,42,mediapipe,True,173.44998814075134,166.52090243282044,-164.53156699139217,-176.0470773610535,6.856217228484684,,
360,C:\Users\zzang\Desktop\workspace\Python\golf\src\golfdb-master\learning_video\golfdb_720p_slice\360.mp4,1,Toe-up,103,mediapipe,True,154.59584606367994,164.69579816255768,148.94605569839194,176.41260285056427,11.0783333278947,,
360,C:\Users\zzang\Desktop\workspace\Python\golf\src\golfdb-master\learning_video\golfdb_720p_slice\360.mp4,2,Mid-backswing,130,mediapipe,True,,148.01194815860404,28.834135274316857,166.48267838756956,11.935938318023489,trail_elbow_angle,missing_features:trail_elbow_angle
360,C:\Users\zzang\Desktop\workspace\Python\golf\src\golfdb-master\learning_video\golfdb_720p_slice\360.mp4,3,Top,170,mediapipe,True,,110.08672775099265,150.59142284566505,-178.93570118774784,7.3691216381229205,trail_elbow_angle,missing_features:trail_elbow_angle
360,C:\Users\zzang\Desktop\workspace\Python\golf\src\golfdb-master\learning_video\golfdb_720p_slice\360.mp4,4,Mid-downswing,186,mediapipe,True,,148.33392877888,152.1589781282351,178.40823034502563,6.763152621275823,trail_elbow_angle,missing_features:trail_elbow_angle
360,C:\Users\zzang\Desktop\workspace\Python\golf\src\golfdb-master\learning_video\golfdb_720p_slice\360.mp4,5,Impact,200,mediapipe,True,155.10774799503815,161.08050009743263,-149.8677839896849,-171.01485317630525,19.365094927477198,,
360,C:\Users\zzang\Desktop\workspace\Python\golf\src\golfdb-master\learning_video\golfdb_720p_slice\360.mp4,6,Mid-follow-through,208,mediapipe,True,177.51757877073675,162.81407333212366,-135.64328145031376,-171.15013163800296,24.729377903668162,,
360,C:\Users\zzang\Desktop\workspace\Python\golf\src\golfdb-master\learning_video\golfdb_720p_slice\360.mp4,7,Finish,297,mediapipe,True,82.18017705704231,84.48305449625485,-9.588970347313435,-45.60385309503714,-3.0000996794444794,,
370,C:\Users\zzang\Desktop\workspace\Python\golf\src\golfdb-master\learning_video\golfdb_720p_slice\370.mp4,0,Address,154,mediapipe,True,167.76940505493803,167.45946676492247,-163.79387752485005,-172.7484692307099,7.184463808996855,,
370,C:\Users\zzang\Desktop\workspace\Python\golf\src\golfdb-master\learning_video\golfdb_720p_slice\370.mp4,1,Toe-up,171,mediapipe,True,161.4270897416684,157.31799494405055,164.28186503420915,-179.9217074835485,11.619525386471068,,
370,C:\Users\zzang\Desktop\workspace\Python\golf\src\golfdb-master\learning_video\golfdb_720p_slice\370.mp4,2,Mid-backswing,176,mediapipe,True,,140.59678259341635,168.33361591496543,-175.61186753799484,13.824123021676128,trail_elbow_angle,missing_features:trail_elbow_angle
370,C:\Users\zzang\Desktop\workspace\Python\golf\src\golfdb-master\learning_video\golfdb_720p_slice\370.mp4,3,Top,184,mediapipe,True,,51.87428437310124,-174.0412059271961,-173.76419462855927,13.39444521440012,trail_elbow_angle,missing_features:trail_elbow_angle
370,C:\Users\zzang\Desktop\workspace\Python\golf\src\golfdb-master\learning_video\golfdb_720p_slice\370.mp4,4,Mid-downswing,188,mediapipe,True,,133.68677444500426,179.88983600044963,179.43698906458096,12.231034471178683,trail_elbow_angle,missing_features:trail_elbow_angle
370,C:\Users\zzang\Desktop\workspace\Python\golf\src\golfdb-master\learning_video\golfdb_720p_slice\370.mp4,5,Impact,191,mediapipe,True,161.41464722454214,,-147.72872506269172,-169.37526775094332,23.211364573511645,lead_elbow_angle,missing_features:lead_elbow_angle
370,C:\Users\zzang\Desktop\workspace\Python\golf\src\golfdb-master\learning_video\golfdb_720p_slice\370.mp4,6,Mid-follow-through,193,mediapipe,True,156.40606244203138,173.47104379935416,-132.5699849548295,-167.04534325580116,23.742278513663948,,
370,C:\Users\zzang\Desktop\workspace\Python\golf\src\golfdb-master\learning_video\golfdb_720p_slice\370.mp4,7,Finish,209,mediapipe,True,34.884337641889886,,179.91751614492466,175.55025882021525,-1.1886926234813935,lead_elbow_angle,missing_features:lead_elbow_angle
371,C:\Users\zzang\Desktop\workspace\Python\golf\src\golfdb-master\learning_video\golfdb_720p_slice\371.mp4,0,Address,21,mediapipe,True,169.0179108255838,166.92526092834476,-162.6522832185631,-172.63044803829507,7.308514543592237,,
371,C:\Users\zzang\Desktop\workspace\Python\golf\src\golfdb-master\learning_video\golfdb_720p_slice\371.mp4,1,Toe-up,85,mediapipe,True,160.06131328287594,163.5850286511021,166.43019223568623,179.53909210154248,11.580484133231714,,
371,C:\Users\zzang\Desktop\workspace\Python\golf\src\golfdb-master\learning_video\golfdb_720p_slice\371.mp4,2,Mid-backswing,105,mediapipe,True,125.36609763688574,132.88539696673166,169.60054046286973,-177.55861199190258,11.145602429144311,,
371,C:\Users\zzang\Desktop\workspace\Python\golf\src\golfdb-master\learning_video\golfdb_720p_slice\371.mp4,3,Top,137,mediapipe,True,,59.14318658984998,-174.40382416296526,-174.18311302576262,13.401322700282787,trail_elbow_angle,missing_features:trail_elbow_angle
371,C:\Users\zzang\Desktop\workspace\Python\golf\src\golfdb-master\learning_video\golfdb_720p_slice\371.mp4,4,Mid-downswing,151,mediapipe,True,,127.1937796970991,170.97153588713357,178.19516955516045,11.174817015505793,trail_elbow_angle,missing_features:trail_elbow_angle
371,C:\Users\zzang\Desktop\workspace\Python\golf\src\golfdb-master\learning_video\golfdb_720p_slice\371.mp4,5,Impact,164,mediapipe,True,157.632124880102,169.0498969484908,-145.3515385314916,-170.2588825110259,22.648337414822496,,
371,C:\Users\zzang\Desktop\workspace\Python\golf\src\golfdb-master\learning_video\golfdb_720p_slice\371.mp4,6,Mid-follow-through,172,mediapipe,True,,178.8637217079044,-130.46983482978015,-166.519338311673,23.901170990531035,trail_elbow_angle,missing_features:trail_elbow_angle
371,C:\Users\zzang\Desktop\workspace\Python\golf\src\golfdb-master\learning_video\golfdb_720p_slice\371.mp4,7,Finish,234,mediapipe,True,143.21075648671987,,-175.3789847075621,173.60176994645877,-2.0703396202043587,lead_elbow_angle,missing_features:lead_elbow_angle
372,C:\Users\zzang\Desktop\workspace\Python\golf\src\golfdb-master\learning_video\golfdb_720p_slice\372.mp4,0,Address,129,mediapipe,True,178.04614526920275,176.19066978213462,-165.84351095972656,-173.09995873238304,8.860575538109533,,
372,C:\Users\zzang\Desktop\workspace\Python\golf\src\golfdb-master\learning_video\golfdb_720p_slice\372.mp4,1,Toe-up,150,mediapipe,True,158.96358367492545,166.40960475568056,176.6608392247907,-174.6209075654276,11.626499485862727,,
372,C:\Users\zzang\Desktop\workspace\Python\golf\src\golfdb-master\learning_video\golfdb_720p_slice\372.mp4,2,Mid-backswing,158,mediapipe,True,,137.961278748132,164.13061447028616,-175.45443350384463,10.796339404413853,trail_elbow_angle,missing_features:trail_elbow_angle
372,C:\Users\zzang\Desktop\workspace\Python\golf\src\golfdb-master\learning_video\golfdb_720p_slice\372.mp4,3,Top,167,mediapipe,True,,118.76368036531402,148.73110038775368,-174.78690473229418,7.946059352517844,trail_elbow_angle,missing_features:trail_elbow_angle
372,C:\Users\zzang\Desktop\workspace\Python\golf\src\golfdb-master\learning_video\golfdb_720p_slice\372.mp4,4,Mid-downswing,172,mediapipe,True,,133.69255354106886,178.02849562953674,-175.28738525700987,7.742052514721593,trail_elbow_angle,missing_features:trail_elbow_angle
372,C:\Users\zzang\Desktop\workspace\Python\golf\src\golfdb-master\learning_video\golfdb_720p_slice\372.mp4,5,Impact,176,mediapipe,True,164.6072137594463,169.58363736798114,-146.88118584501402,-172.84259423189542,18.75900110735054,,
372,C:\Users\zzang\Desktop\workspace\Python\golf\src\golfdb-master\learning_video\golfdb_720p_slice\372.mp4,6,Mid-follow-through,178,mediapipe,True,172.54555107162363,,-128.2272034299055,-169.6795575591474,18.99759331940186,lead_elbow_angle,missing_features:lead_elbow_angle
372,C:\Users\zzang\Desktop\workspace\Python\golf\src\golfdb-master\learning_video\golfdb_720p_slice\372.mp4,7,Finish,198,mediapipe,True,,,21.8086444428281,172.6139371721748,5.259349487323735,trail_elbow_angle|lead_elbow_angle,missing_features:trail_elbow_angle|lead_elbow_angle
373,C:\Users\zzang\Desktop\workspace\Python\golf\src\golfdb-master\learning_video\golfdb_720p_slice\373.mp4,0,Address,77,mediapipe,True,179.65320334579914,178.6369650088997,-161.88665020303466,-172.0982144692987,9.087974707522957,,
373,C:\Users\zzang\Desktop\workspace\Python\golf\src\golfdb-master\learning_video\golfdb_720p_slice\373.mp4,1,Toe-up,161,mediapipe,True,159.49042641596228,174.45655543693158,172.67107094947883,-176.40836544985365,11.212826615846348,,
373,C:\Users\zzang\Desktop\workspace\Python\golf\src\golfdb-master\learning_video\golfdb_720p_slice\373.mp4,2,Mid-backswing,190,mediapipe,True,,147.54440873583926,156.52426183224625,-175.85030971479733,10.127145861218722,trail_elbow_angle,missing_features:trail_elbow_angle
373,C:\Users\zzang\Desktop\workspace\Python\golf\src\golfdb-master\learning_video\golfdb_720p_slice\373.mp4,3,Top,224,mediapipe,True,,123.80585149367907,147.56451486576876,-176.99660658853162,7.627295075231762,trail_elbow_angle,missing_features:trail_elbow_angle
373,C:\Users\zzang\Desktop\workspace\Python\golf\src\golfdb-master\learning_video\golfdb_720p_slice\373.mp4,4,Mid-downswing,246,mediapipe,True,,139.51398109401035,161.97786472299384,-177.17322937547289,8.03084730034763,trail_elbow_angle,missing_features:trail_elbow_angle
373,C:\Users\zzang\Desktop\workspace\Python\golf\src\golfdb-master\learning_video\golfdb_720p_slice\373.mp4,5,Impact,262,mediapipe,True,151.82317598335177,177.99808031108876,-151.78630158368088,-170.10037021814293,14.48133007219425,,
373,C:\Users\zzang\Desktop\workspace\Python\golf\src\golfdb-master\learning_video\golfdb_720p_slice\373.mp4,6,Mid-follow-through,271,mediapipe,True,160.18925786996084,152.7895003074308,-146.95357321937638,-170.94948681799625,18.359154896663664,,
373,C:\Users\zzang\Desktop\workspace\Python\golf\src\golfdb-master\learning_video\golfdb_720p_slice\373.mp4,7,Finish,334,mediapipe,True,144.53834539170464,,-169.6708395225625,176.63003496396394,5.9413098885431355,lead_elbow_angle,missing_features:lead_elbow_angle
384,C:\Users\zzang\Desktop\workspace\Python\golf\src\golfdb-master\learning_video\golfdb_720p_slice\384.mp4,0,Address,303,mediapipe,True,171.80064978514784,175.93017269374596,-166.06597257932248,-170.8602239914132,2.458977507710448,,
384,C:\Users\zzang\Desktop\workspace\Python\golf\src\golfdb-master\learning_video\golfdb_720p_slice\384.mp4,1,Toe-up,324,mediapipe,True,159.52485111313783,171.0417340377725,156.7873428197229,177.90257376335987,3.8681233116903755,,
384,C:\Users\zzang\Desktop\workspace\Python\golf\src\golfdb-master\learning_video\golfdb_720p_slice\384.mp4,2,Mid-backswing,328,mediapipe,False,,,,,,trail_elbow_angle|lead_elbow_angle|shoulder_tilt|hip_tilt|spine_tilt,pose_not_detected
384,C:\Users\zzang\Desktop\workspace\Python\golf\src\golfdb-master\learning_video\golfdb_720p_slice\384.mp4,3,Top,336,mediapipe,True,,90.1201375541483,177.07922817280968,-178.86423929319213,6.869684950191504,trail_elbow_angle,missing_features:trail_elbow_angle
384,C:\Users\zzang\Desktop\workspace\Python\golf\src\golfdb-master\learning_video\golfdb_720p_slice\384.mp4,4,Mid-downswing,340,mediapipe,True,,135.76606021656852,158.42433014641708,179.88908128403483,11.125066182052247,trail_elbow_angle,missing_features:trail_elbow_angle
384,C:\Users\zzang\Desktop\workspace\Python\golf\src\golfdb-master\learning_video\golfdb_720p_slice\384.mp4,5,Impact,343,mediapipe,True,164.9728214075482,146.62733916130085,-153.04734785897332,-173.25824797693278,25.45348406526103,,
384,C:\Users\zzang\Desktop\workspace\Python\golf\src\golfdb-master\learning_video\golfdb_720p_slice\384.mp4,6,Mid-follow-through,345,mediapipe,True,150.95259887961,,-135.13525740320944,-169.7683306735777,25.94733589176675,lead_elbow_angle,missing_features:lead_elbow_angle
384,C:\Users\zzang\Desktop\workspace\Python\golf\src\golfdb-master\learning_video\golfdb_720p_slice\384.mp4,7,Finish,365,mediapipe,True,48.01782382275078,66.98029266240025,-171.52093192580097,175.36389203115417,5.539117035653938,,
385,C:\Users\zzang\Desktop\workspace\Python\golf\src\golfdb-master\learning_video\golfdb_720p_slice\385.mp4,0,Address,43,mediapipe,True,172.73247515539106,179.81599155237004,-167.81295533873967,-174.09251899037335,2.8207369061030554,,
385,C:\Users\zzang\Desktop\workspace\Python\golf\src\golfdb-master\learning_video\golfdb_720p_slice\385.mp4,1,Toe-up,124,mediapipe,True,159.28703356802654,174.2313813963268,157.56604013035584,177.99611605790776,5.285058508844382,,
385,C:\Users\zzang\Desktop\workspace\Python\golf\src\golfdb-master\learning_video\golfdb_720p_slice\385.mp4,2,Mid-backswing,140,mediapipe,True,,157.4387334054472,151.4777654679011,178.74720452862877,3.7129207152636736,trail_elbow_angle,missing_features:trail_elbow_angle
385,C:\Users\zzang\Desktop\workspace\Python\golf\src\golfdb-master\learning_video\golfdb_720p_slice\385.mp4,3,Top,173,mediapipe,True,,97.36164069184139,173.81661108496425,-179.24061760363912,6.059012568028354,trail_elbow_angle,missing_features:trail_elbow_angle
385,C:\Users\zzang\Desktop\workspace\Python\golf\src\golfdb-master\learning_video\golfdb_720p_slice\385.mp4,4,Mid-downswing,188,mediapipe,True,,137.22504513848605,157.65180279203213,177.76399379069736,9.840496528773242,trail_elbow_angle,missing_features:trail_elbow_angle
385,C:\Users\zzang\Desktop\workspace\Python\golf\src\golfdb-master\learning_video\golfdb_720p_slice\385.mp4,5,Impact,202,mediapipe,True,161.30489362307037,149.30529006580917,-147.11360284375104,-172.25538753453688,26.749432428988456,,
385,C:\Users\zzang\Desktop\workspace\Python\golf\src\golfdb-master\learning_video\golfdb_720p_slice\385.mp4,6,Mid-follow-through,209,mediapipe,True,146.54714440468166,,-136.2705807921833,-170.998326351205,26.30039479528341,lead_elbow_angle,missing_features:lead_elbow_angle
385,C:\Users\zzang\Desktop\workspace\Python\golf\src\golfdb-master\learning_video\golfdb_720p_slice\385.mp4,7,Finish,279,mediapipe,True,55.086454187121404,176.7146307846217,-172.78816962655824,174.87918845519542,4.283953966492707,,
386,C:\Users\zzang\Desktop\workspace\Python\golf\src\golfdb-master\learning_video\golfdb_720p_slice\386.mp4,0,Address,51,mediapipe,True,171.35903125983586,179.6481543352321,-167.56388776608657,-174.13584461288238,3.102476967062695,,
386,C:\Users\zzang\Desktop\workspace\Python\golf\src\golfdb-master\learning_video\golfdb_720p_slice\386.mp4,1,Toe-up,65,mediapipe,True,162.2713754747792,160.68425618133912,173.10622813790985,-179.5644832434505,7.748452066405005,,
386,C:\Users\zzang\Desktop\workspace\Python\golf\src\golfdb-master\learning_video\golfdb_720p_slice\386.mp4,2,Mid-backswing,70,mediapipe,True,,153.16102934629396,167.38503005604582,-179.92728433463654,9.927064156893172,trail_elbow_angle,missing_features:trail_elbow_angle
386,C:\Users\zzang\Desktop\workspace\Python\golf\src\golfdb-master\learning_video\golfdb_720p_slice\386.mp4,3,Top,79,mediapipe,True,,101.12802052666821,-176.9488452254816,179.11127956264338,6.406091272294731,trail_elbow_angle,missing_features:trail_elbow_angle
386,C:\Users\zzang\Desktop\workspace\Python\golf\src\golfdb-master\learning_video\golfdb_720p_slice\386.mp4,4,Mid-downswing,84,mediapipe,True,107.25174145176265,134.363667477857,179.59323661262036,-179.34959651106334,7.928119790335638,,
386,C:\Users\zzang\Desktop\workspace\Python\golf\src\golfdb-master\learning_video\golfdb_720p_slice\386.mp4,5,Impact,87,mediapipe,True,147.45312960709276,178.3719635402673,-143.76990970257626,-173.61400395094321,15.647880618019595,,
386,C:\Users\zzang\Desktop\workspace\Python\golf\src\golfdb-master\learning_video\golfdb_720p_slice\386.mp4,6,Mid-follow-through,89,mediapipe,True,145.08603433380938,157.01521682678552,-149.02412033988156,-176.3590217593254,15.284874493054874,,
386,C:\Users\zzang\Desktop\workspace\Python\golf\src\golfdb-master\learning_video\golfdb_720p_slice\386.mp4,7,Finish,104,mediapipe,True,60.41315726221439,113.38700021927627,-170.0283767722619,178.27633847629133,6.606514717318374,,
387,C:\Users\zzang\Desktop\workspace\Python\golf\src\golfdb-master\learning_video\golfdb_720p_slice\387.mp4,0,Address,50,mediapipe,True,166.81612869770245,179.31185989858784,-166.31525941826754,-174.74399654918423,2.2548574564074286,,
387,C:\Users\zzang\Desktop\workspace\Python\golf\src\golfdb-master\learning_video\golfdb_720p_slice\387.mp4,1,Toe-up,120,mediapipe,True,160.2786360084124,167.91285338337008,172.2632322081547,178.3534942491903,7.229140057236017,,
387,C:\Users\zzang\Desktop\workspace\Python\golf\src\golfdb-master\learning_video\golfdb_720p_slice\387.mp4,2,Mid-backswing,139,mediapipe,False,,,,,,trail_elbow_angle|lead_elbow_angle|shoulder_tilt|hip_tilt|spine_tilt,pose_not_detected
387,C:\Users\zzang\Desktop\workspace\Python\golf\src\golfdb-master\learning_video\golfdb_720p_slice\387.mp4,3,Top,173,mediapipe,True,,134.9419130506172,-177.9182306333189,-179.56070432463443,5.447545583429583,trail_elbow_angle,missing_features:trail_elbow_angle
387,C:\Users\zzang\Desktop\workspace\Python\golf\src\golfdb-master\learning_video\golfdb_720p_slice\387.mp4,4,Mid-downswing,193,mediapipe,True,106.35615106159663,118.2286349233085,174.80816407477923,-179.4039312408675,6.730868662662484,,
387,C:\Users\zzang\Desktop\workspace\Python\golf\src\golfdb-master\learning_video\golfdb_720p_slice\387.mp4,5,Impact,205,mediapipe,True,157.95076154936572,179.5201724639072,-150.76231329494362,-175.34163073566353,14.087616044212366,,
387,C:\Users\zzang\Desktop\workspace\Python\golf\src\golfdb-master\learning_video\golfdb_720p_slice\387.mp4,6,Mid-follow-through,213,mediapipe,True,141.84857407474678,157.07109247437097,-149.94667827209193,179.95603803921483,14.840883282845219,,
387,C:\Users\zzang\Desktop\workspace\Python\golf\src\golfdb-master\learning_video\golfdb_720p_slice\387.mp4,7,Finish,267,mediapipe,True,93.61335144177784,116.75973742197505,167.6606114894938,-171.4747879883395,6.945266504690692,,
392,C:\Users\zzang\Desktop\workspace\Python\golf\src\golfdb-master\learning_video\golfdb_720p_slice\392.mp4,0,Address,166,mediapipe,True,171.1637617936506,176.9162944769234,-165.15927323390935,-178.76438546480225,1.8749186544126415,,
392,C:\Users\zzang\Desktop\workspace\Python\golf\src\golfdb-master\learning_video\golfdb_720p_slice\392.mp4,1,Toe-up,190,mediapipe,True,161.2594317010034,173.4891153500943,167.97308537331529,-179.00549764497973,9.43421429307889,,
392,C:\Users\zzang\Desktop\workspace\Python\golf\src\golfdb-master\learning_video\golfdb_720p_slice\392.mp4,2,Mid-backswing,194,mediapipe,True,172.8611199848066,43.83183274928916,178.9579404542662,-177.5832839054787,7.605607764699244,,
392,C:\Users\zzang\Desktop\workspace\Python\golf\src\golfdb-master\learning_video\golfdb_720p_slice\392.mp4,3,Top,207,mediapipe,True,,120.18296873155059,176.67579490535456,-178.61422977871706,-1.2652002361169654,trail_elbow_angle,missing_features:trail_elbow_angle
392,C:\Users\zzang\Desktop\workspace\Python\golf\src\golfdb-master\learning_video\golfdb_720p_slice\392.mp4,4,Mid-downswing,211,mediapipe,True,134.79590112547524,151.10125426363325,178.94621097056398,-178.73168138980168,-0.022608435465348294,,
392,C:\Users\zzang\Desktop\workspace\Python\golf\src\golfdb-master\learning_video\golfdb_720p_slice\392.mp4,5,Impact,215,mediapipe,True,174.63760596363224,178.96854988509483,-164.5265371070344,179.80338742374053,10.142283581850116,,
392,C:\Users\zzang\Desktop\workspace\Python\golf\src\golfdb-master\learning_video\golfdb_720p_slice\392.mp4,6,Mid-follow-through,217,mediapipe,True,162.42556579401153,,-173.65911642399294,-176.5585295899482,11.963859258314368,lead_elbow_angle,missing_features:lead_elbow_angle
392,C:\Users\zzang\Desktop\workspace\Python\golf\src\golfdb-master\learning_video\golfdb_720p_slice\392.mp4,7,Finish,233,mediapipe,True,57.74637232392826,,178.8032432127792,177.08722220497654,-3.229555025942646,lead_elbow_angle,missing_features:lead_elbow_angle
393,C:\Users\zzang\Desktop\workspace\Python\golf\src\golfdb-master\learning_video\golfdb_720p_slice\393.mp4,0,Address,36,mediapipe,True,178.50921402557952,175.91712593328145,-165.06288910041408,-177.18484893668028,1.8074623353596708,,
393,C:\Users\zzang\Desktop\workspace\Python\golf\src\golfdb-master\learning_video\golfdb_720p_slice\393.mp4,1,Toe-up,113,mediapipe,True,160.5367578022904,163.5498298358368,171.7665885823478,-175.941935035543,9.374960128425307,,
393,C:\Users\zzang\Desktop\workspace\Python\golf\src\golfdb-master\learning_video\golfdb_720p_slice\393.mp4,2,Mid-backswing,128,mediapipe,True,154.11952515292998,75.22058883814044,172.03134238819715,-178.1464496858099,8.13155614925662,,
393,C:\Users\zzang\Desktop\workspace\Python\golf\src\golfdb-master\learning_video\golfdb_720p_slice\393.mp4,3,Top,182,mediapipe,True,,123.31189069210535,176.32289449252085,-177.8521941662959,-1.0474851673397891,trail_elbow_angle,missing_features:trail_elbow_angle
393,C:\Users\zzang\Desktop\workspace\Python\golf\src\golfdb-master\learning_video\golfdb_720p_slice\393.mp4,4,Mid-downswing,198,mediapipe,True,122.28919850190167,146.09505478316504,-179.30640871023806,-178.9749364978281,-0.21787720859430842,,
393,C:\Users\zzang\Desktop\workspace\Python\golf\src\golfdb-master\learning_video\golfdb_720p_slice\393.mp4,5,Impact,212,mediapipe,True,170.08692788169685,179.75768464736265,-166.85867107649392,-179.57065719084758,9.396803761177525,,
393,C:\Users\zzang\Desktop\workspace\Python\golf\src\golfdb-master\learning_video\golfdb_720p_slice\393.mp4,6,Mid-follow-through,222,mediapipe,True,172.82095769177835,158.7742783798198,-168.16193933882258,-178.79272108709955,12.972784012794737,,
393,C:\Users\zzang\Desktop\workspace\Python\golf\src\golfdb-master\learning_video\golfdb_720p_slice\393.mp4,7,Finish,279,mediapipe,True,,53.94354254317878,7.379787346341791,-15.987611217324599,-3.4223139238498788,trail_elbow_angle,missing_features:trail_elbow_angle
408,C:\Users\zzang\Desktop\workspace\Python\golf\src\golfdb-master\learning_video\golfdb_720p_slice\408.mp4,0,Address,242,mediapipe,True,165.3716772559914,175.50432229615788,-164.31380984105022,-173.337491207632,10.22733464766613,,
408,C:\Users\zzang\Desktop\workspace\Python\golf\src\golfdb-master\learning_video\golfdb_720p_slice\408.mp4,1,Toe-up,254,mediapipe,True,156.18296487451835,175.4172894997417,168.72133681773602,179.92058630355382,10.008160650497727,,
408,C:\Users\zzang\Desktop\workspace\Python\golf\src\golfdb-master\learning_video\golfdb_720p_slice\408.mp4,2,Mid-backswing,260,mediapipe,True,,138.54169416893185,23.655758846671354,17.2029660137416,11.67375200576854,trail_elbow_angle,missing_features:trail_elbow_angle
408,C:\Users\zzang\Desktop\workspace\Python\golf\src\golfdb-master\learning_video\golfdb_720p_slice\408.mp4,3,Top,266,mediapipe,True,142.03413536046293,141.3612949302767,175.47110584124832,-170.52622299385743,15.89422954288346,,
408,C:\Users\zzang\Desktop\workspace\Python\golf\src\golfdb-master\learning_video\golfdb_720p_slice\408.mp4,4,Mid-downswing,269,mediapipe,True,,153.11931968177151,-173.72741902784085,-174.53246871574066,16.19423073131976,trail_elbow_angle,missing_features:trail_elbow_angle
408,C:\Users\zzang\Desktop\workspace\Python\golf\src\golfdb-master\learning_video\golfdb_720p_slice\408.mp4,5,Impact,273,mediapipe,True,166.75387091134954,,-126.35574713145839,-173.09473219514942,27.195794302391192,lead_elbow_angle,missing_features:lead_elbow_angle
408,C:\Users\zzang\Desktop\workspace\Python\golf\src\golfdb-master\learning_video\golfdb_720p_slice\408.mp4,6,Mid-follow-through,275,mediapipe,True,136.68796305816778,160.93117951205645,-132.7216538499734,-166.9452695505,21.689820264692788,,
408,C:\Users\zzang\Desktop\workspace\Python\golf\src\golfdb-master\learning_video\golfdb_720p_slice\408.mp4,7,Finish,293,mediapipe,True,45.07125731294184,,-161.66924177683734,-175.06802683059377,7.236639981444292,lead_elbow_angle,missing_features:lead_elbow_angle
409,C:\Users\zzang\Desktop\workspace\Python\golf\src\golfdb-master\learning_video\golfdb_720p_slice\409.mp4,0,Address,46,mediapipe,True,168.61313319967013,177.05807410659014,-163.93577098447736,-173.4036918716078,9.245029318583473,,
409,C:\Users\zzang\Desktop\workspace\Python\golf\src\golfdb-master\learning_video\golfdb_720p_slice\409.mp4,1,Toe-up,90,mediapipe,True,153.42493369187082,178.4570602714539,173.9641518040497,-177.5666396473726,10.131960472950775,,
409,C:\Users\zzang\Desktop\workspace\Python\golf\src\golfdb-master\learning_video\golfdb_720p_slice\409.mp4,2,Mid-backswing,113,mediapipe,True,137.56834507534347,148.3822060541551,-178.9896493240144,-177.13556873318146,10.860838235445964,,
409,C:\Users\zzang\Desktop\workspace\Python\golf\src\golfdb-master\learning_video\golfdb_720p_slice\409.mp4,3,Top,138,mediapipe,True,158.63712235911652,109.7913084930795,178.55656024342576,-170.4241258252296,15.039066228620658,,
409,C:\Users\zzang\Desktop\workspace\Python\golf\src\golfdb-master\learning_video\golfdb_720p_slice\409.mp4,4,Mid-downswing,151,mediapipe,True,,150.73012378687702,177.30321636777646,-174.10171654597428,16.834678697811853,trail_elbow_angle,missing_features:trail_elbow_angle
409,C:\Users\zzang\Desktop\workspace\Python\golf\src\golfdb-master\learning_video\golfdb_720p_slice\409.mp4,5,Impact,165,mediapipe,True,165.48708569508855,174.04550158183335,-139.43224335536752,-170.1017386155096,23.515861289254744,,
409,C:\Users\zzang\Desktop\workspace\Python\golf\src\golfdb-master\learning_video\golfdb_720p_slice\409.mp4,6,Mid-follow-through,173,mediapipe,True,158.95065261086933,162.3153389865988,-129.0761612870799,-173.61541018225338,27.048522423353297,,
409,C:\Users\zzang\Desktop\workspace\Python\golf\src\golfdb-master\learning_video\golfdb_720p_slice\409.mp4,7,Finish,245,mediapipe,True,50.18761223440101,,-161.15081172976028,179.97666690034265,5.865064097695895,lead_elbow_angle,missing_features:lead_elbow_angle
420,C:\Users\zzang\Desktop\workspace\Python\golf\src\golfdb-master\learning_video\golfdb_720p_slice\420.mp4,0,Address,131,mediapipe,True,163.89316952328448,170.9005995371737,-166.57144097091665,-174.38674768371845,7.567041714130725,,
420,C:\Users\zzang\Desktop\workspace\Python\golf\src\golfdb-master\learning_video\golfdb_720p_slice\420.mp4,1,Toe-up,153,mediapipe,True,167.87574967853143,179.11690390734347,176.53864253916294,-179.53383847287307,8.14829007509812,,
420,C:\Users\zzang\Desktop\workspace\Python\golf\src\golfdb-master\learning_video\golfdb_720p_slice\420.mp4,2,Mid-backswing,158,mediapipe,True,,158.46570490362183,173.28245986281337,-177.96613400584195,9.994823846312299,trail_elbow_angle,missing_features:trail_elbow_angle
420,C:\Users\zzang\Desktop\workspace\Python\golf\src\golfdb-master\learning_video\golfdb_720p_slice\420.mp4,3,Top,168,mediapipe,True,,111.76601523969119,-167.54845370336525,-176.7654702435527,9.580176283295245,trail_elbow_angle,missing_features:trail_elbow_angle
420,C:\Users\zzang\Desktop\workspace\Python\golf\src\golfdb-master\learning_video\golfdb_720p_slice\420.mp4,4,Mid-downswing,173,mediapipe,True,,141.02650434068698,168.14541824690264,-178.58716279648874,9.676555458755972,trail_elbow_angle,missing_features:trail_elbow_angle
420,C:\Users\zzang\Desktop\workspace\Python\golf\src\golfdb-master\learning_video\golfdb_720p_slice\420.mp4,5,Impact,176,mediapipe,True,177.59863492646056,163.62985582276622,-158.75172476644704,-170.00571535614876,15.559466955388363,,
420,C:\Users\zzang\Desktop\workspace\Python\golf\src\golfdb-master\learning_video\golfdb_720p_slice\420.mp4,6,Mid-follow-through,179,mediapipe,True,154.02650905514022,73.05871712583743,-151.0241794191078,-171.9498674642418,16.384248144124612,,
420,C:\Users\zzang\Desktop\workspace\Python\golf\src\golfdb-master\learning_video\golfdb_720p_slice\420.mp4,7,Finish,201,mediapipe,True,59.21232284051801,,-164.71449545318256,179.26247959433513,10.367312399520648,lead_elbow_angle,missing_features:lead_elbow_angle
421,C:\Users\zzang\Desktop\workspace\Python\golf\src\golfdb-master\learning_video\golfdb_720p_slice\421.mp4,0,Address,57,mediapipe,True,158.04216152403637,172.37140508379025,-166.94013055304654,-174.62216320540034,7.038757098575421,,
421,C:\Users\zzang\Desktop\workspace\Python\golf\src\golfdb-master\learning_video\golfdb_720p_slice\421.mp4,1,Toe-up,140,mediapipe,True,,179.17906329432475,172.29356787140424,178.73241579591925,8.458347196290509,trail_elbow_angle,missing_features:trail_elbow_angle
421,C:\Users\zzang\Desktop\workspace\Python\golf\src\golfdb-master\learning_video\golfdb_720p_slice\421.mp4,2,Mid-backswing,160,mediapipe,True,,150.2979815849159,173.34108120003216,-176.88645317871917,9.486620494183715,trail_elbow_angle,missing_features:trail_elbow_angle
421,C:\Users\zzang\Desktop\workspace\Python\golf\src\golfdb-master\learning_video\golfdb_720p_slice\421.mp4,3,Top,197,mediapipe,True,,104.77971024649476,-174.08944616109693,-176.1305272051319,9.819198398036322,trail_elbow_angle,missing_features:trail_elbow_angle
421,C:\Users\zzang\Desktop\workspace\Python\golf\src\golfdb-master\learning_video\golfdb_720p_slice\421.mp4,4,Mid-downswing,217,mediapipe,True,,150.86662657771944,-179.9387755380046,-177.73712437407093,10.452180374798198,trail_elbow_angle,missing_features:trail_elbow_angle
421,C:\Users\zzang\Desktop\workspace\Python\golf\src\golfdb-master\learning_video\golfdb_720p_slice\421.mp4,5,Impact,232,mediapipe,True,157.13924692664196,169.30856028358392,-153.14823386271067,-172.6975549406645,18.20069027431787,,
421,C:\Users\zzang\Desktop\workspace\Python\golf\src\golfdb-master\learning_video\golfdb_720p_slice\421.mp4,6,Mid-follow-through,241,mediapipe,True,172.16153490994395,81.52084514485558,-146.00268927361617,-171.5092745117689,16.363701487873406,,
421,C:\Users\zzang\Desktop\workspace\Python\golf\src\golfdb-master\learning_video\golfdb_720p_slice\421.mp4,7,Finish,330,mediapipe,True,47.824123272578426,,-161.31137917845788,-176.42804275057856,8.780803024069062,lead_elbow_angle,missing_features:lead_elbow_angle
422,C:\Users\zzang\Desktop\workspace\Python\golf\src\golfdb-master\learning_video\golfdb_720p_slice\422.mp4,0,Address,327,mediapipe,True,161.75808928257132,171.77948987273635,-171.29592564493353,-174.60839374586152,-1.0291932566166524,,
422,C:\Users\zzang\Desktop\workspace\Python\golf\src\golfdb-master\learning_video\golfdb_720p_slice\422.mp4,1,Toe-up,338,mediapipe,True,154.7166893935162,123.42895293330895,170.4680873555968,-178.6924794831111,8.52624851314185,,
422,C:\Users\zzang\Desktop\workspace\Python\golf\src\golfdb-master\learning_video\golfdb_720p_slice\422.mp4,2,Mid-backswing,341,mediapipe,True,109.68104511027302,146.2124915452878,174.00320634501387,-178.0400575094587,9.328613426931865,,
422,C:\Users\zzang\Desktop\workspace\Python\golf\src\golfdb-master\learning_video\golfdb_720p_slice\422.mp4,3,Top,348,mediapipe,True,118.53843718707805,131.43896453098867,-171.96435782841294,-178.59516058732436,11.980490875570453,,
422,C:\Users\zzang\Desktop\workspace\Python\golf\src\golfdb-master\learning_video\golfdb_720p_slice\422.mp4,4,Mid-downswing,351,mediapipe,True,43.853216322498746,138.01750458799026,-165.54345721460345,-173.32519992131247,11.33217931163963,,
422,C:\Users\zzang\Desktop\workspace\Python\golf\src\golfdb-master\learning_video\golfdb_720p_slice\422.mp4,5,Impact,354,mediapipe,True,161.44679870766882,165.99018172710615,-139.45026111724138,-165.1436459704803,23.27883902692446,,
422,C:\Users\zzang\Desktop\workspace\Python\golf\src\golfdb-master\learning_video\golfdb_720p_slice\422.mp4,6,Mid-follow-through,356,mediapipe,True,165.77371776644307,164.39070868597258,-129.0699482877188,-160.66139162574518,23.5692429033586,,
422,C:\Users\zzang\Desktop\workspace\Python\golf\src\golfdb-master\learning_video\golfdb_720p_slice\422.mp4,7,Finish,370,mediapipe,True,84.08690713201123,,-167.51606900381748,-177.53061572122374,12.07533489932896,lead_elbow_angle,missing_features:lead_elbow_angle
423,C:\Users\zzang\Desktop\workspace\Python\golf\src\golfdb-master\learning_video\golfdb_720p_slice\423.mp4,0,Address,96,mediapipe,True,158.4611162998629,178.5074882315006,-167.1193752847155,-173.48415837546105,2.0045828441459084,,
423,C:\Users\zzang\Desktop\workspace\Python\golf\src\golfdb-master\learning_video\golfdb_720p_slice\423.mp4,1,Toe-up,108,mediapipe,True,138.23500848226834,108.3804897647548,176.71671480563177,-174.55343743945699,9.326659828719876,,
423,C:\Users\zzang\Desktop\workspace\Python\golf\src\golfdb-master\learning_video\golfdb_720p_slice\423.mp4,2,Mid-backswing,111,mediapipe,True,135.7371504917008,,-176.2139398748195,-175.46368173154738,10.250919654591335,lead_elbow_angle,missing_features:lead_elbow_angle
423,C:\Users\zzang\Desktop\workspace\Python\golf\src\golfdb-master\learning_video\golfdb_720p_slice\423.mp4,3,Top,117,mediapipe,True,144.4617209329367,,-170.49081570070368,-174.86756841677337,14.737987308649787,lead_elbow_angle,missing_features:lead_elbow_angle
423,C:\Users\zzang\Desktop\workspace\Python\golf\src\golfdb-master\learning_video\golfdb_720p_slice\423.mp4,4,Mid-downswing,121,mediapipe,True,118.44755127070034,144.12890474508035,-163.70929711167506,-172.4108986298108,13.519929899781257,,
423,C:\Users\zzang\Desktop\workspace\Python\golf\src\golfdb-master\learning_video\golfdb_720p_slice\423.mp4,5,Impact,124,mediapipe,True,159.38143813490674,167.59935597663224,-137.8934229652102,-170.3391913564863,24.156539279862304,,
423,C:\Users\zzang\Desktop\workspace\Python\golf\src\golfdb-master\learning_video\golfdb_720p_slice\423.mp4,6,Mid-follow-through,126,mediapipe,True,147.7664179498349,149.10625444663404,-134.91197899773903,-168.45848406231596,25.838289288370813,,
423,C:\Users\zzang\Desktop\workspace\Python\golf\src\golfdb-master\learning_video\golfdb_720p_slice\423.mp4,7,Finish,138,mediapipe,True,84.71833049074046,,169.7509779546988,-175.47367513360564,15.80260895389624,lead_elbow_angle,missing_features:lead_elbow_angle
424,C:\Users\zzang\Desktop\workspace\Python\golf\src\golfdb-master\learning_video\golfdb_720p_slice\424.mp4,0,Address,70,mediapipe,True,162.03081004645082,172.0705215816498,-172.68467627550675,-176.50163930324442,-0.5767239390606023,,
424,C:\Users\zzang\Desktop\workspace\Python\golf\src\golfdb-master\learning_video\golfdb_720p_slice\424.mp4,1,Toe-up,114,mediapipe,True,163.27214821168022,151.1954121272527,168.35568352084593,-178.5267081401302,7.884030283301454,,
424,C:\Users\zzang\Desktop\workspace\Python\golf\src\golfdb-master\learning_video\golfdb_720p_slice\424.mp4,2,Mid-backswing,127,mediapipe,True,81.4415819509257,148.97152119838694,173.98946282237569,-177.3603986617915,10.05730421536402,,
424,C:\Users\zzang\Desktop\workspace\Python\golf\src\golfdb-master\learning_video\golfdb_720p_slice\424.mp4,3,Top,154,mediapipe,True,135.41809888506504,131.90101009192531,-175.983383155437,-176.3121798834936,12.273272136983689,,
424,C:\Users\zzang\Desktop\workspace\Python\golf\src\golfdb-master\learning_video\golfdb_720p_slice\424.mp4,4,Mid-downswing,166,mediapipe,True,83.11166806384703,140.69261438242424,-178.4864754340243,-176.48697618012883,11.525299793099684,,
424,C:\Users\zzang\Desktop\workspace\Python\golf\src\golfdb-master\learning_video\golfdb_720p_slice\424.mp4,5,Impact,180,mediapipe,True,156.08924529755518,167.31612517064735,-146.57336741779704,-171.02039176950635,21.50006487087798,,
424,C:\Users\zzang\Desktop\workspace\Python\golf\src\golfdb-master\learning_video\golfdb_720p_slice\424.mp4,6,Mid-follow-through,188,mediapipe,True,160.73230221955106,172.21274998934504,-134.49684704394159,-164.77425085960454,25.297873827653056,,
424,C:\Users\zzang\Desktop\workspace\Python\golf\src\golfdb-master\learning_video\golfdb_720p_slice\424.mp4,7,Finish,243,mediapipe,True,79.87448812498468,,-167.97844577577757,-177.20524068253576,12.921809558413804,lead_elbow_angle,missing_features:lead_elbow_angle
425,C:\Users\zzang\Desktop\workspace\Python\golf\src\golfdb-master\learning_video\golfdb_720p_slice\425.mp4,0,Address,62,mediapipe,True,156.15756571216758,174.82444082613287,-165.82027812767726,-173.86832461496246,2.6782998821633703,,
425,C:\Users\zzang\Desktop\workspace\Python\golf\src\golfdb-master\learning_video\golfdb_720p_slice\425.mp4,1,Toe-up,103,mediapipe,True,151.2533711934295,148.78988992348815,172.06986469696895,-178.2629192874608,8.396211505050633,,
425,C:\Users\zzang\Desktop\workspace\Python\golf\src\golfdb-master\learning_video\golfdb_720p_slice\425.mp4,2,Mid-backswing,117,mediapipe,True,150.00386935169414,,-173.54094318491303,-175.19825135918862,9.693221430101817,lead_elbow_angle,missing_features:lead_elbow_angle
425,C:\Users\zzang\Desktop\workspace\Python\golf\src\golfdb-master\learning_video\golfdb_720p_slice\425.mp4,3,Top,142,mediapipe,True,145.6368874989351,128.35319486340134,-169.64527904092583,-173.7627486496776,14.42117328464716,,
425,C:\Users\zzang\Desktop\workspace\Python\golf\src\golfdb-master\learning_video\golfdb_720p_slice\425.mp4,4,Mid-downswing,155,mediapipe,True,109.91387439319867,140.18231839084777,-177.02622305764368,-176.50551374732058,13.233321908813751,,
425,C:\Users\zzang\Desktop\workspace\Python\golf\src\golfdb-master\learning_video\golfdb_720p_slice\425.mp4,5,Impact,169,mediapipe,True,157.6104009424834,166.18104168367222,-144.56008472394672,-172.17055042365163,23.645402683932712,,
425,C:\Users\zzang\Desktop\workspace\Python\golf\src\golfdb-master\learning_video\golfdb_720p_slice\425.mp4,6,Mid-follow-through,177,mediapipe,True,155.64419527214548,163.7964839920305,-133.56170529183407,-168.14687089050005,26.347684306563792,,
425,C:\Users\zzang\Desktop\workspace\Python\golf\src\golfdb-master\learning_video\golfdb_720p_slice\425.mp4,7,Finish,224,mediapipe,True,84.76655011287517,,-169.2439750813975,-177.7680228589936,15.888689218526697,lead_elbow_angle,missing_features:lead_elbow_angle
434,C:\Users\zzang\Desktop\workspace\Python\golf\src\golfdb-master\learning_video\golfdb_720p_slice\434.mp4,0,Address,133,mediapipe,True,162.7073047868664,162.95431307209742,-169.85160600834348,-176.33826972208738,-0.8200911753754353,,
434,C:\Users\zzang\Desktop\workspace\Python\golf\src\golfdb-master\learning_video\golfdb_720p_slice\434.mp4,1,Toe-up,150,mediapipe,True,154.55705593773973,123.58077664670388,170.64825506432032,179.80853090336456,-1.4439876389196211,,
434,C:\Users\zzang\Desktop\workspace\Python\golf\src\golfdb-master\learning_video\golfdb_720p_slice\434.mp4,2,Mid-backswing,155,mediapipe,True,126.49259137016381,147.13024704734877,168.61578495621018,178.76553003621407,-1.1694875680237704,,
434,C:\Users\zzang\Desktop\workspace\Python\golf\src\golfdb-master\learning_video\golfdb_720p_slice\434.mp4,3,Top,165,mediapipe,True,120.97537766683003,38.12458612472154,179.19631815662075,178.66076748175053,1.3772650172748424,,
434,C:\Users\zzang\Desktop\workspace\Python\golf\src\golfdb-master\learning_video\golfdb_720p_slice\434.mp4,4,Mid-downswing,169,mediapipe,True,127.23219346024769,43.8461260142053,-158.5363519906939,-174.53413451517937,10.491358397844795,,
434,C:\Users\zzang\Desktop\workspace\Python\golf\src\golfdb-master\learning_video\golfdb_720p_slice\434.mp4,5,Impact,172,mediapipe,True,153.46958147281728,,-146.68205068463413,-175.75963966099053,18.653881418320925,lead_elbow_angle,missing_features:lead_elbow_angle
434,C:\Users\zzang\Desktop\workspace\Python\golf\src\golfdb-master\learning_video\golfdb_720p_slice\434.mp4,6,Mid-follow-through,174,mediapipe,True,146.78629596839687,142.68661922338723,-142.59062789343622,-174.5421212306272,17.286906156945992,,
434,C:\Users\zzang\Desktop\workspace\Python\golf\src\golfdb-master\learning_video\golfdb_720p_slice\434.mp4,7,Finish,197,mediapipe,True,48.99473518163547,27.195819960034008,-169.85065281607407,178.53627429291944,4.8669280633949095,,
440,C:\Users\zzang\Desktop\workspace\Python\golf\src\golfdb-master\learning_video\golfdb_720p_slice\440.mp4,0,Address,245,mediapipe,True,166.01238191636617,171.52205400148742,-174.52685163023656,-174.71355171384988,4.377525057959308,,
440,C:\Users\zzang\Desktop\workspace\Python\golf\src\golfdb-master\learning_video\golfdb_720p_slice\440.mp4,1,Toe-up,264,mediapipe,True,,117.2739917147083,19.359916726597028,23.871164257667342,18.347975508127373,trail_elbow_angle,missing_features:trail_elbow_angle
440,C:\Users\zzang\Desktop\workspace\Python\golf\src\golfdb-master\learning_video\golfdb_720p_slice\440.mp4,2,Mid-backswing,268,mediapipe,True,114.03594173146911,148.20179767175586,179.83209261459626,-174.99705070727524,7.173791439522112,,
440,C:\Users\zzang\Desktop\workspace\Python\golf\src\golfdb-master\learning_video\golfdb_720p_slice\440.mp4,3,Top,279,mediapipe,True,130.92243948396685,78.38394484430653,-157.16758135102893,-174.57628943088588,13.410759638104324,,
440,C:\Users\zzang\Desktop\workspace\Python\golf\src\golfdb-master\learning_video\golfdb_720p_slice\440.mp4,4,Mid-downswing,283,mediapipe,True,104.01297256766829,138.9934821481997,-165.17150562488212,-170.56568096022076,17.62200979403033,,
440,C:\Users\zzang\Desktop\workspace\Python\golf\src\golfdb-master\learning_video\golfdb_720p_slice\440.mp4,5,Impact,287,mediapipe,True,146.56123498963726,150.67426873271503,-155.92536090163713,-168.54786586800478,28.59185661575049,,
440,C:\Users\zzang\Desktop\workspace\Python\golf\src\golfdb-master\learning_video\golfdb_720p_slice\440.mp4,6,Mid-follow-through,289,mediapipe,True,87.3515510682512,146.35557579610938,-152.8089086592888,-171.17000319822745,23.616377267749687,,
440,C:\Users\zzang\Desktop\workspace\Python\golf\src\golfdb-master\learning_video\golfdb_720p_slice\440.mp4,7,Finish,318,mediapipe,True,46.087816661832974,151.76470709798008,-179.87110955398066,179.8343424328776,6.960737303429108,,
442,C:\Users\zzang\Desktop\workspace\Python\golf\src\golfdb-master\learning_video\golfdb_720p_slice\442.mp4,0,Address,13,mediapipe,True,162.79367143367824,172.25667069346662,-169.32911050710146,-175.17507834242653,-0.4783902253074134,,
442,C:\Users\zzang\Desktop\workspace\Python\golf\src\golfdb-master\learning_video\golfdb_720p_slice\442.mp4,1,Toe-up,31,mediapipe,True,137.19045157260592,126.92549662016282,170.55414565448265,179.60290981118573,-2.1414813893703752,,
442,C:\Users\zzang\Desktop\workspace\Python\golf\src\golfdb-master\learning_video\golfdb_720p_slice\442.mp4,2,Mid-backswing,34,mediapipe,True,120.79232881954104,132.97310995164733,170.32862251348118,-179.3310678389686,-0.5738323490109664,,
442,C:\Users\zzang\Desktop\workspace\Python\golf\src\golfdb-master\learning_video\golfdb_720p_slice\442.mp4,3,Top,45,mediapipe,True,176.20645798282573,12.097359310748049,-177.83448925223382,178.9254441745609,3.7000486146541114,,
442,C:\Users\zzang\Desktop\workspace\Python\golf\src\golfdb-master\learning_video\golfdb_720p_slice\442.mp4,4,Mid-downswing,49,mediapipe,True,114.14143438998296,53.5698312513508,-157.86224049618852,-175.4943476432907,9.882135575626126,,
442,C:\Users\zzang\Desktop\workspace\Python\golf\src\golfdb-master\learning_video\golfdb_720p_slice\442.mp4,5,Impact,53,mediapipe,True,132.27636219334985,45.36323772274475,-145.87488858012048,179.75639146474367,17.3753617807473,,
442,C:\Users\zzang\Desktop\workspace\Python\golf\src\golfdb-master\learning_video\golfdb_720p_slice\442.mp4,6,Mid-follow-through,54,mediapipe,True,145.45936922482247,170.2259138326351,-146.13588246990264,-174.74206613513874,17.03573010696698,,
442,C:\Users\zzang\Desktop\workspace\Python\golf\src\golfdb-master\learning_video\golfdb_720p_slice\442.mp4,7,Finish,75,mediapipe,True,44.29365080856449,16.89187949354441,-171.45573552365684,175.21315727122,4.554461995022901,,
447,C:\Users\zzang\Desktop\workspace\Python\golf\src\golfdb-master\learning_video\golfdb_720p_slice\447.mp4,0,Address,41,mediapipe,True,164.9005441022905,170.5261327061421,-177.22023319042674,-176.80849676818013,4.978351640844429,,
447,C:\Users\zzang\Desktop\workspace\Python\golf\src\golfdb-master\learning_video\golfdb_720p_slice\447.mp4,1,Toe-up,83,mediapipe,False,,,,,,trail_elbow_angle|lead_elbow_angle|shoulder_tilt|hip_tilt|spine_tilt,pose_not_detected
447,C:\Users\zzang\Desktop\workspace\Python\golf\src\golfdb-master\learning_video\golfdb_720p_slice\447.mp4,2,Mid-backswing,100,mediapipe,True,113.26861925861915,148.4106254604098,-179.04941830789707,-175.31886791814438,9.019581019282636,,
447,C:\Users\zzang\Desktop\workspace\Python\golf\src\golfdb-master\learning_video\golfdb_720p_slice\447.mp4,3,Top,143,mediapipe,True,141.56322451040853,73.38810980827478,-154.74610691627305,-174.49663087022674,13.257874134022172,,
447,C:\Users\zzang\Desktop\workspace\Python\golf\src\golfdb-master\learning_video\golfdb_720p_slice\447.mp4,4,Mid-downswing,160,mediapipe,True,127.90862042811001,140.39851809755012,-177.78257574410128,-176.19854512563512,14.430141217226062,,
447,C:\Users\zzang\Desktop\workspace\Python\golf\src\golfdb-master\learning_video\golfdb_720p_slice\447.mp4,5,Impact,173,mediapipe,True,140.80656873101492,163.83082775846503,-161.30056799091523,-172.47028894239367,20.23257742815346,,
447,C:\Users\zzang\Desktop\workspace\Python\golf\src\golfdb-master\learning_video\golfdb_720p_slice\447.mp4,6,Mid-follow-through,180,mediapipe,True,158.03486945654572,175.84513967814982,-158.7184875831259,-169.31299811776213,24.931472015749495,,
447,C:\Users\zzang\Desktop\workspace\Python\golf\src\golfdb-master\learning_video\golfdb_720p_slice\447.mp4,7,Finish,268,mediapipe,True,99.96796995306443,,-178.96521666173587,-172.17318756444504,6.738069547342473,lead_elbow_angle,missing_features:lead_elbow_angle
456,C:\Users\zzang\Desktop\workspace\Python\golf\src\golfdb-master\learning_video\golfdb_720p_slice\456.mp4,0,Address,311,mediapipe,True,169.59397766174342,175.7631565511244,-165.05979929011113,-176.76854745510644,4.593956843780649,,
456,C:\Users\zzang\Desktop\workspace\Python\golf\src\golfdb-master\learning_video\golfdb_720p_slice\456.mp4,1,Toe-up,322,mediapipe,True,149.85249084092143,172.512919735345,170.2657881319254,179.99229602369476,5.308504760320209,,
456,C:\Users\zzang\Desktop\workspace\Python\golf\src\golfdb-master\learning_video\golfdb_720p_slice\456.mp4,2,Mid-backswing,326,mediapipe,True,147.67172621349803,152.20474953628596,170.27153937857977,178.49772429851615,5.797013390867948,,
456,C:\Users\zzang\Desktop\workspace\Python\golf\src\golfdb-master\learning_video\golfdb_720p_slice\456.mp4,3,Top,334,mediapipe,True,155.28681477402426,117.77269721270075,179.0559880379428,-177.38962009158698,8.74601323370134,,
456,C:\Users\zzang\Desktop\workspace\Python\golf\src\golfdb-master\learning_video\golfdb_720p_slice\456.mp4,4,Mid-downswing,338,mediapipe,True,,164.823520593268,178.95329153737902,-175.03232745229727,10.291993787808481,trail_elbow_angle,missing_features:trail_elbow_angle
456,C:\Users\zzang\Desktop\workspace\Python\golf\src\golfdb-master\learning_video\golfdb_720p_slice\456.mp4,5,Impact,341,mediapipe,True,167.4963133848133,176.57609454810796,-144.91095788093025,-170.4407485464646,19.999487209010663,,
456,C:\Users\zzang\Desktop\workspace\Python\golf\src\golfdb-master\learning_video\golfdb_720p_slice\456.mp4,6,Mid-follow-through,343,mediapipe,True,169.06831991508565,,-135.97304847263436,-116.01431447134418,22.359649656679288,lead_elbow_angle,missing_features:lead_elbow_angle
456,C:\Users\zzang\Desktop\workspace\Python\golf\src\golfdb-master\learning_video\golfdb_720p_slice\456.mp4,7,Finish,362,mediapipe,True,103.20383989362331,53.575609414542356,11.186865800172157,-0.7698803848738276,3.1651366341597877,,
457,C:\Users\zzang\Desktop\workspace\Python\golf\src\golfdb-master\learning_video\golfdb_720p_slice\457.mp4,0,Address,31,mediapipe,True,163.16828766584217,175.5577903119109,-164.61854940273128,178.07676439887726,6.1016968212953975,,
457,C:\Users\zzang\Desktop\workspace\Python\golf\src\golfdb-master\learning_video\golfdb_720p_slice\457.mp4,1,Toe-up,77,mediapipe,True,151.75254804974224,172.60180906589343,171.13790977286473,-178.45910953606904,5.756255697534958,,
457,C:\Users\zzang\Desktop\workspace\Python\golf\src\golfdb-master\learning_video\golfdb_720p_slice\457.mp4,2,Mid-backswing,93,mediapipe,True,159.27074284622964,156.04627993614082,159.78540317118345,178.52379026358804,5.659039245539787,,
457,C:\Users\zzang\Desktop\workspace\Python\golf\src\golfdb-master\learning_video\golfdb_720p_slice\457.mp4,3,Top,124,mediapipe,True,154.59909892009674,75.59279181402033,177.98107138904598,-177.673306166318,6.294323951464498,,
457,C:\Users\zzang\Desktop\workspace\Python\golf\src\golfdb-master\learning_video\golfdb_720p_slice\457.mp4,4,Mid-downswing,142,mediapipe,True,,157.7707044319416,178.42901602663642,-177.03725318944112,8.85419023986748,trail_elbow_angle,missing_features:trail_elbow_angle
457,C:\Users\zzang\Desktop\workspace\Python\golf\src\golfdb-master\learning_video\golfdb_720p_slice\457.mp4,5,Impact,154,mediapipe,True,160.9110477020689,172.94159597197262,-150.78525646092922,-177.09763057972006,16.756100003243148,,
457,C:\Users\zzang\Desktop\workspace\Python\golf\src\golfdb-master\learning_video\golfdb_720p_slice\457.mp4,6,Mid-follow-through,161,mediapipe,True,175.43846853189785,161.75640395642532,-128.66558288734547,-169.96152476157962,20.48397685577168,,
457,C:\Users\zzang\Desktop\workspace\Python\golf\src\golfdb-master\learning_video\golfdb_720p_slice\457.mp4,7,Finish,225,mediapipe,True,90.12264839541022,44.8787352444077,12.66850526360969,3.5088987175771624,2.2877321091416865,,
462,C:\Users\zzang\Desktop\workspace\Python\golf\src\golfdb-master\learning_video\golfdb_720p_slice\462.mp4,0,Address,168,mediapipe,True,166.37164182371694,172.12872666994593,-168.77939268018324,-177.87008614882222,1.7577983280814058,,
462,C:\Users\zzang\Desktop\workspace\Python\golf\src\golfdb-master\learning_video\golfdb_720p_slice\462.mp4,1,Toe-up,179,mediapipe,True,151.78968686176162,173.33203768448786,172.6504701028354,-178.31919320117294,6.585208330905328,,
462,C:\Users\zzang\Desktop\workspace\Python\golf\src\golfdb-master\learning_video\golfdb_720p_slice\462.mp4,2,Mid-backswing,183,mediapipe,True,,152.70864340130484,171.837145343047,-177.27702160520002,7.904383957077389,trail_elbow_angle,missing_features:trail_elbow_angle
462,C:\Users\zzang\Desktop\workspace\Python\golf\src\golfdb-master\learning_video\golfdb_720p_slice\462.mp4,3,Top,190,mediapipe,True,,141.43369969382573,7.99579098237016,16.064432689341277,5.125209770582089,trail_elbow_angle,missing_features:trail_elbow_angle
462,C:\Users\zzang\Desktop\workspace\Python\golf\src\golfdb-master\learning_video\golfdb_720p_slice\462.mp4,4,Mid-downswing,196,mediapipe,True,,165.90988548491896,168.86201122628623,177.29708542127767,4.794335934330605,trail_elbow_angle,missing_features:trail_elbow_angle
462,C:\Users\zzang\Desktop\workspace\Python\golf\src\golfdb-master\learning_video\golfdb_720p_slice\462.mp4,5,Impact,199,mediapipe,True,158.20901363584096,165.96261318207317,-148.14634445840778,-175.52775893674237,21.195910305369797,,
462,C:\Users\zzang\Desktop\workspace\Python\golf\src\golfdb-master\learning_video\golfdb_720p_slice\462.mp4,6,Mid-follow-through,201,mediapipe,True,148.09832349417633,173.5086329000689,-136.89358380872284,-173.24822112689384,24.65383952451925,,
462,C:\Users\zzang\Desktop\workspace\Python\golf\src\golfdb-master\learning_video\golfdb_720p_slice\462.mp4,7,Finish,222,mediapipe,True,59.61695205271775,,175.60531691710813,-172.40707708956236,-0.8331356611437136,lead_elbow_angle,missing_features:lead_elbow_angle
463,C:\Users\zzang\Desktop\workspace\Python\golf\src\golfdb-master\learning_video\golfdb_720p_slice\463.mp4,0,Address,45,mediapipe,True,173.73288236136548,176.60072420518128,-167.95301515990528,176.48329160858822,1.385971171843378,,
463,C:\Users\zzang\Desktop\workspace\Python\golf\src\golfdb-master\learning_video\golfdb_720p_slice\463.mp4,1,Toe-up,85,mediapipe,True,151.932219704201,172.68419683215376,177.84217594563864,-178.46687997626586,6.115430325909984,,
463,C:\Users\zzang\Desktop\workspace\Python\golf\src\golfdb-master\learning_video\golfdb_720p_slice\463.mp4,2,Mid-backswing,98,mediapipe,True,,159.6392721949348,170.77469825882918,-179.60911071493194,6.407118033822888,trail_elbow_angle,missing_features:trail_elbow_angle
463,C:\Users\zzang\Desktop\workspace\Python\golf\src\golfdb-master\learning_video\golfdb_720p_slice\463.mp4,3,Top,131,mediapipe,True,,127.82079580189425,117.14068757607716,176.58307929266127,6.562042450546945,trail_elbow_angle,missing_features:trail_elbow_angle
463,C:\Users\zzang\Desktop\workspace\Python\golf\src\golfdb-master\learning_video\golfdb_720p_slice\463.mp4,4,Mid-downswing,152,mediapipe,True,,156.14926646291067,158.3324810800095,176.50310202660825,4.545122502651943,trail_elbow_angle,missing_features:trail_elbow_angle
463,C:\Users\zzang\Desktop\workspace\Python\golf\src\golfdb-master\learning_video\golfdb_720p_slice\463.mp4,5,Impact,165,mediapipe,True,155.73753736255952,171.57022746490102,-149.0443431334027,-173.86465688789062,19.887353236522756,,
463,C:\Users\zzang\Desktop\workspace\Python\golf\src\golfdb-master\learning_video\golfdb_720p_slice\463.mp4,6,Mid-follow-through,174,mediapipe,True,156.79655119853368,8.006867765064973,-139.01260292617653,-173.1998796414515,22.324050063121064,,
463,C:\Users\zzang\Desktop\workspace\Python\golf\src\golfdb-master\learning_video\golfdb_720p_slice\463.mp4,7,Finish,245,mediapipe,True,41.465542848168276,,-175.52608589932066,175.7413041188556,0.6287712630064932,lead_elbow_angle,missing_features:lead_elbow_angle
480,C:\Users\zzang\Desktop\workspace\Python\golf\src\golfdb-master\learning_video\golfdb_720p_slice\480.mp4,0,Address,154,mediapipe,True,157.2322104812178,177.4660984270251,-165.68290440271767,-177.6369128273214,-0.7173548520603438,,
480,C:\Users\zzang\Desktop\workspace\Python\golf\src\golfdb-master\learning_video\golfdb_720p_slice\480.mp4,1,Toe-up,168,mediapipe,True,158.46017437888608,168.0691979476201,166.87551012327543,179.73987768991438,0.9343744254877329,,
480,C:\Users\zzang\Desktop\workspace\Python\golf\src\golfdb-master\learning_video\golfdb_720p_slice\480.mp4,2,Mid-backswing,172,mediapipe,True,142.14845494834114,156.54510161346113,-172.89462041884534,-177.0977145498314,0.9730135646124173,,
480,C:\Users\zzang\Desktop\workspace\Python\golf\src\golfdb-master\learning_video\golfdb_720p_slice\480.mp4,3,Top,179,mediapipe,True,129.93834458280008,140.88183864948232,-172.2377986778911,-175.5881845052008,9.847268560515028,,
480,C:\Users\zzang\Desktop\workspace\Python\golf\src\golfdb-master\learning_video\golfdb_720p_slice\480.mp4,4,Mid-downswing,183,mediapipe,True,106.77567356456338,143.63485983643267,174.02817537965547,-178.851881424778,12.079594908107907,,
480,C:\Users\zzang\Desktop\workspace\Python\golf\src\golfdb-master\learning_video\golfdb_720p_slice\480.mp4,5,Impact,187,mediapipe,True,151.6751093681333,168.21512272687784,-144.78378035730302,-170.5847740637885,16.469374613568814,,
480,C:\Users\zzang\Desktop\workspace\Python\golf\src\golfdb-master\learning_video\golfdb_720p_slice\480.mp4,6,Mid-follow-through,189,mediapipe,True,157.09024008525793,160.8480913512422,-132.16891074039577,-169.56821581420894,14.917602705962848,,
480,C:\Users\zzang\Desktop\workspace\Python\golf\src\golfdb-master\learning_video\golfdb_720p_slice\480.mp4,7,Finish,205,mediapipe,True,87.26054258309169,,-166.66378282493474,172.8588609308476,5.878776750252947,lead_elbow_angle,missing_features:lead_elbow_angle
481,C:\Users\zzang\Desktop\workspace\Python\golf\src\golfdb-master\learning_video\golfdb_720p_slice\481.mp4,0,Address,46,mediapipe,True,158.56009867193276,176.36017669346197,-163.69842887680184,-175.0134000992469,-2.0356370239634916,,
481,C:\Users\zzang\Desktop\workspace\Python\golf\src\golfdb-master\learning_video\golfdb_720p_slice\481.mp4,1,Toe-up,97,mediapipe,True,160.6956480327243,175.82818875433338,161.05637381825144,178.3609359051834,0.3996086719300554,,
481,C:\Users\zzang\Desktop\workspace\Python\golf\src\golfdb-master\learning_video\golfdb_720p_slice\481.mp4,2,Mid-backswing,114,mediapipe,True,40.33771448379994,159.92066473147696,177.44352431007403,-177.53264068692164,0.7518336866914487,,
481,C:\Users\zzang\Desktop\workspace\Python\golf\src\golfdb-master\learning_video\golfdb_720p_slice\481.mp4,3,Top,144,mediapipe,True,142.38339737246932,143.92946465209928,179.7698314692468,-176.74918236267263,11.18244552451387,,
481,C:\Users\zzang\Desktop\workspace\Python\golf\src\golfdb-master\learning_video\golfdb_720p_slice\481.mp4,4,Mid-downswing,159,mediapipe,True,111.00275461993965,147.49530970340098,166.15798346638758,-179.424653449686,13.166493788137268,,
481,C:\Users\zzang\Desktop\workspace\Python\golf\src\golfdb-master\learning_video\golfdb_720p_slice\481.mp4,5,Impact,174,mediapipe,True,153.50074540639326,173.26680271494325,-148.85354367008355,-171.2625746213968,15.709792818613277,,
481,C:\Users\zzang\Desktop\workspace\Python\golf\src\golfdb-master\learning_video\golfdb_720p_slice\481.mp4,6,Mid-follow-through,182,mediapipe,True,159.46578175559233,169.104837548866,-132.46676366571944,-172.67922475424697,15.752027272906139,,
481,C:\Users\zzang\Desktop\workspace\Python\golf\src\golfdb-master\learning_video\golfdb_720p_slice\481.mp4,7,Finish,250,mediapipe,True,78.06580129100935,,-169.96154734816557,173.67146509712802,5.435556358012639,lead_elbow_angle,missing_features:lead_elbow_angle
484,C:\Users\zzang\Desktop\workspace\Python\golf\src\golfdb-master\learning_video\golfdb_720p_slice\484.mp4,0,Address,180,mediapipe,True,178.51270951516645,176.49965447102542,-165.82032686362547,-178.41296149779552,6.240072172038919,,
484,C:\Users\zzang\Desktop\workspace\Python\golf\src\golfdb-master\learning_video\golfdb_720p_slice\484.mp4,1,Toe-up,200,mediapipe,True,161.22260633401356,175.71562777105052,166.76961771986106,177.69637349025183,10.773605156394035,,
484,C:\Users\zzang\Desktop\workspace\Python\golf\src\golfdb-master\learning_video\golfdb_720p_slice\484.mp4,2,Mid-backswing,204,mediapipe,True,,157.83208906478092,168.92716723695239,-176.50116216762402,11.185726513523806,trail_elbow_angle,missing_features:trail_elbow_angle
484,C:\Users\zzang\Desktop\workspace\Python\golf\src\golfdb-master\learning_video\golfdb_720p_slice\484.mp4,3,Top,216,mediapipe,True,,129.22113058247578,160.25577252599973,-173.4391331468084,4.1902943121352,trail_elbow_angle,missing_features:trail_elbow_angle
484,C:\Users\zzang\Desktop\workspace\Python\golf\src\golfdb-master\learning_video\golfdb_720p_slice\484.mp4,4,Mid-downswing,221,mediapipe,True,35.10470111667099,155.20511574007622,-178.8818920913898,-179.82396735602674,2.001505571923246,,
484,C:\Users\zzang\Desktop\workspace\Python\golf\src\golfdb-master\learning_video\golfdb_720p_slice\484.mp4,5,Impact,224,mediapipe,True,157.02943359435548,173.96018065958629,-165.43163434148593,-173.24200222318578,12.020167196327437,,
484,C:\Users\zzang\Desktop\workspace\Python\golf\src\golfdb-master\learning_video\golfdb_720p_slice\484.mp4,6,Mid-follow-through,227,mediapipe,True,164.80770860851177,174.02141306388737,-127.66079074267758,-170.5965862317201,14.288859575793646,,
484,C:\Users\zzang\Desktop\workspace\Python\golf\src\golfdb-master\learning_video\golfdb_720p_slice\484.mp4,7,Finish,244,mediapipe,True,73.89462135748451,,-173.09781547988436,-175.44718969019178,0.7518244166260891,lead_elbow_angle,missing_features:lead_elbow_angle
486,C:\Users\zzang\Desktop\workspace\Python\golf\src\golfdb-master\learning_video\golfdb_720p_slice\486.mp4,0,Address,308,mediapipe,True,165.08260124637485,177.6642739835165,-165.36552216920342,-172.71213009742686,6.869153538535307,,
486,C:\Users\zzang\Desktop\workspace\Python\golf\src\golfdb-master\learning_video\golfdb_720p_slice\486.mp4,1,Toe-up,322,mediapipe,True,,167.199419052278,165.96575986192363,-178.46798237403985,9.090041377719082,trail_elbow_angle,missing_features:trail_elbow_angle
486,C:\Users\zzang\Desktop\workspace\Python\golf\src\golfdb-master\learning_video\golfdb_720p_slice\486.mp4,2,Mid-backswing,327,mediapipe,True,,147.14400149925723,167.50923967034203,-179.34609562512512,7.1987219291379985,trail_elbow_angle,missing_features:trail_elbow_angle
486,C:\Users\zzang\Desktop\workspace\Python\golf\src\golfdb-master\learning_video\golfdb_720p_slice\486.mp4,3,Top,335,mediapipe,True,,113.19508899686127,174.82060273938532,-177.99256526569235,10.547870578263607,trail_elbow_angle,missing_features:trail_elbow_angle
486,C:\Users\zzang\Desktop\workspace\Python\golf\src\golfdb-master\learning_video\golfdb_720p_slice\486.mp4,4,Mid-downswing,337,mediapipe,True,110.05906411813596,150.30793291654334,-169.95411792005942,-176.65182600201,8.48229352949552,,
486,C:\Users\zzang\Desktop\workspace\Python\golf\src\golfdb-master\learning_video\golfdb_720p_slice\486.mp4,5,Impact,340,mediapipe,True,163.95624699271423,173.68835559297617,-156.4775468450873,-173.02302729169836,21.831505704193578,,
486,C:\Users\zzang\Desktop\workspace\Python\golf\src\golfdb-master\learning_video\golfdb_720p_slice\486.mp4,6,Mid-follow-through,342,mediapipe,True,136.15185591140943,154.11358199116913,-148.25072479737415,-173.30325151866506,24.49546215360586,,
486,C:\Users\zzang\Desktop\workspace\Python\golf\src\golfdb-master\learning_video\golfdb_720p_slice\486.mp4,7,Finish,353,mediapipe,True,,,177.8333681949179,164.1776312632962,16.650924276185393,trail_elbow_angle|lead_elbow_angle,missing_features:trail_elbow_angle|lead_elbow_angle
487,C:\Users\zzang\Desktop\workspace\Python\golf\src\golfdb-master\learning_video\golfdb_720p_slice\487.mp4,0,Address,67,mediapipe,True,167.10330292055306,172.31204562569133,-166.66055074800482,-176.19073859821043,0.44556333153781236,,
487,C:\Users\zzang\Desktop\workspace\Python\golf\src\golfdb-master\learning_video\golfdb_720p_slice\487.mp4,1,Toe-up,85,mediapipe,True,164.13386174426282,158.45315984119142,170.65775828829035,-177.30855452527726,9.302406652267921,,
487,C:\Users\zzang\Desktop\workspace\Python\golf\src\golfdb-master\learning_video\golfdb_720p_slice\487.mp4,2,Mid-backswing,90,mediapipe,True,178.53939342678126,149.7178697325831,135.472007374786,177.24108828437477,8.026843309570468,,
487,C:\Users\zzang\Desktop\workspace\Python\golf\src\golfdb-master\learning_video\golfdb_720p_slice\487.mp4,3,Top,99,mediapipe,True,114.01486295886774,88.90881466641974,179.71543476630325,-179.01034559752767,2.4726621914894196,,
487,C:\Users\zzang\Desktop\workspace\Python\golf\src\golfdb-master\learning_video\golfdb_720p_slice\487.mp4,4,Mid-downswing,104,mediapipe,True,110.76700782732411,135.45399240218072,177.3742036922933,-179.02328182465763,6.327517457583281,,
487,C:\Users\zzang\Desktop\workspace\Python\golf\src\golfdb-master\learning_video\golfdb_720p_slice\487.mp4,5,Impact,107,mediapipe,True,165.0812552322576,175.33834729251706,-131.62583946108091,-149.2353336245982,29.188344213005813,,
487,C:\Users\zzang\Desktop\workspace\Python\golf\src\golfdb-master\learning_video\golfdb_720p_slice\487.mp4,6,Mid-follow-through,109,mediapipe,True,118.09159541972402,,-153.61896640726536,-170.35841618019344,25.90614787419353,lead_elbow_angle,missing_features:lead_elbow_angle
487,C:\Users\zzang\Desktop\workspace\Python\golf\src\golfdb-master\learning_video\golfdb_720p_slice\487.mp4,7,Finish,121,mediapipe,True,100.25828014040216,176.2626545514492,-170.1350356173148,175.43074640880621,6.376892105671105,,
488,C:\Users\zzang\Desktop\workspace\Python\golf\src\golfdb-master\learning_video\golfdb_720p_slice\488.mp4,0,Address,115,mediapipe,True,166.54483658010244,176.83455821236728,-165.8932504106503,-172.28887374019183,6.942562867862416,,
488,C:\Users\zzang\Desktop\workspace\Python\golf\src\golfdb-master\learning_video\golfdb_720p_slice\488.mp4,1,Toe-up,170,mediapipe,True,149.73724733505665,173.09625502683159,165.59989902569308,-177.97683946752832,8.894636420196397,,
488,C:\Users\zzang\Desktop\workspace\Python\golf\src\golfdb-master\learning_video\golfdb_720p_slice\488.mp4,2,Mid-backswing,192,mediapipe,True,,149.96353760551986,177.59242870364307,-178.64789008474608,7.302804762522206,trail_elbow_angle,missing_features:trail_elbow_angle
488,C:\Users\zzang\Desktop\workspace\Python\golf\src\golfdb-master\learning_video\golfdb_720p_slice\488.mp4,3,Top,220,mediapipe,True,,99.00503881850274,176.03199494834837,-175.89988572587964,7.739460137915089,trail_elbow_angle,missing_features:trail_elbow_angle
488,C:\Users\zzang\Desktop\workspace\Python\golf\src\golfdb-master\learning_video\golfdb_720p_slice\488.mp4,4,Mid-downswing,232,mediapipe,True,,145.07808538194374,-173.63183381819147,-176.34150295426477,8.046281273833598,trail_elbow_angle,missing_features:trail_elbow_angle
488,C:\Users\zzang\Desktop\workspace\Python\golf\src\golfdb-master\learning_video\golfdb_720p_slice\488.mp4,5,Impact,244,mediapipe,True,159.98251451141704,179.28809827888512,-154.79019912774322,-168.76953334722123,21.29205886712289,,
488,C:\Users\zzang\Desktop\workspace\Python\golf\src\golfdb-master\learning_video\golfdb_720p_slice\488.mp4,6,Mid-follow-through,253,mediapipe,True,142.40858960781387,152.41583249240435,-141.21760227990842,-173.41161131796204,25.23213974140295,,
488,C:\Users\zzang\Desktop\workspace\Python\golf\src\golfdb-master\learning_video\golfdb_720p_slice\488.mp4,7,Finish,302,mediapipe,True,36.7650067191273,,-172.2094801866569,177.19237084979423,18.539365265249934,lead_elbow_angle,missing_features:lead_elbow_angle
489,C:\Users\zzang\Desktop\workspace\Python\golf\src\golfdb-master\learning_video\golfdb_720p_slice\489.mp4,0,Address,79,mediapipe,True,166.61141260091847,168.55462455234013,-168.40347146754328,-177.59268834522697,2.178354930379218,,
489,C:\Users\zzang\Desktop\workspace\Python\golf\src\golfdb-master\learning_video\golfdb_720p_slice\489.mp4,1,Toe-up,122,mediapipe,True,168.06780811577187,164.85035038190742,168.40926626808655,-175.96184977795352,9.081177852756362,,
489,C:\Users\zzang\Desktop\workspace\Python\golf\src\golfdb-master\learning_video\golfdb_720p_slice\489.mp4,2,Mid-backswing,143,mediapipe,True,167.60536115745865,150.9548532433662,146.57012297459752,178.63844351790914,8.199268773569928,,
489,C:\Users\zzang\Desktop\workspace\Python\golf\src\golfdb-master\learning_video\golfdb_720p_slice\489.mp4,3,Top,179,mediapipe,True,120.76271745527399,90.85670536844937,172.23655557643713,178.8705330238473,2.2973566993488164,,
489,C:\Users\zzang\Desktop\workspace\Python\golf\src\golfdb-master\learning_video\golfdb_720p_slice\489.mp4,4,Mid-downswing,200,mediapipe,True,115.42111958351651,143.90959012119242,162.55307122456546,177.75737648677645,3.465178784678154,,
489,C:\Users\zzang\Desktop\workspace\Python\golf\src\golfdb-master\learning_video\golfdb_720p_slice\489.mp4,5,Impact,211,mediapipe,True,156.89281524649994,166.97944894890512,-153.38419039961184,179.42021962024347,18.457594499562457,,
489,C:\Users\zzang\Desktop\workspace\Python\golf\src\golfdb-master\learning_video\golfdb_720p_slice\489.mp4,6,Mid-follow-through,218,mediapipe,True,170.26879912646217,163.68254964659204,-117.3854434391807,-167.5162936814251,24.116562699175688,,
489,C:\Users\zzang\Desktop\workspace\Python\golf\src\golfdb-master\learning_video\golfdb_720p_slice\489.mp4,7,Finish,268,mediapipe,True,94.16784681912281,169.7192205261081,-168.95143722291849,177.73312703265836,5.876836905044267,,
492,C:\Users\zzang\Desktop\workspace\Python\golf\src\golfdb-master\learning_video\golfdb_720p_slice\492.mp4,0,Address,106,mediapipe,True,172.98004992615643,174.42816439129717,-169.8742436510575,-178.33531551468684,-2.260741283621357,,
492,C:\Users\zzang\Desktop\workspace\Python\golf\src\golfdb-master\learning_video\golfdb_720p_slice\492.mp4,1,Toe-up,124,mediapipe,True,162.93055000238172,175.23297088586307,164.50651120805355,179.057422915268,7.530091546986119,,
492,C:\Users\zzang\Desktop\workspace\Python\golf\src\golfdb-master\learning_video\golfdb_720p_slice\492.mp4,2,Mid-backswing,129,mediapipe,True,148.01112437978395,138.46949027076369,172.481421529602,178.84934422709196,10.308954692448095,,
492,C:\Users\zzang\Desktop\workspace\Python\golf\src\golfdb-master\learning_video\golfdb_720p_slice\492.mp4,3,Top,137,mediapipe,True,135.3443395857626,122.62605233679649,166.69704442000872,177.78154995078916,4.390208062901818,,
492,C:\Users\zzang\Desktop\workspace\Python\golf\src\golfdb-master\learning_video\golfdb_720p_slice\492.mp4,4,Mid-downswing,142,mediapipe,True,,143.33364616582864,170.90808958258046,178.48824176292337,-1.088834588675494,trail_elbow_angle,missing_features:trail_elbow_angle
492,C:\Users\zzang\Desktop\workspace\Python\golf\src\golfdb-master\learning_video\golfdb_720p_slice\492.mp4,5,Impact,145,mediapipe,True,140.29142843692875,166.32529031304406,-162.8720380781809,-174.92889186545014,9.950276380193644,,
492,C:\Users\zzang\Desktop\workspace\Python\golf\src\golfdb-master\learning_video\golfdb_720p_slice\492.mp4,6,Mid-follow-through,147,mediapipe,True,154.67216248585996,168.92643420518488,-157.47224644431859,-174.53278232514683,14.192504464017732,,
492,C:\Users\zzang\Desktop\workspace\Python\golf\src\golfdb-master\learning_video\golfdb_720p_slice\492.mp4,7,Finish,161,mediapipe,True,,,130.55390486986528,178.7441978843116,3.834262039733333,trail_elbow_angle|lead_elbow_angle,missing_features:trail_elbow_angle|lead_elbow_angle
493,C:\Users\zzang\Desktop\workspace\Python\golf\src\golfdb-master\learning_video\golfdb_720p_slice\493.mp4,0,Address,52,mediapipe,True,176.24111673511254,177.90127801979386,-169.36491328743253,-176.009396831064,-2.788248629404657,,
493,C:\Users\zzang\Desktop\workspace\Python\golf\src\golfdb-master\learning_video\golfdb_720p_slice\493.mp4,1,Toe-up,115,mediapipe,True,163.93421651057488,175.1067966993113,168.3169907921583,-179.0707188986802,8.725210435093897,,
493,C:\Users\zzang\Desktop\workspace\Python\golf\src\golfdb-master\learning_video\golfdb_720p_slice\493.mp4,2,Mid-backswing,133,mediapipe,True,,131.72015334035433,164.74944965850494,177.9890221485661,10.230819879647475,trail_elbow_angle,missing_features:trail_elbow_angle
493,C:\Users\zzang\Desktop\workspace\Python\golf\src\golfdb-master\learning_video\golfdb_720p_slice\493.mp4,3,Top,167,mediapipe,True,122.33130886516263,120.6738212393618,165.90293791387185,-179.79861034546985,4.609584858633591,,
493,C:\Users\zzang\Desktop\workspace\Python\golf\src\golfdb-master\learning_video\golfdb_720p_slice\493.mp4,4,Mid-downswing,185,mediapipe,True,,136.53338750938389,167.86126951472434,178.1865519208506,-0.7684058626427497,trail_elbow_angle,missing_features:trail_elbow_angle
493,C:\Users\zzang\Desktop\workspace\Python\golf\src\golfdb-master\learning_video\golfdb_720p_slice\493.mp4,5,Impact,199,mediapipe,True,141.68225466122612,166.2483478757324,-160.605878437927,-172.90307111459316,10.05957030529304,,
493,C:\Users\zzang\Desktop\workspace\Python\golf\src\golfdb-master\learning_video\golfdb_720p_slice\493.mp4,6,Mid-follow-through,209,mediapipe,True,156.45228172186074,161.57633170618027,-149.0693153996615,-172.7838538899817,14.682379714576573,,
493,C:\Users\zzang\Desktop\workspace\Python\golf\src\golfdb-master\learning_video\golfdb_720p_slice\493.mp4,7,Finish,273,mediapipe,True,,,149.43975754521085,178.10522917422233,0.8069144042225582,trail_elbow_angle|lead_elbow_angle,missing_features:trail_elbow_angle|lead_elbow_angle
494,C:\Users\zzang\Desktop\workspace\Python\golf\src\golfdb-master\learning_video\golfdb_720p_slice\494.mp4,0,Address,48,mediapipe,True,168.99818846043883,,-30.739003308303694,-90.88218570963087,-27.343496749976612,lead_elbow_angle,missing_features:lead_elbow_angle
494,C:\Users\zzang\Desktop\workspace\Python\golf\src\golfdb-master\learning_video\golfdb_720p_slice\494.mp4,1,Toe-up,63,mediapipe,True,153.26037511215705,177.8099026876149,156.69213028653738,173.16402627308935,-30.714809388187195,,
494,C:\Users\zzang\Desktop\workspace\Python\golf\src\golfdb-master\learning_video\golfdb_720p_slice\494.mp4,2,Mid-backswing,68,mediapipe,True,153.15946814246237,,149.71716673847928,155.30448186033627,-29.148754494726322,lead_elbow_angle,missing_features:lead_elbow_angle
494,C:\Users\zzang\Desktop\workspace\Python\golf\src\golfdb-master\learning_video\golfdb_720p_slice\494.mp4,3,Top,77,mediapipe,True,152.00172487390216,168.3795065986932,140.98354769388368,165.41540088354583,-27.810526937952844,,
494,C:\Users\zzang\Desktop\workspace\Python\golf\src\golfdb-master\learning_video\golfdb_720p_slice\494.mp4,4,Mid-downswing,82,mediapipe,True,79.90229891850927,,157.22200937547123,-172.77760516449294,-21.80043535125072,lead_elbow_angle,missing_features:lead_elbow_angle
494,C:\Users\zzang\Desktop\workspace\Python\golf\src\golfdb-master\learning_video\golfdb_720p_slice\494.mp4,5,Impact,85,mediapipe,True,145.61717080233583,,-33.12505955877007,-14.673963074787759,-27.09514576992361,lead_elbow_angle,missing_features:lead_elbow_angle
494,C:\Users\zzang\Desktop\workspace\Python\golf\src\golfdb-master\learning_video\golfdb_720p_slice\494.mp4,6,Mid-follow-through,87,mediapipe,True,,,-37.59090906930643,-12.056328347327783,-26.183310889991528,trail_elbow_angle|lead_elbow_angle,missing_features:trail_elbow_angle|lead_elbow_angle
494,C:\Users\zzang\Desktop\workspace\Python\golf\src\golfdb-master\learning_video\golfdb_720p_slice\494.mp4,7,Finish,103,mediapipe,True,,43.00673802038212,-19.15690210400526,-4.062481993657024,-17.395617810928893,trail_elbow_angle,missing_features:trail_elbow_angle
495,C:\Users\zzang\Desktop\workspace\Python\golf\src\golfdb-master\learning_video\golfdb_720p_slice\495.mp4,0,Address,47,mediapipe,True,167.86827809598998,,-27.949007287948575,-72.79789244804289,-26.974570254684544,lead_elbow_angle,missing_features:lead_elbow_angle
495,C:\Users\zzang\Desktop\workspace\Python\golf\src\golfdb-master\learning_video\golfdb_720p_slice\495.mp4,1,Toe-up,107,mediapipe,True,155.99290678161333,171.69863809932176,156.9672645892031,168.42399060987853,-27.76744943140613,,
495,C:\Users\zzang\Desktop\workspace\Python\golf\src\golfdb-master\learning_video\golfdb_720p_slice\495.mp4,2,Mid-backswing,125,mediapipe,True,174.05637035960936,,0.10901163121179454,162.12927258260768,-30.759624883584557,lead_elbow_angle,missing_features:lead_elbow_angle
495,C:\Users\zzang\Desktop\workspace\Python\golf\src\golfdb-master\learning_video\golfdb_720p_slice\495.mp4,3,Top,160,mediapipe,True,138.77485073612584,165.2657544609968,142.66951913162458,165.22374227472883,-26.640291629622396,,
495,C:\Users\zzang\Desktop\workspace\Python\golf\src\golfdb-master\learning_video\golfdb_720p_slice\495.mp4,4,Mid-downswing,181,mediapipe,True,104.17623618781643,,157.13940238665418,176.9886945962486,-23.348878443576172,lead_elbow_angle,missing_features:lead_elbow_angle
495,C:\Users\zzang\Desktop\workspace\Python\golf\src\golfdb-master\learning_video\golfdb_720p_slice\495.mp4,5,Impact,193,mediapipe,True,140.25974304647508,,-34.39344623268044,-18.502367958169046,-27.216277410796415,lead_elbow_angle,missing_features:lead_elbow_angle
495,C:\Users\zzang\Desktop\workspace\Python\golf\src\golfdb-master\learning_video\golfdb_720p_slice\495.mp4,6,Mid-follow-through,203,mediapipe,True,,,-42.27015649666781,-14.709854116508183,-25.840827761468578,trail_elbow_angle|lead_elbow_angle,missing_features:trail_elbow_angle|lead_elbow_angle
495,C:\Users\zzang\Desktop\workspace\Python\golf\src\golfdb-master\learning_video\golfdb_720p_slice\495.mp4,7,Finish,257,mediapipe,True,,55.592261419505384,-49.14418381057605,-4.1977636641763025,-18.68432110794788,trail_elbow_angle,missing_features:trail_elbow_angle
498,C:\Users\zzang\Desktop\workspace\Python\golf\src\golfdb-master\learning_video\golfdb_720p_slice\498.mp4,0,Address,188,mediapipe,True,172.71819565972265,169.76404244253388,-173.16065572769944,-179.98476690977847,2.2110380821733986,,
498,C:\Users\zzang\Desktop\workspace\Python\golf\src\golfdb-master\learning_video\golfdb_720p_slice\498.mp4,1,Toe-up,202,mediapipe,True,166.70335104744464,165.05528775428746,164.205213930687,-178.85287518916283,4.39072661571968,,
498,C:\Users\zzang\Desktop\workspace\Python\golf\src\golfdb-master\learning_video\golfdb_720p_slice\498.mp4,2,Mid-backswing,206,mediapipe,True,,154.20918385061802,165.8940605526352,179.24337374462422,4.796659669795411,trail_elbow_angle,missing_features:trail_elbow_angle
498,C:\Users\zzang\Desktop\workspace\Python\golf\src\golfdb-master\learning_video\golfdb_720p_slice\498.mp4,3,Top,218,mediapipe,True,,112.49987214237522,-171.7788734522724,179.80571067047498,-0.5946286105001848,trail_elbow_angle,missing_features:trail_elbow_angle
498,C:\Users\zzang\Desktop\workspace\Python\golf\src\golfdb-master\learning_video\golfdb_720p_slice\498.mp4,4,Mid-downswing,222,mediapipe,True,121.50233823637903,138.85044603589645,-173.30510781670947,-176.6144725062058,2.3065185707059186,,
498,C:\Users\zzang\Desktop\workspace\Python\golf\src\golfdb-master\learning_video\golfdb_720p_slice\498.mp4,5,Impact,226,mediapipe,True,160.57294647001638,,-160.89219200422852,-176.55205992144607,10.642092397900761,lead_elbow_angle,missing_features:lead_elbow_angle
498,C:\Users\zzang\Desktop\workspace\Python\golf\src\golfdb-master\learning_video\golfdb_720p_slice\498.mp4,6,Mid-follow-through,229,mediapipe,True,156.1232976926994,162.77928614409683,-130.59358937112916,-172.31247779483294,11.658349810966566,,
498,C:\Users\zzang\Desktop\workspace\Python\golf\src\golfdb-master\learning_video\golfdb_720p_slice\498.mp4,7,Finish,247,mediapipe,True,51.475727312461146,136.92739856636496,-175.32011926337697,160.5617954591786,2.6373183022916655,,
501,C:\Users\zzang\Desktop\workspace\Python\golf\src\golfdb-master\learning_video\golfdb_720p_slice\501.mp4,0,Address,242,mediapipe,True,170.13887573305237,172.11952625151156,-173.8820269099865,179.6409299714273,1.9006365344823608,,
501,C:\Users\zzang\Desktop\workspace\Python\golf\src\golfdb-master\learning_video\golfdb_720p_slice\501.mp4,1,Toe-up,266,mediapipe,True,,161.70924403437098,173.9830705542358,178.62032813959,5.240916261946953,trail_elbow_angle,missing_features:trail_elbow_angle
501,C:\Users\zzang\Desktop\workspace\Python\golf\src\golfdb-master\learning_video\golfdb_720p_slice\501.mp4,2,Mid-backswing,270,mediapipe,True,,141.73980748271111,170.75426725300005,178.32032218705507,4.635342777386778,trail_elbow_angle,missing_features:trail_elbow_angle
501,C:\Users\zzang\Desktop\workspace\Python\golf\src\golfdb-master\learning_video\golfdb_720p_slice\501.mp4,3,Top,282,mediapipe,True,,107.79091161597132,178.52472435970992,-179.70543891932715,4.365474148438596,trail_elbow_angle,missing_features:trail_elbow_angle
501,C:\Users\zzang\Desktop\workspace\Python\golf\src\golfdb-master\learning_video\golfdb_720p_slice\501.mp4,4,Mid-downswing,286,mediapipe,True,128.5208883372944,101.6242599344515,-173.68180418644593,-176.47756624643623,2.860982895733217,,
501,C:\Users\zzang\Desktop\workspace\Python\golf\src\golfdb-master\learning_video\golfdb_720p_slice\501.mp4,5,Impact,290,mediapipe,True,175.96607499252127,,-163.6205539834502,-176.69182780063252,13.520943588066482,lead_elbow_angle,missing_features:lead_elbow_angle
501,C:\Users\zzang\Desktop\workspace\Python\golf\src\golfdb-master\learning_video\golfdb_720p_slice\501.mp4,6,Mid-follow-through,293,mediapipe,True,158.48980110847017,156.99963657855133,-133.83189543738376,-173.43619004082726,11.884565232474854,,
501,C:\Users\zzang\Desktop\workspace\Python\golf\src\golfdb-master\learning_video\golfdb_720p_slice\501.mp4,7,Finish,336,mediapipe,True,46.608286004223125,,170.7557860734744,173.01997144402648,-1.916845776608672,lead_elbow_angle,missing_features:lead_elbow_angle
503,C:\Users\zzang\Desktop\workspace\Python\golf\src\golfdb-master\learning_video\golfdb_720p_slice\503.mp4,0,Address,85,mediapipe,True,175.5012219523951,174.2734070630811,-172.4729943083774,-178.77864782083512,2.879551215227133,,
503,C:\Users\zzang\Desktop\workspace\Python\golf\src\golfdb-master\learning_video\golfdb_720p_slice\503.mp4,1,Toe-up,145,mediapipe,True,161.00956209052592,164.19043163889432,158.84576131422992,173.973775097527,5.86086988643648,,
503,C:\Users\zzang\Desktop\workspace\Python\golf\src\golfdb-master\learning_video\golfdb_720p_slice\503.mp4,2,Mid-backswing,162,mediapipe,True,,143.24121114865036,153.94224462433934,178.63884624474431,6.527843325272514,trail_elbow_angle,missing_features:trail_elbow_angle
503,C:\Users\zzang\Desktop\workspace\Python\golf\src\golfdb-master\learning_video\golfdb_720p_slice\503.mp4,3,Top,207,mediapipe,True,,94.34817705234617,95.54749391149751,-177.8157741033917,3.743281782808493,trail_elbow_angle,missing_features:trail_elbow_angle
503,C:\Users\zzang\Desktop\workspace\Python\golf\src\golfdb-master\learning_video\golfdb_720p_slice\503.mp4,4,Mid-downswing,227,mediapipe,True,153.55462325434868,159.2118096258077,176.40427898290403,179.45517354952037,2.9035188311321454,,
503,C:\Users\zzang\Desktop\workspace\Python\golf\src\golfdb-master\learning_video\golfdb_720p_slice\503.mp4,5,Impact,241,mediapipe,True,167.6262652226075,173.9079846582212,-164.92586302640973,-177.66056653197427,10.969581106307658,,
503,C:\Users\zzang\Desktop\workspace\Python\golf\src\golfdb-master\learning_video\golfdb_720p_slice\503.mp4,6,Mid-follow-through,251,mediapipe,True,153.32621741784376,160.4916367277541,-153.2092419875626,-174.47363130750807,15.504518875978137,,
503,C:\Users\zzang\Desktop\workspace\Python\golf\src\golfdb-master\learning_video\golfdb_720p_slice\503.mp4,7,Finish,322,mediapipe,True,90.73070056443137,46.884263106939166,-169.20511975176365,171.55599130486976,3.4231899118187803,,
506,C:\Users\zzang\Desktop\workspace\Python\golf\src\golfdb-master\learning_video\golfdb_720p_slice\506.mp4,0,Address,247,mediapipe,True,178.03556076936542,176.0845206758304,-167.84133786209352,-178.33892185692994,1.7606812483412955,,
506,C:\Users\zzang\Desktop\workspace\Python\golf\src\golfdb-master\learning_video\golfdb_720p_slice\506.mp4,1,Toe-up,262,mediapipe,True,152.65518693565238,163.9038778321169,174.04451185620022,178.1343683682479,6.833444202351656,,
506,C:\Users\zzang\Desktop\workspace\Python\golf\src\golfdb-master\learning_video\golfdb_720p_slice\506.mp4,2,Mid-backswing,269,mediapipe,True,,135.24117310437242,152.32945197079107,-178.47255444530327,10.528044409909182,trail_elbow_angle,missing_features:trail_elbow_angle
506,C:\Users\zzang\Desktop\workspace\Python\golf\src\golfdb-master\learning_video\golfdb_720p_slice\506.mp4,3,Top,277,mediapipe,True,,64.25858039380721,175.8495521761173,179.21020310230395,7.223521668298368,trail_elbow_angle,missing_features:trail_elbow_angle
506,C:\Users\zzang\Desktop\workspace\Python\golf\src\golfdb-master\learning_video\golfdb_720p_slice\506.mp4,4,Mid-downswing,281,mediapipe,True,,152.31542564847192,-171.85731224552546,-179.55719942640042,7.8019367019236885,trail_elbow_angle,missing_features:trail_elbow_angle
506,C:\Users\zzang\Desktop\workspace\Python\golf\src\golfdb-master\learning_video\golfdb_720p_slice\506.mp4,5,Impact,284,mediapipe,True,179.37583200885527,32.9825755778053,-156.94233231589806,-174.1976901296468,15.12452476381995,,
506,C:\Users\zzang\Desktop\workspace\Python\golf\src\golfdb-master\learning_video\golfdb_720p_slice\506.mp4,6,Mid-follow-through,287,mediapipe,True,174.20730495970997,161.88316807394025,-142.6603521846323,-174.15620738458804,19.047746047411003,,
506,C:\Users\zzang\Desktop\workspace\Python\golf\src\golfdb-master\learning_video\golfdb_720p_slice\506.mp4,7,Finish,306,mediapipe,True,124.69985719281148,,-162.31473528313714,177.35688940875733,4.197241937264952,lead_elbow_angle,missing_features:lead_elbow_angle
507,C:\Users\zzang\Desktop\workspace\Python\golf\src\golfdb-master\learning_video\golfdb_720p_slice\507.mp4,0,Address,19,mediapipe,True,177.58688155380318,172.5720756400288,-168.4292849627996,-178.92243765311352,1.5207945997247103,,
507,C:\Users\zzang\Desktop\workspace\Python\golf\src\golfdb-master\learning_video\golfdb_720p_slice\507.mp4,1,Toe-up,73,mediapipe,True,156.27517998006766,158.7271142462869,176.53060290551514,-179.34188049835328,6.432847968388298,,
507,C:\Users\zzang\Desktop\workspace\Python\golf\src\golfdb-master\learning_video\golfdb_720p_slice\507.mp4,2,Mid-backswing,101,mediapipe,True,,141.8093688079173,161.93760361593897,179.78930069750461,10.343386514627703,trail_elbow_angle,missing_features:trail_elbow_angle
507,C:\Users\zzang\Desktop\workspace\Python\golf\src\golfdb-master\learning_video\golfdb_720p_slice\507.mp4,3,Top,135,mediapipe,True,,86.42450791338918,-171.93531081161072,-179.33238367929312,7.567120435540135,trail_elbow_angle,missing_features:trail_elbow_angle
507,C:\Users\zzang\Desktop\workspace\Python\golf\src\golfdb-master\learning_video\golfdb_720p_slice\507.mp4,4,Mid-downswing,148,mediapipe,True,,142.1831577066701,-165.7781129724573,-179.1838409437958,7.199403891066994,trail_elbow_angle,missing_features:trail_elbow_angle
507,C:\Users\zzang\Desktop\workspace\Python\golf\src\golfdb-master\learning_video\golfdb_720p_slice\507.mp4,5,Impact,163,mediapipe,True,177.4826543393364,39.77907442548567,-158.18552708586392,-176.15080798871114,15.181271560303657,,
507,C:\Users\zzang\Desktop\workspace\Python\golf\src\golfdb-master\learning_video\golfdb_720p_slice\507.mp4,6,Mid-follow-through,172,mediapipe,True,177.18297926870483,164.6728063331858,-141.17292576645252,-174.55650540921096,18.056110482020262,,
507,C:\Users\zzang\Desktop\workspace\Python\golf\src\golfdb-master\learning_video\golfdb_720p_slice\507.mp4,7,Finish,250,mediapipe,True,170.00219651238913,,-158.5521206418575,-176.44107157699327,4.49033961550623,lead_elbow_angle,missing_features:lead_elbow_angle
512,C:\Users\zzang\Desktop\workspace\Python\golf\src\golfdb-master\learning_video\golfdb_720p_slice\512.mp4,0,Address,145,mediapipe,True,172.5146221243414,171.84095511671447,-171.1495400497885,-174.32368408694634,-0.6010550175005434,,
512,C:\Users\zzang\Desktop\workspace\Python\golf\src\golfdb-master\learning_video\golfdb_720p_slice\512.mp4,1,Toe-up,169,mediapipe,True,168.90093030529735,179.74711309647483,164.40840694231647,179.64277226669543,7.162100879384538,,
512,C:\Users\zzang\Desktop\workspace\Python\golf\src\golfdb-master\learning_video\golfdb_720p_slice\512.mp4,2,Mid-backswing,174,mediapipe,True,120.68574574059907,155.23840288290836,179.34782445503495,-179.32207881540975,4.869222013482582,,
512,C:\Users\zzang\Desktop\workspace\Python\golf\src\golfdb-master\learning_video\golfdb_720p_slice\512.mp4,3,Top,181,mediapipe,True,122.21108644906697,52.72482045163653,-177.70676037607424,179.0078962737175,3.388615962239553,,
512,C:\Users\zzang\Desktop\workspace\Python\golf\src\golfdb-master\learning_video\golfdb_720p_slice\512.mp4,4,Mid-downswing,184,mediapipe,True,142.81982965824315,172.35887033238703,-175.73616540383776,179.52005800955243,1.0704928791421675,,
512,C:\Users\zzang\Desktop\workspace\Python\golf\src\golfdb-master\learning_video\golfdb_720p_slice\512.mp4,5,Impact,188,mediapipe,True,160.6358276251103,177.5408490581213,-151.1439292372828,-178.12450117814691,9.517820169685562,,
512,C:\Users\zzang\Desktop\workspace\Python\golf\src\golfdb-master\learning_video\golfdb_720p_slice\512.mp4,6,Mid-follow-through,190,mediapipe,True,171.6924179198358,156.71373643585943,-46.309146723858994,-152.812123890078,12.533166357921118,,
512,C:\Users\zzang\Desktop\workspace\Python\golf\src\golfdb-master\learning_video\golfdb_720p_slice\512.mp4,7,Finish,207,mediapipe,True,,,15.505726462270616,-3.0360218626318596,4.43899198531772,trail_elbow_angle|lead_elbow_angle,missing_features:trail_elbow_angle|lead_elbow_angle
513,C:\Users\zzang\Desktop\workspace\Python\golf\src\golfdb-master\learning_video\golfdb_720p_slice\513.mp4,0,Address,62,mediapipe,True,168.76184278093564,175.23713245220011,-172.16821712069347,-177.76953021667214,-0.005085044731892579,,
513,C:\Users\zzang\Desktop\workspace\Python\golf\src\golfdb-master\learning_video\golfdb_720p_slice\513.mp4,1,Toe-up,151,mediapipe,True,166.3921456810792,177.56760863365147,168.1478713067433,-179.99063281286527,5.146057754851669,,
513,C:\Users\zzang\Desktop\workspace\Python\golf\src\golfdb-master\learning_video\golfdb_720p_slice\513.mp4,2,Mid-backswing,172,mediapipe,True,136.81398230156933,144.53429082005135,160.13552617856737,175.85898496697715,4.319624483367973,,
513,C:\Users\zzang\Desktop\workspace\Python\golf\src\golfdb-master\learning_video\golfdb_720p_slice\513.mp4,3,Top,199,mediapipe,True,152.62961796509987,142.00390424623671,-177.73131375819347,179.9874015062481,3.2621645885854846,,
513,C:\Users\zzang\Desktop\workspace\Python\golf\src\golfdb-master\learning_video\golfdb_720p_slice\513.mp4,4,Mid-downswing,211,mediapipe,True,145.33725265105318,160.32235250295693,-176.04132178387226,179.80714619935094,1.051137731944793,,
513,C:\Users\zzang\Desktop\workspace\Python\golf\src\golfdb-master\learning_video\golfdb_720p_slice\513.mp4,5,Impact,226,mediapipe,True,155.93493431157995,179.27785337292565,-151.47904304560973,179.59792846884048,7.949792595622777,,
513,C:\Users\zzang\Desktop\workspace\Python\golf\src\golfdb-master\learning_video\golfdb_720p_slice\513.mp4,6,Mid-follow-through,234,mediapipe,True,166.3917372331026,155.03761777091358,-57.89830434393032,-162.20581408363338,13.987950338330837,,
513,C:\Users\zzang\Desktop\workspace\Python\golf\src\golfdb-master\learning_video\golfdb_720p_slice\513.mp4,7,Finish,297,mediapipe,True,,,11.573137922710744,-8.483180150385513,5.874369838700687,trail_elbow_angle|lead_elbow_angle,missing_features:trail_elbow_angle|lead_elbow_angle
522,C:\Users\zzang\Desktop\workspace\Python\golf\src\golfdb-master\learning_video\golfdb_720p_slice\522.mp4,0,Address,446,mediapipe,True,172.37876128408507,171.28853612966324,-168.02560582789496,-177.73680673028096,5.971304364645501,,
522,C:\Users\zzang\Desktop\workspace\Python\golf\src\golfdb-master\learning_video\golfdb_720p_slice\522.mp4,1,Toe-up,461,mediapipe,True,68.06983096102755,,166.2345343578122,-179.97527401156077,5.816608379076417,lead_elbow_angle,missing_features:lead_elbow_angle
522,C:\Users\zzang\Desktop\workspace\Python\golf\src\golfdb-master\learning_video\golfdb_720p_slice\522.mp4,2,Mid-backswing,466,mediapipe,True,,147.02091359094496,165.37867911785227,-179.42388984765242,7.257935561604895,trail_elbow_angle,missing_features:trail_elbow_angle
522,C:\Users\zzang\Desktop\workspace\Python\golf\src\golfdb-master\learning_video\golfdb_720p_slice\522.mp4,3,Top,476,mediapipe,True,,156.0560816822316,-164.38079767170981,-179.3311655511471,8.271824342299556,trail_elbow_angle,missing_features:trail_elbow_angle
522,C:\Users\zzang\Desktop\workspace\Python\golf\src\golfdb-master\learning_video\golfdb_720p_slice\522.mp4,4,Mid-downswing,480,mediapipe,True,62.835696258056224,,-164.8451971328155,-171.08814074862275,13.589201435429908,lead_elbow_angle,missing_features:lead_elbow_angle
522,C:\Users\zzang\Desktop\workspace\Python\golf\src\golfdb-master\learning_video\golfdb_720p_slice\522.mp4,5,Impact,483,mediapipe,True,160.34345956479794,173.9054101362844,-161.8653829407734,-177.64832423751054,17.59383033402741,,
522,C:\Users\zzang\Desktop\workspace\Python\golf\src\golfdb-master\learning_video\golfdb_720p_slice\522.mp4,6,Mid-follow-through,485,mediapipe,True,169.75051939877847,148.21089067910196,-133.80975688162613,-168.87941295552488,21.95455821849291,,
522,C:\Users\zzang\Desktop\workspace\Python\golf\src\golfdb-master\learning_video\golfdb_720p_slice\522.mp4,7,Finish,511,mediapipe,True,52.23243653382909,,173.5455015213108,172.0510014296003,-1.0980428917236793,lead_elbow_angle,missing_features:lead_elbow_angle
523,C:\Users\zzang\Desktop\workspace\Python\golf\src\golfdb-master\learning_video\golfdb_720p_slice\523.mp4,0,Address,70,mediapipe,True,178.06849822696321,176.43758463758505,-169.94007445734925,-178.9630229739562,7.186648736902529,,
523,C:\Users\zzang\Desktop\workspace\Python\golf\src\golfdb-master\learning_video\golfdb_720p_slice\523.mp4,1,Toe-up,128,mediapipe,True,,164.253713805689,173.23257778243433,-177.17274874556082,5.728915203900298,trail_elbow_angle,missing_features:trail_elbow_angle
523,C:\Users\zzang\Desktop\workspace\Python\golf\src\golfdb-master\learning_video\golfdb_720p_slice\523.mp4,2,Mid-backswing,146,mediapipe,True,,151.979194131457,158.39287167804997,179.53515087114604,6.8051341823886,trail_elbow_angle,missing_features:trail_elbow_angle
523,C:\Users\zzang\Desktop\workspace\Python\golf\src\golfdb-master\learning_video\golfdb_720p_slice\523.mp4,3,Top,187,mediapipe,True,140.62675177813344,132.54027243165274,177.0787559020098,-177.23418071324437,7.155666945657344,,
523,C:\Users\zzang\Desktop\workspace\Python\golf\src\golfdb-master\learning_video\golfdb_720p_slice\523.mp4,4,Mid-downswing,201,mediapipe,True,,140.6945073049751,174.3420399820986,-177.75671290653014,8.589812947617496,trail_elbow_angle,missing_features:trail_elbow_angle
523,C:\Users\zzang\Desktop\workspace\Python\golf\src\golfdb-master\learning_video\golfdb_720p_slice\523.mp4,5,Impact,215,mediapipe,True,170.50688545795563,157.1276681885255,-158.94626322723445,-174.38135660800683,16.191193702404735,,
523,C:\Users\zzang\Desktop\workspace\Python\golf\src\golfdb-master\learning_video\golfdb_720p_slice\523.mp4,6,Mid-follow-through,225,mediapipe,True,169.41359670901906,,-138.44226897237158,-169.25966514968462,22.985183474496708,lead_elbow_angle,missing_features:lead_elbow_angle
523,C:\Users\zzang\Desktop\workspace\Python\golf\src\golfdb-master\learning_video\golfdb_720p_slice\523.mp4,7,Finish,310,mediapipe,True,45.77264760150786,,173.54499482642862,172.48662060472844,-1.4652825991609484,lead_elbow_angle,missing_features:lead_elbow_angle
532,C:\Users\zzang\Desktop\workspace\Python\golf\src\golfdb-master\learning_video\golfdb_720p_slice\532.mp4,0,Address,68,mediapipe,True,161.16565813324175,151.74082389338727,-177.031319854774,-176.61865364182768,1.3646402420230437,,
532,C:\Users\zzang\Desktop\workspace\Python\golf\src\golfdb-master\learning_video\golfdb_720p_slice\532.mp4,1,Toe-up,88,mediapipe,True,163.8104570647782,150.31373425966922,163.21508060918214,178.25329085397848,5.7743872331139245,,
532,C:\Users\zzang\Desktop\workspace\Python\golf\src\golfdb-master\learning_video\golfdb_720p_slice\532.mp4,2,Mid-backswing,92,mediapipe,True,165.73642125943016,134.50408952049918,178.06794960655452,-178.90061543114186,6.287194522759069,,
532,C:\Users\zzang\Desktop\workspace\Python\golf\src\golfdb-master\learning_video\golfdb_720p_slice\532.mp4,3,Top,102,mediapipe,True,109.29850947359925,172.142332158959,-172.26749896841605,179.47433752226496,5.358373748962488,,
532,C:\Users\zzang\Desktop\workspace\Python\golf\src\golfdb-master\learning_video\golfdb_720p_slice\532.mp4,4,Mid-downswing,107,mediapipe,True,123.49957718814214,143.54391213099996,175.34567879828134,175.189531518727,3.760502648402007,,
532,C:\Users\zzang\Desktop\workspace\Python\golf\src\golfdb-master\learning_video\golfdb_720p_slice\532.mp4,5,Impact,110,mediapipe,True,158.2452982361519,179.0183542710578,-165.54471300437277,-172.17206279761393,5.499464022604705,,
532,C:\Users\zzang\Desktop\workspace\Python\golf\src\golfdb-master\learning_video\golfdb_720p_slice\532.mp4,6,Mid-follow-through,113,mediapipe,True,156.75016018599425,,-153.14235894888407,-171.95038051483706,10.633465687438274,lead_elbow_angle,missing_features:lead_elbow_angle
532,C:\Users\zzang\Desktop\workspace\Python\golf\src\golfdb-master\learning_video\golfdb_720p_slice\532.mp4,7,Finish,136,mediapipe,True,46.83315537542543,,173.7534318591673,178.76369447657575,4.061764824286725,lead_elbow_angle,missing_features:lead_elbow_angle
533,C:\Users\zzang\Desktop\workspace\Python\golf\src\golfdb-master\learning_video\golfdb_720p_slice\533.mp4,0,Address,97,mediapipe,True,161.85520290592748,153.79172221544994,-177.01257463035603,-174.5407808685569,0.6034450630574932,,
533,C:\Users\zzang\Desktop\workspace\Python\golf\src\golfdb-master\learning_video\golfdb_720p_slice\533.mp4,1,Toe-up,156,mediapipe,True,157.19012254914364,145.05821730642253,170.2822963225905,178.72754569799525,5.9366794716241165,,
533,C:\Users\zzang\Desktop\workspace\Python\golf\src\golfdb-master\learning_video\golfdb_720p_slice\533.mp4,2,Mid-backswing,171,mediapipe,True,,138.77837261160266,167.5776655913722,178.78823798536183,5.146417729801019,trail_elbow_angle,missing_features:trail_elbow_angle
533,C:\Users\zzang\Desktop\workspace\Python\golf\src\golfdb-master\learning_video\golfdb_720p_slice\533.mp4,3,Top,209,mediapipe,True,105.95112818381867,164.77147632939483,-172.75855824005666,-178.1764309171863,6.196085238942108,,
533,C:\Users\zzang\Desktop\workspace\Python\golf\src\golfdb-master\learning_video\golfdb_720p_slice\533.mp4,4,Mid-downswing,230,mediapipe,True,97.39440415754162,127.83650040441147,169.22201986527395,172.79862110352042,4.149605858390057,,
533,C:\Users\zzang\Desktop\workspace\Python\golf\src\golfdb-master\learning_video\golfdb_720p_slice\533.mp4,5,Impact,243,mediapipe,True,156.9906997214341,169.95296465455718,-168.45881586954738,-173.6398180806526,6.1648629338852885,,
533,C:\Users\zzang\Desktop\workspace\Python\golf\src\golfdb-master\learning_video\golfdb_720p_slice\533.mp4,6,Mid-follow-through,253,mediapipe,True,141.54479471323953,133.7327249881889,-159.40236804364065,-174.26399003012577,8.634343854047708,,
533,C:\Users\zzang\Desktop\workspace\Python\golf\src\golfdb-master\learning_video\golfdb_720p_slice\533.mp4,7,Finish,339,mediapipe,True,117.00883927514433,,170.4888322294134,-179.00135132587076,4.242617372151457,lead_elbow_angle,missing_features:lead_elbow_angle
538,C:\Users\zzang\Desktop\workspace\Python\golf\src\golfdb-master\learning_video\golfdb_720p_slice\538.mp4,0,Address,143,mediapipe,True,173.0235970938258,176.36995128079423,-166.05908551011854,-172.33895716137377,4.9309282048252205,,
538,C:\Users\zzang\Desktop\workspace\Python\golf\src\golfdb-master\learning_video\golfdb_720p_slice\538.mp4,1,Toe-up,157,mediapipe,True,,171.02069363336597,168.76988484957408,-176.94908680410205,8.1493351337931,trail_elbow_angle,missing_features:trail_elbow_angle
538,C:\Users\zzang\Desktop\workspace\Python\golf\src\golfdb-master\learning_video\golfdb_720p_slice\538.mp4,2,Mid-backswing,161,mediapipe,True,136.51460418975836,155.34324540000242,159.9941959165443,178.8752179016224,9.692541492781386,,
538,C:\Users\zzang\Desktop\workspace\Python\golf\src\golfdb-master\learning_video\golfdb_720p_slice\538.mp4,3,Top,170,mediapipe,True,43.27297072659779,53.13267187710233,172.63764811254342,-178.7374200575753,8.141641202672462,,
538,C:\Users\zzang\Desktop\workspace\Python\golf\src\golfdb-master\learning_video\golfdb_720p_slice\538.mp4,4,Mid-downswing,176,mediapipe,True,85.1897898326681,124.83237208609012,174.86439648227412,-177.99187817459085,12.275451561875622,,
538,C:\Users\zzang\Desktop\workspace\Python\golf\src\golfdb-master\learning_video\golfdb_720p_slice\538.mp4,5,Impact,179,mediapipe,True,179.71926365582527,175.7554125635133,-146.24250561637007,-174.4627079033336,21.733023684839875,,
538,C:\Users\zzang\Desktop\workspace\Python\golf\src\golfdb-master\learning_video\golfdb_720p_slice\538.mp4,6,Mid-follow-through,181,mediapipe,True,168.92315840306483,169.94449856850906,-124.81721871582555,-173.0123343326177,22.43442317033266,,
538,C:\Users\zzang\Desktop\workspace\Python\golf\src\golfdb-master\learning_video\golfdb_720p_slice\538.mp4,7,Finish,198,mediapipe,True,89.65935362548076,,-179.03900424597256,173.3645550974813,4.195529498445636,lead_elbow_angle,missing_features:lead_elbow_angle
539,C:\Users\zzang\Desktop\workspace\Python\golf\src\golfdb-master\learning_video\golfdb_720p_slice\539.mp4,0,Address,59,mediapipe,True,171.13273809271058,179.01359767007867,-166.939700164072,-173.80942298664263,5.0188283405632195,,
539,C:\Users\zzang\Desktop\workspace\Python\golf\src\golfdb-master\learning_video\golfdb_720p_slice\539.mp4,1,Toe-up,114,mediapipe,True,155.65728976340378,173.4555042734781,172.61696256901268,-176.8692687576284,8.31827754325576,,
539,C:\Users\zzang\Desktop\workspace\Python\golf\src\golfdb-master\learning_video\golfdb_720p_slice\539.mp4,2,Mid-backswing,131,mediapipe,True,134.43317177114605,147.2159193654318,161.08891503257192,-179.2225609111614,10.34984037184023,,
539,C:\Users\zzang\Desktop\workspace\Python\golf\src\golfdb-master\learning_video\golfdb_720p_slice\539.mp4,3,Top,167,mediapipe,True,103.30961308939453,71.18484257365738,177.3083355093136,-174.89387088792995,10.582165705138719,,
539,C:\Users\zzang\Desktop\workspace\Python\golf\src\golfdb-master\learning_video\golfdb_720p_slice\539.mp4,4,Mid-downswing,191,mediapipe,True,104.07292658366714,146.25655900395424,174.55988421541437,-178.93478843753093,10.393535784338209,,
539,C:\Users\zzang\Desktop\workspace\Python\golf\src\golfdb-master\learning_video\golfdb_720p_slice\539.mp4,5,Impact,202,mediapipe,True,178.94206189396047,175.17163164282837,-143.34860339743597,-174.2441774833248,22.391462852408594,,
539,C:\Users\zzang\Desktop\workspace\Python\golf\src\golfdb-master\learning_video\golfdb_720p_slice\539.mp4,6,Mid-follow-through,210,mediapipe,True,168.8448668111313,166.6698993783584,-133.79860026710256,-172.90441905152937,22.30939233832568,,
539,C:\Users\zzang\Desktop\workspace\Python\golf\src\golfdb-master\learning_video\golfdb_720p_slice\539.mp4,7,Finish,277,mediapipe,True,85.04016389607395,,-173.18137727039732,172.34481159870802,3.0828443454405,lead_elbow_angle,missing_features:lead_elbow_angle
545,C:\Users\zzang\Desktop\workspace\Python\golf\src\golfdb-master\learning_video\golfdb_720p_slice\545.mp4,0,Address,352,mediapipe,True,164.90459656742098,173.3395688653353,-164.37753639177953,-173.09379798563867,7.214469986635055,,
545,C:\Users\zzang\Desktop\workspace\Python\golf\src\golfdb-master\learning_video\golfdb_720p_slice\545.mp4,1,Toe-up,366,mediapipe,True,,167.4742342238092,166.57662196002667,-177.71551416362658,9.071209334277137,trail_elbow_angle,missing_features:trail_elbow_angle
545,C:\Users\zzang\Desktop\workspace\Python\golf\src\golfdb-master\learning_video\golfdb_720p_slice\545.mp4,2,Mid-backswing,372,mediapipe,True,,123.29405786158244,175.01958429902456,-178.19612876707637,6.485699040359787,trail_elbow_angle,missing_features:trail_elbow_angle
545,C:\Users\zzang\Desktop\workspace\Python\golf\src\golfdb-master\learning_video\golfdb_720p_slice\545.mp4,3,Top,378,mediapipe,True,,100.60893977423285,178.78972237909346,-177.89427798248022,7.43633652958955,trail_elbow_angle,missing_features:trail_elbow_angle
545,C:\Users\zzang\Desktop\workspace\Python\golf\src\golfdb-master\learning_video\golfdb_720p_slice\545.mp4,4,Mid-downswing,382,mediapipe,True,59.7681737586403,147.1725716273024,-167.47467716605814,-173.32322861115162,12.096427394183888,,
545,C:\Users\zzang\Desktop\workspace\Python\golf\src\golfdb-master\learning_video\golfdb_720p_slice\545.mp4,5,Impact,385,mediapipe,True,166.35510526444486,178.86421981859291,-140.5575178028489,-175.41647948131856,27.124465808403972,,
545,C:\Users\zzang\Desktop\workspace\Python\golf\src\golfdb-master\learning_video\golfdb_720p_slice\545.mp4,6,Mid-follow-through,387,mediapipe,True,162.79621342094393,166.4968401765488,-133.82403751093037,-173.7793542039831,24.774620802556594,,
545,C:\Users\zzang\Desktop\workspace\Python\golf\src\golfdb-master\learning_video\golfdb_720p_slice\545.mp4,7,Finish,399,mediapipe,True,,,-166.24166175689479,176.62649281770007,14.410192842040818,trail_elbow_angle|lead_elbow_angle,missing_features:trail_elbow_angle|lead_elbow_angle
546,C:\Users\zzang\Desktop\workspace\Python\golf\src\golfdb-master\learning_video\golfdb_720p_slice\546.mp4,0,Address,123,mediapipe,True,165.1080978457445,169.6023349471885,-165.04425669063107,-173.04125692591788,8.274767476253121,,
546,C:\Users\zzang\Desktop\workspace\Python\golf\src\golfdb-master\learning_video\golfdb_720p_slice\546.mp4,1,Toe-up,178,mediapipe,True,,170.8766612498876,162.67465519884706,-178.15592546741362,8.926056578638002,trail_elbow_angle,missing_features:trail_elbow_angle
546,C:\Users\zzang\Desktop\workspace\Python\golf\src\golfdb-master\learning_video\golfdb_720p_slice\546.mp4,2,Mid-backswing,199,mediapipe,True,,152.35362747495185,162.19930221906606,-179.65014772685734,6.764252039588142,trail_elbow_angle,missing_features:trail_elbow_angle
546,C:\Users\zzang\Desktop\workspace\Python\golf\src\golfdb-master\learning_video\golfdb_720p_slice\546.mp4,3,Top,227,mediapipe,True,,98.56851937693304,176.41432444002936,-176.91708496877823,7.554461464506499,trail_elbow_angle,missing_features:trail_elbow_angle
546,C:\Users\zzang\Desktop\workspace\Python\golf\src\golfdb-master\learning_video\golfdb_720p_slice\546.mp4,4,Mid-downswing,241,mediapipe,True,,150.66762066241103,-178.37008423913798,-176.45759425378776,8.044543261639916,trail_elbow_angle,missing_features:trail_elbow_angle
546,C:\Users\zzang\Desktop\workspace\Python\golf\src\golfdb-master\learning_video\golfdb_720p_slice\546.mp4,5,Impact,253,mediapipe,True,162.03684740273127,171.97521027311936,-154.74664221860567,-168.94725860448435,20.86896944935359,,
546,C:\Users\zzang\Desktop\workspace\Python\golf\src\golfdb-master\learning_video\golfdb_720p_slice\546.mp4,6,Mid-follow-through,261,mediapipe,True,154.0934653944592,149.62516131621643,-135.87822491260403,-173.1623798711938,25.42561538649994,,
546,C:\Users\zzang\Desktop\workspace\Python\golf\src\golfdb-master\learning_video\golfdb_720p_slice\546.mp4,7,Finish,310,mediapipe,True,,,-165.67873556543455,179.10273126901512,14.912417031987951,trail_elbow_angle|lead_elbow_angle,missing_features:trail_elbow_angle|lead_elbow_angle
551,C:\Users\zzang\Desktop\workspace\Python\golf\src\golfdb-master\learning_video\golfdb_720p_slice\551.mp4,0,Address,356,mediapipe,True,179.86608137113717,177.00604853510126,-164.62740684911446,-175.41803149200592,8.192896696775536,,
551,C:\Users\zzang\Desktop\workspace\Python\golf\src\golfdb-master\learning_video\golfdb_720p_slice\551.mp4,1,Toe-up,375,mediapipe,True,167.55077549055468,166.77486729405277,165.2358444344576,-177.0103932136964,11.369858386794759,,
551,C:\Users\zzang\Desktop\workspace\Python\golf\src\golfdb-master\learning_video\golfdb_720p_slice\551.mp4,2,Mid-backswing,380,mediapipe,True,,161.5832748289279,163.15777262032015,-178.90206615581238,12.08750806691208,trail_elbow_angle,missing_features:trail_elbow_angle
551,C:\Users\zzang\Desktop\workspace\Python\golf\src\golfdb-master\learning_video\golfdb_720p_slice\551.mp4,3,Top,392,mediapipe,True,,103.65854654788906,-179.3074392427616,-178.33305586423413,8.877569195029604,trail_elbow_angle,missing_features:trail_elbow_angle
551,C:\Users\zzang\Desktop\workspace\Python\golf\src\golfdb-master\learning_video\golfdb_720p_slice\551.mp4,4,Mid-downswing,397,mediapipe,True,,146.60741391685653,175.8241255254813,-178.8023232866016,9.156306539335583,trail_elbow_angle,missing_features:trail_elbow_angle
551,C:\Users\zzang\Desktop\workspace\Python\golf\src\golfdb-master\learning_video\golfdb_720p_slice\551.mp4,5,Impact,401,mediapipe,True,160.97917750408504,,-141.23944753573136,-169.78760368096349,16.689486592551287,lead_elbow_angle,missing_features:lead_elbow_angle
551,C:\Users\zzang\Desktop\workspace\Python\golf\src\golfdb-master\learning_video\golfdb_720p_slice\551.mp4,6,Mid-follow-through,403,mediapipe,True,157.29838944139465,177.02646533191526,-131.02495313079018,-168.90474117038232,14.683630301952345,,
551,C:\Users\zzang\Desktop\workspace\Python\golf\src\golfdb-master\learning_video\golfdb_720p_slice\551.mp4,7,Finish,420,mediapipe,True,128.51159138894505,138.57252497974576,-173.54484516270858,-172.69538960695422,4.942421074562886,,
552,C:\Users\zzang\Desktop\workspace\Python\golf\src\golfdb-master\learning_video\golfdb_720p_slice\552.mp4,0,Address,55,mediapipe,True,176.52984145551545,175.5324679803045,-163.30128833125443,-172.87687752457038,8.606790376475113,,
552,C:\Users\zzang\Desktop\workspace\Python\golf\src\golfdb-master\learning_video\golfdb_720p_slice\552.mp4,1,Toe-up,134,mediapipe,True,166.5841778203255,168.00637653021658,166.39101692613121,-178.03918483922587,11.049683568583555,,
552,C:\Users\zzang\Desktop\workspace\Python\golf\src\golfdb-master\learning_video\golfdb_720p_slice\552.mp4,2,Mid-backswing,150,mediapipe,True,156.10735762941957,160.87955362545515,166.15033920739646,-178.17589174011667,12.392861890129158,,
552,C:\Users\zzang\Desktop\workspace\Python\golf\src\golfdb-master\learning_video\golfdb_720p_slice\552.mp4,3,Top,200,mediapipe,True,,75.34817947240015,179.47167810048728,-177.53320382277965,9.58958524545607,trail_elbow_angle,missing_features:trail_elbow_angle
552,C:\Users\zzang\Desktop\workspace\Python\golf\src\golfdb-master\learning_video\golfdb_720p_slice\552.mp4,4,Mid-downswing,220,mediapipe,True,,145.5983236100385,177.53342374795758,-177.38570871115147,9.096691032731435,trail_elbow_angle,missing_features:trail_elbow_angle
552,C:\Users\zzang\Desktop\workspace\Python\golf\src\golfdb-master\learning_video\golfdb_720p_slice\552.mp4,5,Impact,235,mediapipe,True,155.3962335881391,151.7768694471184,-147.91967015503167,-170.22574355900477,16.86134088985018,,
552,C:\Users\zzang\Desktop\workspace\Python\golf\src\golfdb-master\learning_video\golfdb_720p_slice\552.mp4,6,Mid-follow-through,244,mediapipe,True,142.60928400601824,173.4397765487246,-130.3855649874247,-168.88748339671923,15.024611535084258,,
552,C:\Users\zzang\Desktop\workspace\Python\golf\src\golfdb-master\learning_video\golfdb_720p_slice\552.mp4,7,Finish,312,mediapipe,True,131.78016316560968,159.9784269341785,-147.26499825020483,-164.57010518510072,5.713673620526983,,
561,C:\Users\zzang\Desktop\workspace\Python\golf\src\golfdb-master\learning_video\golfdb_720p_slice\561.mp4,0,Address,201,mediapipe,True,161.87417821726572,171.99378296524225,175.59930307889158,-178.36370700583467,2.3144992117228287,,
561,C:\Users\zzang\Desktop\workspace\Python\golf\src\golfdb-master\learning_video\golfdb_720p_slice\561.mp4,1,Toe-up,219,mediapipe,True,160.29787707545609,176.73385748434362,-174.2539540137628,179.41529553995284,-0.32125787303097547,,
561,C:\Users\zzang\Desktop\workspace\Python\golf\src\golfdb-master\learning_video\golfdb_720p_slice\561.mp4,2,Mid-backswing,225,mediapipe,True,158.2931149425758,168.03341373259295,172.10582626667153,179.64525887286905,-1.5680198705619837,,
561,C:\Users\zzang\Desktop\workspace\Python\golf\src\golfdb-master\learning_video\golfdb_720p_slice\561.mp4,3,Top,234,mediapipe,True,136.45789731242226,77.43076211733394,176.86843265473908,177.69473001481447,-4.081863701286823,,
561,C:\Users\zzang\Desktop\workspace\Python\golf\src\golfdb-master\learning_video\golfdb_720p_slice\561.mp4,4,Mid-downswing,241,mediapipe,True,140.64713887504624,127.2238337781554,171.38029481838566,177.82960979533402,-5.3890816882994335,,
561,C:\Users\zzang\Desktop\workspace\Python\golf\src\golfdb-master\learning_video\golfdb_720p_slice\561.mp4,5,Impact,244,mediapipe,True,158.44657375893703,153.49955909980147,154.7108326519683,179.22118020180307,-12.219048278424559,,
561,C:\Users\zzang\Desktop\workspace\Python\golf\src\golfdb-master\learning_video\golfdb_720p_slice\561.mp4,6,Mid-follow-through,245,mediapipe,True,100.55354978691611,165.74815029333058,156.77231549817216,177.46906887199168,-15.949221391497556,,
561,C:\Users\zzang\Desktop\workspace\Python\golf\src\golfdb-master\learning_video\golfdb_720p_slice\561.mp4,7,Finish,258,mediapipe,True,,,-10.762280352084815,6.64384262696692,-3.4487642904567024,trail_elbow_angle|lead_elbow_angle,missing_features:trail_elbow_angle|lead_elbow_angle
564,C:\Users\zzang\Desktop\workspace\Python\golf\src\golfdb-master\learning_video\golfdb_720p_slice\564.mp4,0,Address,210,mediapipe,True,162.3787357698966,173.67472976521697,175.22460186758587,-175.01056624742236,0.3100047687023101,,
564,C:\Users\zzang\Desktop\workspace\Python\golf\src\golfdb-master\learning_video\golfdb_720p_slice\564.mp4,1,Toe-up,226,mediapipe,True,162.8191661225289,165.13933404880137,-168.99884891737727,-177.32356503868,-2.7789439049733367,,
564,C:\Users\zzang\Desktop\workspace\Python\golf\src\golfdb-master\learning_video\golfdb_720p_slice\564.mp4,2,Mid-backswing,232,mediapipe,True,150.2122533873608,130.6959565026178,179.23615498354602,-176.9659416184352,-2.9985892880354696,,
564,C:\Users\zzang\Desktop\workspace\Python\golf\src\golfdb-master\learning_video\golfdb_720p_slice\564.mp4,3,Top,241,mediapipe,True,125.182652928306,109.13159509836929,-175.42712372917606,-175.01815742691727,-5.022703320550724,,
564,C:\Users\zzang\Desktop\workspace\Python\golf\src\golfdb-master\learning_video\golfdb_720p_slice\564.mp4,4,Mid-downswing,248,mediapipe,True,131.0577711471549,43.89255795723221,179.3135919246134,177.43015184515622,-6.994966557625244,,
564,C:\Users\zzang\Desktop\workspace\Python\golf\src\golfdb-master\learning_video\golfdb_720p_slice\564.mp4,5,Impact,250,mediapipe,True,149.22629316711985,160.1906149670066,164.74840550625592,177.60435997060713,-12.274715131228735,,
564,C:\Users\zzang\Desktop\workspace\Python\golf\src\golfdb-master\learning_video\golfdb_720p_slice\564.mp4,6,Mid-follow-through,252,mediapipe,True,57.75161427171969,163.84126154883143,153.82335552581463,175.47725184234798,-16.982792512591253,,
564,C:\Users\zzang\Desktop\workspace\Python\golf\src\golfdb-master\learning_video\golfdb_720p_slice\564.mp4,7,Finish,265,mediapipe,True,,,-3.2772547164190153,70.83357952846632,-0.9423241696340239,trail_elbow_angle|lead_elbow_angle,missing_features:trail_elbow_angle|lead_elbow_angle
565,C:\Users\zzang\Desktop\workspace\Python\golf\src\golfdb-master\learning_video\golfdb_720p_slice\565.mp4,0,Address,20,mediapipe,True,164.57780747226423,176.08267025608254,176.3656561997356,-179.78327304653948,-0.6418198387813253,,
565,C:\Users\zzang\Desktop\workspace\Python\golf\src\golfdb-master\learning_video\golfdb_720p_slice\565.mp4,1,Toe-up,83,mediapipe,True,158.98071742124228,178.94073163923022,-168.15177804307086,-176.4977313001419,-2.3903759462538527,,
565,C:\Users\zzang\Desktop\workspace\Python\golf\src\golfdb-master\learning_video\golfdb_720p_slice\565.mp4,2,Mid-backswing,103,mediapipe,True,159.1232045419577,138.44795740451835,-175.07196114665683,-175.13855645861344,-3.4988188860726237,,
565,C:\Users\zzang\Desktop\workspace\Python\golf\src\golfdb-master\learning_video\golfdb_720p_slice\565.mp4,3,Top,143,mediapipe,True,121.16805956469662,146.38910419993132,-174.33481757042142,-176.71025709931342,-5.247002947824656,,
565,C:\Users\zzang\Desktop\workspace\Python\golf\src\golfdb-master\learning_video\golfdb_720p_slice\565.mp4,4,Mid-downswing,171,mediapipe,True,128.6633742637293,57.20482276102954,179.14662359536447,179.91119837226518,-6.155728522685516,,
565,C:\Users\zzang\Desktop\workspace\Python\golf\src\golfdb-master\learning_video\golfdb_720p_slice\565.mp4,5,Impact,180,mediapipe,True,149.74171583606383,155.28840521975764,163.24468822465084,173.530802793533,-11.151092153360969,,
565,C:\Users\zzang\Desktop\workspace\Python\golf\src\golfdb-master\learning_video\golfdb_720p_slice\565.mp4,6,Mid-follow-through,188,mediapipe,True,,161.976121647008,149.84840988505104,176.20882928361357,-17.759276342703988,trail_elbow_angle,missing_features:trail_elbow_angle
565,C:\Users\zzang\Desktop\workspace\Python\golf\src\golfdb-master\learning_video\golfdb_720p_slice\565.mp4,7,Finish,225,mediapipe,True,,45.781665015632896,-1.2902326075050736,172.6833122304365,-1.3248288254239262,trail_elbow_angle,missing_features:trail_elbow_angle
566,C:\Users\zzang\Desktop\workspace\Python\golf\src\golfdb-master\learning_video\golfdb_720p_slice\566.mp4,0,Address,184,mediapipe,True,174.4725630055722,176.40318328059516,-164.80409655383502,-174.90884404507335,14.863017688101069,,
566,C:\Users\zzang\Desktop\workspace\Python\golf\src\golfdb-master\learning_video\golfdb_720p_slice\566.mp4,1,Toe-up,194,mediapipe,True,156.63556284178844,178.09943651452372,178.9322736619645,-177.37192206172813,17.18096927785461,,
566,C:\Users\zzang\Desktop\workspace\Python\golf\src\golfdb-master\learning_video\golfdb_720p_slice\566.mp4,2,Mid-backswing,201,mediapipe,True,125.38359333730256,133.07870253678774,167.70755811855824,-178.95486990506194,13.728180688315511,,
566,C:\Users\zzang\Desktop\workspace\Python\golf\src\golfdb-master\learning_video\golfdb_720p_slice\566.mp4,3,Top,206,mediapipe,True,161.5546944041228,142.13413022249068,-173.02276774171978,-175.11738423731688,14.923688567046673,,
566,C:\Users\zzang\Desktop\workspace\Python\golf\src\golfdb-master\learning_video\golfdb_720p_slice\566.mp4,4,Mid-downswing,209,mediapipe,True,,151.3930209460303,173.74413871936238,-176.19644879082648,12.948861837307886,trail_elbow_angle,missing_features:trail_elbow_angle
566,C:\Users\zzang\Desktop\workspace\Python\golf\src\golfdb-master\learning_video\golfdb_720p_slice\566.mp4,5,Impact,213,mediapipe,True,173.88056081186753,175.18927964931055,-140.25010035350692,-167.3333683757641,23.05436683152316,,
566,C:\Users\zzang\Desktop\workspace\Python\golf\src\golfdb-master\learning_video\golfdb_720p_slice\566.mp4,6,Mid-follow-through,215,mediapipe,True,157.61563213277628,,-123.68153815956799,-166.27111422433788,23.202347417278055,lead_elbow_angle,missing_features:lead_elbow_angle
566,C:\Users\zzang\Desktop\workspace\Python\golf\src\golfdb-master\learning_video\golfdb_720p_slice\566.mp4,7,Finish,236,mediapipe,True,129.35788161138169,163.76342237177758,12.645070167604953,-169.86928687870144,6.564771619039661,,
567,C:\Users\zzang\Desktop\workspace\Python\golf\src\golfdb-master\learning_video\golfdb_720p_slice\567.mp4,0,Address,9,mediapipe,True,177.36927642676793,177.8645309340068,-162.18414298189313,-177.0630396671113,12.753715258189965,,
567,C:\Users\zzang\Desktop\workspace\Python\golf\src\golfdb-master\learning_video\golfdb_720p_slice\567.mp4,1,Toe-up,54,mediapipe,True,158.9075978696214,179.8547860213506,176.10278468198794,-179.16211425164718,16.60117659243627,,
567,C:\Users\zzang\Desktop\workspace\Python\golf\src\golfdb-master\learning_video\golfdb_720p_slice\567.mp4,2,Mid-backswing,80,mediapipe,True,,139.70457319735536,151.975459199116,178.40230568939424,13.923320642640887,trail_elbow_angle,missing_features:trail_elbow_angle
567,C:\Users\zzang\Desktop\workspace\Python\golf\src\golfdb-master\learning_video\golfdb_720p_slice\567.mp4,3,Top,100,mediapipe,True,,138.38195584988162,166.6168949573504,179.9490959589012,11.206221152269935,trail_elbow_angle,missing_features:trail_elbow_angle
567,C:\Users\zzang\Desktop\workspace\Python\golf\src\golfdb-master\learning_video\golfdb_720p_slice\567.mp4,4,Mid-downswing,112,mediapipe,True,,148.32404811538274,169.203778736139,-179.38850475645566,11.75180868458487,trail_elbow_angle,missing_features:trail_elbow_angle
567,C:\Users\zzang\Desktop\workspace\Python\golf\src\golfdb-master\learning_video\golfdb_720p_slice\567.mp4,5,Impact,127,mediapipe,True,172.77357893781442,,-140.97504285910043,-172.25117172831435,17.719042192996184,lead_elbow_angle,missing_features:lead_elbow_angle
567,C:\Users\zzang\Desktop\workspace\Python\golf\src\golfdb-master\learning_video\golfdb_720p_slice\567.mp4,6,Mid-follow-through,136,mediapipe,True,166.97162809800423,156.40932720609652,-127.93144855218999,-169.7175193393763,24.530306167876937,,
567,C:\Users\zzang\Desktop\workspace\Python\golf\src\golfdb-master\learning_video\golfdb_720p_slice\567.mp4,7,Finish,206,mediapipe,True,,49.40541778371793,10.720965829253405,-157.50830658693005,9.270351181278373,trail_elbow_angle,missing_features:trail_elbow_angle
582,C:\Users\zzang\Desktop\workspace\Python\golf\src\golfdb-master\learning_video\golfdb_720p_slice\582.mp4,0,Address,108,mediapipe,True,163.0735688475081,166.44120554421283,-169.75940687887558,-173.1933605330743,0.7281087084632345,,
582,C:\Users\zzang\Desktop\workspace\Python\golf\src\golfdb-master\learning_video\golfdb_720p_slice\582.mp4,1,Toe-up,119,mediapipe,True,175.58070388111068,167.6754622090068,156.286652337499,176.53814914509059,-2.284027193656801,,
582,C:\Users\zzang\Desktop\workspace\Python\golf\src\golfdb-master\learning_video\golfdb_720p_slice\582.mp4,2,Mid-backswing,123,mediapipe,False,,,,,,trail_elbow_angle|lead_elbow_angle|shoulder_tilt|hip_tilt|spine_tilt,pose_not_detected
582,C:\Users\zzang\Desktop\workspace\Python\golf\src\golfdb-master\learning_video\golfdb_720p_slice\582.mp4,3,Top,132,mediapipe,True,130.98929474870405,127.39277014817418,174.16223711100824,176.23564602604705,0.20312525317436989,,
582,C:\Users\zzang\Desktop\workspace\Python\golf\src\golfdb-master\learning_video\golfdb_720p_slice\582.mp4,4,Mid-downswing,135,mediapipe,True,141.69540351416458,164.7195435291378,-172.03979457752325,-179.18176554699488,6.817660665344017,,
582,C:\Users\zzang\Desktop\workspace\Python\golf\src\golfdb-master\learning_video\golfdb_720p_slice\582.mp4,5,Impact,139,mediapipe,True,153.27171975337055,,-144.49060342441098,-172.30009453381135,18.96652449786971,lead_elbow_angle,missing_features:lead_elbow_angle
582,C:\Users\zzang\Desktop\workspace\Python\golf\src\golfdb-master\learning_video\golfdb_720p_slice\582.mp4,6,Mid-follow-through,141,mediapipe,True,144.75029387475755,171.20644006339333,-124.09614245655082,-173.4889626275738,27.52797568412604,,
582,C:\Users\zzang\Desktop\workspace\Python\golf\src\golfdb-master\learning_video\golfdb_720p_slice\582.mp4,7,Finish,163,mediapipe,True,138.42253917786292,53.06145308146475,-172.18550915228306,173.77917094003965,12.531930765098743,,
583,C:\Users\zzang\Desktop\workspace\Python\golf\src\golfdb-master\learning_video\golfdb_720p_slice\583.mp4,0,Address,8,mediapipe,True,163.95888309994794,167.10558498640654,-168.88225350715354,-173.2512727514919,0.04674936847615996,,
583,C:\Users\zzang\Desktop\workspace\Python\golf\src\golfdb-master\learning_video\golfdb_720p_slice\583.mp4,1,Toe-up,53,mediapipe,True,172.51761347571858,163.3631496911434,159.16534590229088,175.41866490427142,-2.3781034768861815,,
583,C:\Users\zzang\Desktop\workspace\Python\golf\src\golfdb-master\learning_video\golfdb_720p_slice\583.mp4,2,Mid-backswing,68,mediapipe,False,,,,,,trail_elbow_angle|lead_elbow_angle|shoulder_tilt|hip_tilt|spine_tilt,pose_not_detected
583,C:\Users\zzang\Desktop\workspace\Python\golf\src\golfdb-master\learning_video\golfdb_720p_slice\583.mp4,3,Top,103,mediapipe,True,128.23240890678983,127.24362521268087,171.05988252556003,177.14640039140457,-0.09240917419864376,,
583,C:\Users\zzang\Desktop\workspace\Python\golf\src\golfdb-master\learning_video\golfdb_720p_slice\583.mp4,4,Mid-downswing,115,mediapipe,True,154.31166620897454,157.11618863077933,-178.06359892820413,179.5225495388671,4.852719773412257,,
583,C:\Users\zzang\Desktop\workspace\Python\golf\src\golfdb-master\learning_video\golfdb_720p_slice\583.mp4,5,Impact,132,mediapipe,True,145.193589432704,169.82895782024968,-146.61956917439258,-172.33132010676033,18.371280568831615,,
583,C:\Users\zzang\Desktop\workspace\Python\golf\src\golfdb-master\learning_video\golfdb_720p_slice\583.mp4,6,Mid-follow-through,141,mediapipe,True,147.337592895425,170.3807669525295,-119.58291599908502,-170.8507893129348,27.60594118736543,,
583,C:\Users\zzang\Desktop\workspace\Python\golf\src\golfdb-master\learning_video\golfdb_720p_slice\583.mp4,7,Finish,216,mediapipe,True,89.00599470774905,,-178.83410599600958,172.53239400726446,12.195105771862575,lead_elbow_angle,missing_features:lead_elbow_angle
584,C:\Users\zzang\Desktop\workspace\Python\golf\src\golfdb-master\learning_video\golfdb_720p_slice\584.mp4,0,Address,12,mediapipe,True,177.94759708088137,179.18933619081602,-170.84010546251088,-175.31125566725808,8.73968702365865,,
584,C:\Users\zzang\Desktop\workspace\Python\golf\src\golfdb-master\learning_video\golfdb_720p_slice\584.mp4,1,Toe-up,21,mediapipe,True,158.78256363550165,171.67801093268304,151.50271254068002,177.32885240741243,12.296655585165077,,
584,C:\Users\zzang\Desktop\workspace\Python\golf\src\golfdb-master\learning_video\golfdb_720p_slice\584.mp4,2,Mid-backswing,25,mediapipe,True,,139.00387376662923,151.8567440879262,176.68586884191666,13.877358696933188,trail_elbow_angle,missing_features:trail_elbow_angle
584,C:\Users\zzang\Desktop\workspace\Python\golf\src\golfdb-master\learning_video\golfdb_720p_slice\584.mp4,3,Top,29,mediapipe,True,,,178.6072227329381,-177.88435641037447,16.761431583210545,trail_elbow_angle|lead_elbow_angle,missing_features:trail_elbow_angle|lead_elbow_angle
584,C:\Users\zzang\Desktop\workspace\Python\golf\src\golfdb-master\learning_video\golfdb_720p_slice\584.mp4,4,Mid-downswing,32,mediapipe,True,126.81067056579452,135.81809772851983,164.12591565556605,-178.2902995569773,15.40117081982542,,
584,C:\Users\zzang\Desktop\workspace\Python\golf\src\golfdb-master\learning_video\golfdb_720p_slice\584.mp4,5,Impact,36,mediapipe,True,151.80155078052007,175.9350419886858,-144.72465258004306,-169.31222731943134,18.723217047352886,,
584,C:\Users\zzang\Desktop\workspace\Python\golf\src\golfdb-master\learning_video\golfdb_720p_slice\584.mp4,6,Mid-follow-through,38,mediapipe,True,179.74936927054537,163.09294189506014,-131.19140838197362,-169.82899295296403,20.15338588196397,,
584,C:\Users\zzang\Desktop\workspace\Python\golf\src\golfdb-master\learning_video\golfdb_720p_slice\584.mp4,7,Finish,56,mediapipe,True,,,42.31395906615677,170.02878585410303,7.3941899116346645,trail_elbow_angle|lead_elbow_angle,missing_features:trail_elbow_angle|lead_elbow_angle
585,C:\Users\zzang\Desktop\workspace\Python\golf\src\golfdb-master\learning_video\golfdb_720p_slice\585.mp4,0,Address,78,mediapipe,True,176.8562334987226,177.5395841250813,-170.4079095749658,-173.47955577614584,8.397022275595113,,
585,C:\Users\zzang\Desktop\workspace\Python\golf\src\golfdb-master\learning_video\golfdb_720p_slice\585.mp4,1,Toe-up,115,mediapipe,True,157.87969813464233,175.44164583192125,146.1450301183598,177.2130840486479,12.625794897799622,,
585,C:\Users\zzang\Desktop\workspace\Python\golf\src\golfdb-master\learning_video\golfdb_720p_slice\585.mp4,2,Mid-backswing,131,mediapipe,True,,136.49713261607462,151.88142136032982,176.5990130968918,13.020428380020707,trail_elbow_angle,missing_features:trail_elbow_angle
585,C:\Users\zzang\Desktop\workspace\Python\golf\src\golfdb-master\learning_video\golfdb_720p_slice\585.mp4,3,Top,149,mediapipe,True,,171.89906667055394,-178.65111988376958,-179.436413406703,18.1988882109515,trail_elbow_angle,missing_features:trail_elbow_angle
585,C:\Users\zzang\Desktop\workspace\Python\golf\src\golfdb-master\learning_video\golfdb_720p_slice\585.mp4,4,Mid-downswing,158,mediapipe,True,129.02838477480663,133.60239316745907,175.10022903311022,-176.5951141266507,15.657640919340196,,
585,C:\Users\zzang\Desktop\workspace\Python\golf\src\golfdb-master\learning_video\golfdb_720p_slice\585.mp4,5,Impact,173,mediapipe,True,149.35955730438994,178.3515820939559,-145.36877480870473,-169.22993723532613,18.893369087877975,,
585,C:\Users\zzang\Desktop\workspace\Python\golf\src\golfdb-master\learning_video\golfdb_720p_slice\585.mp4,6,Mid-follow-through,181,mediapipe,True,178.5694323627722,167.15280876976726,-123.1297725501677,-167.128903865627,20.430071621108002,,
585,C:\Users\zzang\Desktop\workspace\Python\golf\src\golfdb-master\learning_video\golfdb_720p_slice\585.mp4,7,Finish,241,mediapipe,True,,,12.609637842275818,165.75504123764267,8.381461761694856,trail_elbow_angle|lead_elbow_angle,missing_features:trail_elbow_angle|lead_elbow_angle
593,C:\Users\zzang\Desktop\workspace\Python\golf\src\golfdb-master\learning_video\golfdb_720p_slice\593.mp4,0,Address,44,mediapipe,True,171.7949434067724,169.9784462325793,-167.0861402256232,-176.84415257300083,6.485324003782928,,
593,C:\Users\zzang\Desktop\workspace\Python\golf\src\golfdb-master\learning_video\golfdb_720p_slice\593.mp4,1,Toe-up,113,mediapipe,True,164.80845221419153,167.92393902354695,171.0157303121356,-176.50045103669282,10.591030377748364,,
593,C:\Users\zzang\Desktop\workspace\Python\golf\src\golfdb-master\learning_video\golfdb_720p_slice\593.mp4,2,Mid-backswing,133,mediapipe,True,,150.9480445596399,152.1183689848819,-177.02802954471133,9.898714873368954,trail_elbow_angle,missing_features:trail_elbow_angle
593,C:\Users\zzang\Desktop\workspace\Python\golf\src\golfdb-master\learning_video\golfdb_720p_slice\593.mp4,3,Top,170,mediapipe,True,,106.88761728568991,-177.86702168160048,-174.70978126338457,10.091845349148247,trail_elbow_angle,missing_features:trail_elbow_angle
593,C:\Users\zzang\Desktop\workspace\Python\golf\src\golfdb-master\learning_video\golfdb_720p_slice\593.mp4,4,Mid-downswing,180,mediapipe,True,120.7501159203037,137.83184677057287,167.0289210666764,-176.64904648038575,12.994857682350148,,
593,C:\Users\zzang\Desktop\workspace\Python\golf\src\golfdb-master\learning_video\golfdb_720p_slice\593.mp4,5,Impact,193,mediapipe,True,149.70021694944816,166.95501013839288,-144.48210117763082,-168.41680522394284,19.10461769256459,,
593,C:\Users\zzang\Desktop\workspace\Python\golf\src\golfdb-master\learning_video\golfdb_720p_slice\593.mp4,6,Mid-follow-through,200,mediapipe,True,160.04798818894776,169.71658637691522,-130.16092143715827,-168.32434377722123,17.97682321556567,,
593,C:\Users\zzang\Desktop\workspace\Python\golf\src\golfdb-master\learning_video\golfdb_720p_slice\593.mp4,7,Finish,252,mediapipe,True,103.34460673335624,159.48169262280317,-162.10977556848115,-179.36779999205788,10.596060462602834,,
612,C:\Users\zzang\Desktop\workspace\Python\golf\src\golfdb-master\learning_video\golfdb_720p_slice\612.mp4,0,Address,190,mediapipe,True,157.48498319098255,143.46693891569316,-168.61510554036224,-175.75812974625407,5.08274474287949,,
612,C:\Users\zzang\Desktop\workspace\Python\golf\src\golfdb-master\learning_video\golfdb_720p_slice\612.mp4,1,Toe-up,206,mediapipe,False,,,,,,trail_elbow_angle|lead_elbow_angle|shoulder_tilt|hip_tilt|spine_tilt,pose_not_detected
612,C:\Users\zzang\Desktop\workspace\Python\golf\src\golfdb-master\learning_video\golfdb_720p_slice\612.mp4,2,Mid-backswing,209,mediapipe,True,,152.16079067575225,156.88200966115372,179.86253037300204,7.248991313297004,trail_elbow_angle,missing_features:trail_elbow_angle
612,C:\Users\zzang\Desktop\workspace\Python\golf\src\golfdb-master\learning_video\golfdb_720p_slice\612.mp4,3,Top,218,mediapipe,True,111.78955270259914,91.65799597086777,174.33721569572668,179.4287138008563,7.883527863614407,,
612,C:\Users\zzang\Desktop\workspace\Python\golf\src\golfdb-master\learning_video\golfdb_720p_slice\612.mp4,4,Mid-downswing,223,mediapipe,True,94.85564057219293,140.33320015183344,-176.11201853409906,179.58018670640095,11.139599884894356,,
612,C:\Users\zzang\Desktop\workspace\Python\golf\src\golfdb-master\learning_video\golfdb_720p_slice\612.mp4,5,Impact,226,mediapipe,True,165.00937161617352,153.5318197369747,-150.46346868169138,-174.23402247603025,18.02299661385895,,
612,C:\Users\zzang\Desktop\workspace\Python\golf\src\golfdb-master\learning_video\golfdb_720p_slice\612.mp4,6,Mid-follow-through,228,mediapipe,True,164.86363441732442,143.84247875098757,-142.39490050854553,-172.89692839995652,17.489102841261452,,
612,C:\Users\zzang\Desktop\workspace\Python\golf\src\golfdb-master\learning_video\golfdb_720p_slice\612.mp4,7,Finish,244,mediapipe,True,,,36.062740454306805,160.34558780291738,7.847804403233423,trail_elbow_angle|lead_elbow_angle,missing_features:trail_elbow_angle|lead_elbow_angle
613,C:\Users\zzang\Desktop\workspace\Python\golf\src\golfdb-master\learning_video\golfdb_720p_slice\613.mp4,0,Address,46,mediapipe,True,159.6309186084764,142.01251339091462,-167.55739922499578,-169.6478799318564,4.690983670133633,,
613,C:\Users\zzang\Desktop\workspace\Python\golf\src\golfdb-master\learning_video\golfdb_720p_slice\613.mp4,1,Toe-up,110,mediapipe,False,,,,,,trail_elbow_angle|lead_elbow_angle|shoulder_tilt|hip_tilt|spine_tilt,pose_not_detected
613,C:\Users\zzang\Desktop\workspace\Python\golf\src\golfdb-master\learning_video\golfdb_720p_slice\613.mp4,2,Mid-backswing,120,mediapipe,True,,149.4475431561616,151.5689293454306,-179.91410044664514,6.37416318751024,trail_elbow_angle,missing_features:trail_elbow_angle
613,C:\Users\zzang\Desktop\workspace\Python\golf\src\golfdb-master\learning_video\golfdb_720p_slice\613.mp4,3,Top,160,mediapipe,True,124.971796253748,99.9967095803148,178.81753810778187,-178.54568069391527,9.774460512881628,,
613,C:\Users\zzang\Desktop\workspace\Python\golf\src\golfdb-master\learning_video\golfdb_720p_slice\613.mp4,4,Mid-downswing,177,mediapipe,True,106.23318953156388,143.25679184080525,-174.47011491141677,179.67958858823033,10.343575452346634,,
613,C:\Users\zzang\Desktop\workspace\Python\golf\src\golfdb-master\learning_video\golfdb_720p_slice\613.mp4,5,Impact,190,mediapipe,True,151.58980726119503,160.04272915980667,-149.61150523436478,-172.69854157403137,17.09333446191612,,
613,C:\Users\zzang\Desktop\workspace\Python\golf\src\golfdb-master\learning_video\golfdb_720p_slice\613.mp4,6,Mid-follow-through,199,mediapipe,True,158.84867246128184,158.1206396702062,-142.45196049331278,-172.8527600007474,17.215085005809883,,
613,C:\Users\zzang\Desktop\workspace\Python\golf\src\golfdb-master\learning_video\golfdb_720p_slice\613.mp4,7,Finish,267,mediapipe,True,,,32.632156412526854,170.90708920724575,7.097413358934147,trail_elbow_angle|lead_elbow_angle,missing_features:trail_elbow_angle|lead_elbow_angle
618,C:\Users\zzang\Desktop\workspace\Python\golf\src\golfdb-master\learning_video\golfdb_720p_slice\618.mp4,0,Address,254,mediapipe,True,177.3929199079258,175.87751481442015,-164.78407675019363,-171.77084444259947,1.414824667127168,,
618,C:\Users\zzang\Desktop\workspace\Python\golf\src\golfdb-master\learning_video\golfdb_720p_slice\618.mp4,1,Toe-up,311,mediapipe,True,157.30760101390047,163.99839768443775,164.627052431798,-179.39860867761584,3.855798890939193,,
618,C:\Users\zzang\Desktop\workspace\Python\golf\src\golfdb-master\learning_video\golfdb_720p_slice\618.mp4,2,Mid-backswing,317,mediapipe,True,,136.78085281132672,173.49634221693555,179.68487582003772,4.324470383299908,trail_elbow_angle,missing_features:trail_elbow_angle
618,C:\Users\zzang\Desktop\workspace\Python\golf\src\golfdb-master\learning_video\golfdb_720p_slice\618.mp4,3,Top,324,mediapipe,True,,109.96164719987893,178.05043392000363,178.55631254201776,8.521579160225272,trail_elbow_angle,missing_features:trail_elbow_angle
618,C:\Users\zzang\Desktop\workspace\Python\golf\src\golfdb-master\learning_video\golfdb_720p_slice\618.mp4,4,Mid-downswing,327,mediapipe,True,,141.52630010204336,176.61909552357838,-178.73071489578604,11.003470131895286,trail_elbow_angle,missing_features:trail_elbow_angle
618,C:\Users\zzang\Desktop\workspace\Python\golf\src\golfdb-master\learning_video\golfdb_720p_slice\618.mp4,5,Impact,331,mediapipe,True,173.75327834489445,179.42395143248234,-134.0202888726176,-168.53368073779097,25.689777573380255,,
618,C:\Users\zzang\Desktop\workspace\Python\golf\src\golfdb-master\learning_video\golfdb_720p_slice\618.mp4,6,Mid-follow-through,333,mediapipe,True,160.87913093776635,156.84042708008266,-127.48496876133834,-171.78803599505866,23.40982122311432,,
618,C:\Users\zzang\Desktop\workspace\Python\golf\src\golfdb-master\learning_video\golfdb_720p_slice\618.mp4,7,Finish,353,mediapipe,True,98.14187572664443,35.06441030474563,13.26634819944388,90.01307008718722,4.894192733283526,,
619,C:\Users\zzang\Desktop\workspace\Python\golf\src\golfdb-master\learning_video\golfdb_720p_slice\619.mp4,0,Address,210,mediapipe,True,176.8176916577024,178.00725166464147,-168.37130161479743,-172.62373783262603,2.1292888654723217,,
619,C:\Users\zzang\Desktop\workspace\Python\golf\src\golfdb-master\learning_video\golfdb_720p_slice\619.mp4,1,Toe-up,264,mediapipe,True,163.0139244149677,165.93253337911005,170.0108427058469,-178.6683064743096,2.8177099504095064,,
619,C:\Users\zzang\Desktop\workspace\Python\golf\src\golfdb-master\learning_video\golfdb_720p_slice\619.mp4,2,Mid-backswing,286,mediapipe,True,,142.09857989294224,155.01527250139605,177.23389718377962,2.852819620113948,trail_elbow_angle,missing_features:trail_elbow_angle
619,C:\Users\zzang\Desktop\workspace\Python\golf\src\golfdb-master\learning_video\golfdb_720p_slice\619.mp4,3,Top,312,mediapipe,True,,107.14656395898595,173.36753234206284,179.51834256604695,9.260222804801721,trail_elbow_angle,missing_features:trail_elbow_angle
619,C:\Users\zzang\Desktop\workspace\Python\golf\src\golfdb-master\learning_video\golfdb_720p_slice\619.mp4,4,Mid-downswing,328,mediapipe,True,,129.86748307246657,178.9439498186829,179.9748123495445,9.862709083722626,trail_elbow_angle,missing_features:trail_elbow_angle
619,C:\Users\zzang\Desktop\workspace\Python\golf\src\golfdb-master\learning_video\golfdb_720p_slice\619.mp4,5,Impact,344,mediapipe,True,166.10899865813775,174.19000836889387,-142.79806790405874,-164.6231591365273,23.7795773274613,,
619,C:\Users\zzang\Desktop\workspace\Python\golf\src\golfdb-master\learning_video\golfdb_720p_slice\619.mp4,6,Mid-follow-through,352,mediapipe,True,173.69731126934371,174.05749910908054,-128.33773706711386,-166.35854034436468,26.836782140138105,,
619,C:\Users\zzang\Desktop\workspace\Python\golf\src\golfdb-master\learning_video\golfdb_720p_slice\619.mp4,7,Finish,412,mediapipe,True,56.88702780785262,,168.51021331905096,170.74928313721242,4.534307092561898,lead_elbow_angle,missing_features:lead_elbow_angle
630,C:\Users\zzang\Desktop\workspace\Python\golf\src\golfdb-master\learning_video\golfdb_720p_slice\630.mp4,0,Address,234,mediapipe,True,176.87023355484388,166.71608595671515,-163.06886606664298,-179.4634926770201,8.68948734409982,,
630,C:\Users\zzang\Desktop\workspace\Python\golf\src\golfdb-master\learning_video\golfdb_720p_slice\630.mp4,1,Toe-up,254,mediapipe,True,161.36064562736073,169.46450858839958,169.2968156333469,-179.18398574136302,12.444234644314804,,
630,C:\Users\zzang\Desktop\workspace\Python\golf\src\golfdb-master\learning_video\golfdb_720p_slice\630.mp4,2,Mid-backswing,262,mediapipe,True,,130.2047456959221,94.39072858503424,179.17663051696587,11.044335887737766,trail_elbow_angle,missing_features:trail_elbow_angle
630,C:\Users\zzang\Desktop\workspace\Python\golf\src\golfdb-master\learning_video\golfdb_720p_slice\630.mp4,3,Top,274,mediapipe,True,169.4315488979959,151.45998140032424,172.389824241451,-176.42435457484322,13.966179292596832,,
630,C:\Users\zzang\Desktop\workspace\Python\golf\src\golfdb-master\learning_video\golfdb_720p_slice\630.mp4,4,Mid-downswing,278,mediapipe,True,126.5205170664785,132.20668957901248,179.87005308762753,-179.23865564737528,14.07377358529871,,
630,C:\Users\zzang\Desktop\workspace\Python\golf\src\golfdb-master\learning_video\golfdb_720p_slice\630.mp4,5,Impact,282,mediapipe,True,141.3459870220896,171.47383342338438,-144.02030977635013,-174.10701733416644,18.825146233852603,,
630,C:\Users\zzang\Desktop\workspace\Python\golf\src\golfdb-master\learning_video\golfdb_720p_slice\630.mp4,6,Mid-follow-through,284,mediapipe,True,163.64294642719238,173.77854217536537,-131.04052453263915,-173.54124828443767,19.59510170632708,,
630,C:\Users\zzang\Desktop\workspace\Python\golf\src\golfdb-master\learning_video\golfdb_720p_slice\630.mp4,7,Finish,305,mediapipe,True,145.86922658989945,,-109.7464731788571,171.82147983668946,2.4789900387518142,lead_elbow_angle,missing_features:lead_elbow_angle
631,C:\Users\zzang\Desktop\workspace\Python\golf\src\golfdb-master\learning_video\golfdb_720p_slice\631.mp4,0,Address,16,mediapipe,True,178.2309350232058,168.69290370042364,-164.54566240213381,179.28433586540376,8.933505971941821,,
631,C:\Users\zzang\Desktop\workspace\Python\golf\src\golfdb-master\learning_video\golfdb_720p_slice\631.mp4,1,Toe-up,93,mediapipe,True,,179.65531520551133,153.31239374334896,178.48052122130548,11.932266357215083,trail_elbow_angle,missing_features:trail_elbow_angle
631,C:\Users\zzang\Desktop\workspace\Python\golf\src\golfdb-master\learning_video\golfdb_720p_slice\631.mp4,2,Mid-backswing,123,mediapipe,True,,109.44538186549282,77.0719368015969,174.709246624011,13.412539803365354,trail_elbow_angle,missing_features:trail_elbow_angle
631,C:\Users\zzang\Desktop\workspace\Python\golf\src\golfdb-master\learning_video\golfdb_720p_slice\631.mp4,3,Top,166,mediapipe,True,,152.5693815424974,20.495156385767068,30.108874167850374,13.231878348822391,trail_elbow_angle,missing_features:trail_elbow_angle
631,C:\Users\zzang\Desktop\workspace\Python\golf\src\golfdb-master\learning_video\golfdb_720p_slice\631.mp4,4,Mid-downswing,188,mediapipe,True,,127.47761867372077,177.8010742027084,-179.80586144768822,14.205882271395568,trail_elbow_angle,missing_features:trail_elbow_angle
631,C:\Users\zzang\Desktop\workspace\Python\golf\src\golfdb-master\learning_video\golfdb_720p_slice\631.mp4,5,Impact,202,mediapipe,True,138.76879861096174,171.562141950663,-146.6121685367247,-172.86790097475875,18.65438191361791,,
631,C:\Users\zzang\Desktop\workspace\Python\golf\src\golfdb-master\learning_video\golfdb_720p_slice\631.mp4,6,Mid-follow-through,210,mediapipe,True,169.36923434099066,166.41771032999333,-136.2379519760834,-174.00907569128628,20.464566509191886,,
631,C:\Users\zzang\Desktop\workspace\Python\golf\src\golfdb-master\learning_video\golfdb_720p_slice\631.mp4,7,Finish,286,mediapipe,True,156.03932517213016,,9.824990874533022,170.3474199080584,4.732728759876618,lead_elbow_angle,missing_features:lead_elbow_angle
640,C:\Users\zzang\Desktop\workspace\Python\golf\src\golfdb-master\learning_video\golfdb_720p_slice\640.mp4,0,Address,93,mediapipe,True,157.55414525195675,149.37659326933232,-164.86731832206914,-171.81071327757255,8.98228603117196,,
640,C:\Users\zzang\Desktop\workspace\Python\golf\src\golfdb-master\learning_video\golfdb_720p_slice\640.mp4,1,Toe-up,104,mediapipe,True,158.4675374390033,156.43482453183543,162.5168916801247,-178.20808837836702,14.845570273011564,,
640,C:\Users\zzang\Desktop\workspace\Python\golf\src\golfdb-master\learning_video\golfdb_720p_slice\640.mp4,2,Mid-backswing,110,mediapipe,True,129.95297105040402,131.4033198263639,160.64038977268083,-179.2554711762406,15.434406357978814,,
640,C:\Users\zzang\Desktop\workspace\Python\golf\src\golfdb-master\learning_video\golfdb_720p_slice\640.mp4,3,Top,118,mediapipe,True,,,163.88248231290552,-179.12546166170978,20.35300904265127,trail_elbow_angle|lead_elbow_angle,missing_features:trail_elbow_angle|lead_elbow_angle
640,C:\Users\zzang\Desktop\workspace\Python\golf\src\golfdb-master\learning_video\golfdb_720p_slice\640.mp4,4,Mid-downswing,124,mediapipe,True,115.55034347667664,129.27616970857378,-165.68789723319387,-172.95060550286527,17.42967408653196,,
640,C:\Users\zzang\Desktop\workspace\Python\golf\src\golfdb-master\learning_video\golfdb_720p_slice\640.mp4,5,Impact,127,mediapipe,True,149.12201921683368,161.3166367192546,-138.21371965546544,-168.86474926080905,18.918554090651895,,
640,C:\Users\zzang\Desktop\workspace\Python\golf\src\golfdb-master\learning_video\golfdb_720p_slice\640.mp4,6,Mid-follow-through,129,mediapipe,True,159.85282581622465,174.47512013095385,-146.34051681150945,-175.2100998669506,11.58184954232825,,
640,C:\Users\zzang\Desktop\workspace\Python\golf\src\golfdb-master\learning_video\golfdb_720p_slice\640.mp4,7,Finish,143,mediapipe,True,,,163.72776949482426,172.4882132384971,-3.5872200551940887,trail_elbow_angle|lead_elbow_angle,missing_features:trail_elbow_angle|lead_elbow_angle
641,C:\Users\zzang\Desktop\workspace\Python\golf\src\golfdb-master\learning_video\golfdb_720p_slice\641.mp4,0,Address,17,mediapipe,True,157.0602829448834,152.81193833529895,-163.389107407281,-170.9528400566403,8.822661086496895,,
641,C:\Users\zzang\Desktop\workspace\Python\golf\src\golfdb-master\learning_video\golfdb_720p_slice\641.mp4,1,Toe-up,62,mediapipe,True,157.75330727972116,156.44914176371017,171.97691769202314,-175.74776527109344,14.372742019300292,,
641,C:\Users\zzang\Desktop\workspace\Python\golf\src\golfdb-master\learning_video\golfdb_720p_slice\641.mp4,2,Mid-backswing,84,mediapipe,True,149.5147168777776,144.12556277035597,162.97004114879334,-177.46185602442898,16.04033291462244,,
641,C:\Users\zzang\Desktop\workspace\Python\golf\src\golfdb-master\learning_video\golfdb_720p_slice\641.mp4,3,Top,116,mediapipe,True,,87.07218682907967,163.03974221437474,179.78582417345987,19.246728200395637,trail_elbow_angle,missing_features:trail_elbow_angle
641,C:\Users\zzang\Desktop\workspace\Python\golf\src\golfdb-master\learning_video\golfdb_720p_slice\641.mp4,4,Mid-downswing,139,mediapipe,True,,138.5726342283197,-179.71834085841033,-179.49688690083428,16.34537796455997,trail_elbow_angle,missing_features:trail_elbow_angle
641,C:\Users\zzang\Desktop\workspace\Python\golf\src\golfdb-master\learning_video\golfdb_720p_slice\641.mp4,5,Impact,154,mediapipe,True,148.88339404128646,152.9480791304711,-145.4101215217764,-172.2632660798832,17.48015216669353,,
641,C:\Users\zzang\Desktop\workspace\Python\golf\src\golfdb-master\learning_video\golfdb_720p_slice\641.mp4,6,Mid-follow-through,162,mediapipe,True,179.1833050369894,153.787224811381,-154.94033067737482,-171.71963662065997,11.914679912994838,,
641,C:\Users\zzang\Desktop\workspace\Python\golf\src\golfdb-master\learning_video\golfdb_720p_slice\641.mp4,7,Finish,214,mediapipe,True,63.38249619293682,,157.42492147042145,170.1204629141369,-3.7335036263070296,lead_elbow_angle,missing_features:lead_elbow_angle
656,C:\Users\zzang\Desktop\workspace\Python\golf\src\golfdb-master\learning_video\golfdb_720p_slice\656.mp4,0,Address,161,mediapipe,True,170.07220372573695,173.1673118966789,-173.43131346493587,-178.91874939359877,1.3673829868753762,,
656,C:\Users\zzang\Desktop\workspace\Python\golf\src\golfdb-master\learning_video\golfdb_720p_slice\656.mp4,1,Toe-up,180,mediapipe,True,159.65749711919105,179.5663420368687,168.93952697681323,-177.73268969359788,9.203794019123487,,
656,C:\Users\zzang\Desktop\workspace\Python\golf\src\golfdb-master\learning_video\golfdb_720p_slice\656.mp4,2,Mid-backswing,189,mediapipe,True,,136.94220939612725,88.57241240249573,-177.04452889317832,14.05634758105256,trail_elbow_angle,missing_features:trail_elbow_angle
656,C:\Users\zzang\Desktop\workspace\Python\golf\src\golfdb-master\learning_video\golfdb_720p_slice\656.mp4,3,Top,199,mediapipe,True,158.12044666902943,130.87470540650716,-172.96516379114306,-171.87643073389415,13.23116072333145,,
656,C:\Users\zzang\Desktop\workspace\Python\golf\src\golfdb-master\learning_video\golfdb_720p_slice\656.mp4,4,Mid-downswing,203,mediapipe,True,,167.62866118709547,-179.03016212101176,-173.42644711345113,11.987758243223126,trail_elbow_angle,missing_features:trail_elbow_angle
656,C:\Users\zzang\Desktop\workspace\Python\golf\src\golfdb-master\learning_video\golfdb_720p_slice\656.mp4,5,Impact,207,mediapipe,True,164.26018088153933,175.43238884778413,-136.99203456877723,-170.41942892444877,23.894796782553932,,
656,C:\Users\zzang\Desktop\workspace\Python\golf\src\golfdb-master\learning_video\golfdb_720p_slice\656.mp4,6,Mid-follow-through,209,mediapipe,True,165.28405157310144,,-135.13007428507288,-172.22325636263506,23.311346892287613,lead_elbow_angle,missing_features:lead_elbow_angle
656,C:\Users\zzang\Desktop\workspace\Python\golf\src\golfdb-master\learning_video\golfdb_720p_slice\656.mp4,7,Finish,227,mediapipe,True,46.66793248875682,,-170.67022978378773,175.09795848437514,-3.4967748490134176,lead_elbow_angle,missing_features:lead_elbow_angle
657,C:\Users\zzang\Desktop\workspace\Python\golf\src\golfdb-master\learning_video\golfdb_720p_slice\657.mp4,0,Address,65,mediapipe,True,171.3837572951284,172.03091439461917,-174.3319163586874,-179.8960345915499,0.2906604581298342,,
657,C:\Users\zzang\Desktop\workspace\Python\golf\src\golfdb-master\learning_video\golfdb_720p_slice\657.mp4,1,Toe-up,134,mediapipe,True,163.32385055118164,174.68515554310113,169.8755938762502,-178.35425353823555,8.678912563000058,,
657,C:\Users\zzang\Desktop\workspace\Python\golf\src\golfdb-master\learning_video\golfdb_720p_slice\657.mp4,2,Mid-backswing,170,mediapipe,True,,144.51277700215925,164.15198255736954,-175.53331181051576,13.887261750314996,trail_elbow_angle,missing_features:trail_elbow_angle
657,C:\Users\zzang\Desktop\workspace\Python\golf\src\golfdb-master\learning_video\golfdb_720p_slice\657.mp4,3,Top,210,mediapipe,True,,112.02771760452627,-179.56080754627996,-173.0531534005302,12.106802103828562,trail_elbow_angle,missing_features:trail_elbow_angle
657,C:\Users\zzang\Desktop\workspace\Python\golf\src\golfdb-master\learning_video\golfdb_720p_slice\657.mp4,4,Mid-downswing,227,mediapipe,True,,156.47357320021112,173.84064375040123,-176.37638988013714,11.863949142522143,trail_elbow_angle,missing_features:trail_elbow_angle
657,C:\Users\zzang\Desktop\workspace\Python\golf\src\golfdb-master\learning_video\golfdb_720p_slice\657.mp4,5,Impact,241,mediapipe,True,151.48836990226818,170.85294041961424,19.323855770457868,30.636919817525584,21.453268944738635,,
657,C:\Users\zzang\Desktop\workspace\Python\golf\src\golfdb-master\learning_video\golfdb_720p_slice\657.mp4,6,Mid-follow-through,250,mediapipe,True,169.27142456073668,163.87829962661957,-130.16407325650485,-172.78700624031418,22.893421187186345,,
657,C:\Users\zzang\Desktop\workspace\Python\golf\src\golfdb-master\learning_video\golfdb_720p_slice\657.mp4,7,Finish,325,mediapipe,True,81.04187408801691,91.33745409650462,-8.631685442508887,-171.42238664578593,0.13114511648963542,,
672,C:\Users\zzang\Desktop\workspace\Python\golf\src\golfdb-master\learning_video\golfdb_720p_slice\672.mp4,0,Address,60,mediapipe,True,165.74920637965513,173.35574928914227,-174.67318445537833,-177.16303352460437,1.9740987746070422,,
672,C:\Users\zzang\Desktop\workspace\Python\golf\src\golfdb-master\learning_video\golfdb_720p_slice\672.mp4,1,Toe-up,75,mediapipe,True,163.28800943494173,164.6002358275593,166.69073847177685,-178.95566682177247,4.626287228207666,,
672,C:\Users\zzang\Desktop\workspace\Python\golf\src\golfdb-master\learning_video\golfdb_720p_slice\672.mp4,2,Mid-backswing,81,mediapipe,True,177.53317679283785,139.59332852055505,168.4627441056904,-177.78882435968416,7.627525774749686,,
672,C:\Users\zzang\Desktop\workspace\Python\golf\src\golfdb-master\learning_video\golfdb_720p_slice\672.mp4,3,Top,89,mediapipe,True,,137.844896908023,166.22901438730128,177.29382587299204,8.003052265862555,trail_elbow_angle,missing_features:trail_elbow_angle
672,C:\Users\zzang\Desktop\workspace\Python\golf\src\golfdb-master\learning_video\golfdb_720p_slice\672.mp4,4,Mid-downswing,93,mediapipe,True,,141.78066764945635,170.44548051458943,-174.97569745965694,9.257652220560054,trail_elbow_angle,missing_features:trail_elbow_angle
672,C:\Users\zzang\Desktop\workspace\Python\golf\src\golfdb-master\learning_video\golfdb_720p_slice\672.mp4,5,Impact,97,mediapipe,True,150.02242186341886,166.29840298547566,-156.44665830537355,-172.0014496466937,15.883985979251326,,
672,C:\Users\zzang\Desktop\workspace\Python\golf\src\golfdb-master\learning_video\golfdb_720p_slice\672.mp4,6,Mid-follow-through,99,mediapipe,True,142.85775140613413,168.98550250008256,-129.37807421893064,-165.825512643729,17.23224262540697,,
672,C:\Users\zzang\Desktop\workspace\Python\golf\src\golfdb-master\learning_video\golfdb_720p_slice\672.mp4,7,Finish,116,mediapipe,True,107.53231890862729,34.33854701239567,14.048442131247633,4.707564569402518,6.09355411186328,,
673,C:\Users\zzang\Desktop\workspace\Python\golf\src\golfdb-master\learning_video\golfdb_720p_slice\673.mp4,0,Address,45,mediapipe,True,164.80459329902897,171.36512118449306,-175.43893805457628,-177.13716072269278,0.6435240034104366,,
673,C:\Users\zzang\Desktop\workspace\Python\golf\src\golfdb-master\learning_video\golfdb_720p_slice\673.mp4,1,Toe-up,100,mediapipe,True,167.8592456648374,164.42169231060103,166.3422032858082,-179.38064816634386,4.849672794870225,,
673,C:\Users\zzang\Desktop\workspace\Python\golf\src\golfdb-master\learning_video\golfdb_720p_slice\673.mp4,2,Mid-backswing,124,mediapipe,True,138.79345709402955,,163.27492480195338,-178.29782493587217,6.843031110063847,lead_elbow_angle,missing_features:lead_elbow_angle
673,C:\Users\zzang\Desktop\workspace\Python\golf\src\golfdb-master\learning_video\golfdb_720p_slice\673.mp4,3,Top,157,mediapipe,True,,121.87852969410696,171.38453224146343,-179.01565735188353,7.028286008792615,trail_elbow_angle,missing_features:trail_elbow_angle
673,C:\Users\zzang\Desktop\workspace\Python\golf\src\golfdb-master\learning_video\golfdb_720p_slice\673.mp4,4,Mid-downswing,172,mediapipe,True,157.4156511404229,128.24695898260993,148.2080022565931,179.6366913515778,10.273372741857154,,
673,C:\Users\zzang\Desktop\workspace\Python\golf\src\golfdb-master\learning_video\golfdb_720p_slice\673.mp4,5,Impact,188,mediapipe,True,161.37110004112432,157.16911298351607,-158.48293206531469,-171.35583551199153,15.840825792592012,,
673,C:\Users\zzang\Desktop\workspace\Python\golf\src\golfdb-master\learning_video\golfdb_720p_slice\673.mp4,6,Mid-follow-through,198,mediapipe,True,154.77994006038512,163.64960101924052,-137.72319034261602,-168.8061021801559,17.54289423188189,,
673,C:\Users\zzang\Desktop\workspace\Python\golf\src\golfdb-master\learning_video\golfdb_720p_slice\673.mp4,7,Finish,256,mediapipe,True,,35.41923784635031,13.541906160879138,4.629546029848959,7.293537844905639,trail_elbow_angle,missing_features:trail_elbow_angle
674,C:\Users\zzang\Desktop\workspace\Python\golf\src\golfdb-master\learning_video\golfdb_720p_slice\674.mp4,0,Address,218,mediapipe,True,167.3799180467357,165.3954172471056,-170.99490891842174,-176.206651532885,1.054711542679184,,
674,C:\Users\zzang\Desktop\workspace\Python\golf\src\golfdb-master\learning_video\golfdb_720p_slice\674.mp4,1,Toe-up,231,mediapipe,True,150.0176415042765,154.38881611150308,170.48693297307767,178.58916002003053,8.32767043184996,,
674,C:\Users\zzang\Desktop\workspace\Python\golf\src\golfdb-master\learning_video\golfdb_720p_slice\674.mp4,2,Mid-backswing,236,mediapipe,True,,138.6263903502426,177.76659471676933,179.42195043293162,11.437462265485603,trail_elbow_angle,missing_features:trail_elbow_angle
674,C:\Users\zzang\Desktop\workspace\Python\golf\src\golfdb-master\learning_video\golfdb_720p_slice\674.mp4,3,Top,245,mediapipe,True,,139.78197238409683,179.27604259986924,-178.48032944957734,10.647117348111385,trail_elbow_angle,missing_features:trail_elbow_angle
674,C:\Users\zzang\Desktop\workspace\Python\golf\src\golfdb-master\learning_video\golfdb_720p_slice\674.mp4,4,Mid-downswing,249,mediapipe,True,,146.95509630927194,171.55717656050686,175.54895791008346,8.46826796609772,trail_elbow_angle,missing_features:trail_elbow_angle
674,C:\Users\zzang\Desktop\workspace\Python\golf\src\golfdb-master\learning_video\golfdb_720p_slice\674.mp4,5,Impact,253,mediapipe,True,160.61500467191587,,-152.3456990147759,-178.55487239737303,16.5685611367486,lead_elbow_angle,missing_features:lead_elbow_angle
674,C:\Users\zzang\Desktop\workspace\Python\golf\src\golfdb-master\learning_video\golfdb_720p_slice\674.mp4,6,Mid-follow-through,255,mediapipe,True,163.12884344068834,,-158.54066814396245,-173.5169938383162,22.696296192515668,lead_elbow_angle,missing_features:lead_elbow_angle
674,C:\Users\zzang\Desktop\workspace\Python\golf\src\golfdb-master\learning_video\golfdb_720p_slice\674.mp4,7,Finish,276,mediapipe,True,,42.11829901679454,12.739901269444358,1.2195592097203478,7.299688704938694,trail_elbow_angle,missing_features:trail_elbow_angle
675,C:\Users\zzang\Desktop\workspace\Python\golf\src\golfdb-master\learning_video\golfdb_720p_slice\675.mp4,0,Address,51,mediapipe,True,170.7463981754511,163.80820762187943,-169.9333977100621,-176.18583190629795,1.6106632416577427,,
675,C:\Users\zzang\Desktop\workspace\Python\golf\src\golfdb-master\learning_video\golfdb_720p_slice\675.mp4,1,Toe-up,96,mediapipe,True,152.7446562328331,155.31172008685652,169.75333054798946,179.50562339402464,7.872821427241263,,
675,C:\Users\zzang\Desktop\workspace\Python\golf\src\golfdb-master\learning_video\golfdb_720p_slice\675.mp4,2,Mid-backswing,120,mediapipe,True,,140.50474345424246,173.24256105423822,177.60723112001983,11.432562356878709,trail_elbow_angle,missing_features:trail_elbow_angle
675,C:\Users\zzang\Desktop\workspace\Python\golf\src\golfdb-master\learning_video\golfdb_720p_slice\675.mp4,3,Top,154,mediapipe,True,,112.30144520614876,-175.56044723326136,-176.99675898540409,10.520674436104192,trail_elbow_angle,missing_features:trail_elbow_angle
675,C:\Users\zzang\Desktop\workspace\Python\golf\src\golfdb-master\learning_video\golfdb_720p_slice\675.mp4,4,Mid-downswing,170,mediapipe,True,,148.7359012122325,-177.66715103397271,177.14186560021756,8.197249010538016,trail_elbow_angle,missing_features:trail_elbow_angle
675,C:\Users\zzang\Desktop\workspace\Python\golf\src\golfdb-master\learning_video\golfdb_720p_slice\675.mp4,5,Impact,185,mediapipe,True,155.6567908260861,166.32722546727442,-154.17208238691563,-176.7788814129612,16.58799020654777,,
675,C:\Users\zzang\Desktop\workspace\Python\golf\src\golfdb-master\learning_video\golfdb_720p_slice\675.mp4,6,Mid-follow-through,195,mediapipe,True,165.31837764382482,,-157.85570692872918,-174.66916939324776,23.20182757416105,lead_elbow_angle,missing_features:lead_elbow_angle
675,C:\Users\zzang\Desktop\workspace\Python\golf\src\golfdb-master\learning_video\golfdb_720p_slice\675.mp4,7,Finish,265,mediapipe,True,,42.47454170133849,10.969460126938213,5.14767122249768,8.900391813776634,trail_elbow_angle,missing_features:trail_elbow_angle
678,C:\Users\zzang\Desktop\workspace\Python\golf\src\golfdb-master\learning_video\golfdb_720p_slice\678.mp4,0,Address,60,mediapipe,True,172.2274938839129,175.74031751381304,-168.5850989299502,-174.491991613734,4.277118796195669,,
678,C:\Users\zzang\Desktop\workspace\Python\golf\src\golfdb-master\learning_video\golfdb_720p_slice\678.mp4,1,Toe-up,83,mediapipe,True,167.59554592219456,162.91808815970458,165.6570157472125,179.08842190596536,4.13851797814129,,
678,C:\Users\zzang\Desktop\workspace\Python\golf\src\golfdb-master\learning_video\golfdb_720p_slice\678.mp4,2,Mid-backswing,89,mediapipe,True,171.55047656020335,144.52566419173073,151.3572152150697,179.01660284881473,6.212849128352399,,
678,C:\Users\zzang\Desktop\workspace\Python\golf\src\golfdb-master\learning_video\golfdb_720p_slice\678.mp4,3,Top,97,mediapipe,True,147.20755769951785,113.34885003840505,177.9871472177053,-178.89750451998142,4.965576955958071,,
678,C:\Users\zzang\Desktop\workspace\Python\golf\src\golfdb-master\learning_video\golfdb_720p_slice\678.mp4,4,Mid-downswing,101,mediapipe,True,47.18876089675461,129.63418705107264,-171.43481445197816,-176.8638650656919,3.454586595879563,,
678,C:\Users\zzang\Desktop\workspace\Python\golf\src\golfdb-master\learning_video\golfdb_720p_slice\678.mp4,5,Impact,104,mediapipe,True,139.09072825703151,,-177.8556270562922,174.2108559613116,6.2303849940118745,lead_elbow_angle,missing_features:lead_elbow_angle
678,C:\Users\zzang\Desktop\workspace\Python\golf\src\golfdb-master\learning_video\golfdb_720p_slice\678.mp4,6,Mid-follow-through,106,mediapipe,True,156.29320709385377,,-136.86866979426176,179.87418720650703,9.004835188490055,lead_elbow_angle,missing_features:lead_elbow_angle
678,C:\Users\zzang\Desktop\workspace\Python\golf\src\golfdb-master\learning_video\golfdb_720p_slice\678.mp4,7,Finish,123,mediapipe,True,72.37769003218467,,-168.12755394306214,172.00410713566748,3.5346810776096764,lead_elbow_angle,missing_features:lead_elbow_angle
679,C:\Users\zzang\Desktop\workspace\Python\golf\src\golfdb-master\learning_video\golfdb_720p_slice\679.mp4,0,Address,34,mediapipe,True,171.68148209115986,177.35255919740925,-169.10805204284418,-175.66102782064323,3.6826486975633745,,
679,C:\Users\zzang\Desktop\workspace\Python\golf\src\golfdb-master\learning_video\golfdb_720p_slice\679.mp4,1,Toe-up,125,mediapipe,True,169.1493540402978,170.07435526090967,166.90905162641656,-179.19320424989823,5.468116678664279,,
679,C:\Users\zzang\Desktop\workspace\Python\golf\src\golfdb-master\learning_video\golfdb_720p_slice\679.mp4,2,Mid-backswing,151,mediapipe,True,,144.42405835042368,153.85631775231454,179.78151559073592,6.34496632470033,trail_elbow_angle,missing_features:trail_elbow_angle
679,C:\Users\zzang\Desktop\workspace\Python\golf\src\golfdb-master\learning_video\golfdb_720p_slice\679.mp4,3,Top,182,mediapipe,True,149.17723575160213,106.15785880966038,-179.10367140328586,-178.3226702415234,5.1266113728426,,
679,C:\Users\zzang\Desktop\workspace\Python\golf\src\golfdb-master\learning_video\golfdb_720p_slice\679.mp4,4,Mid-downswing,196,mediapipe,True,104.54144477049928,150.69396646898636,-176.90630769184187,179.61176760296684,1.296061944379501,,
679,C:\Users\zzang\Desktop\workspace\Python\golf\src\golfdb-master\learning_video\golfdb_720p_slice\679.mp4,5,Impact,208,mediapipe,True,146.74094679270772,,-167.4768226410059,174.9829768307053,7.178380577361742,lead_elbow_angle,missing_features:lead_elbow_angle
679,C:\Users\zzang\Desktop\workspace\Python\golf\src\golfdb-master\learning_video\golfdb_720p_slice\679.mp4,6,Mid-follow-through,217,mediapipe,True,160.20028692863175,155.5079981945933,-145.58389971551554,-179.96655702337475,10.73354307613917,,
679,C:\Users\zzang\Desktop\workspace\Python\golf\src\golfdb-master\learning_video\golfdb_720p_slice\679.mp4,7,Finish,280,mediapipe,True,64.06174878643684,,-163.28261241781436,173.12293365049035,3.0329172597477476,lead_elbow_angle,missing_features:lead_elbow_angle
682,C:\Users\zzang\Desktop\workspace\Python\golf\src\golfdb-master\learning_video\golfdb_720p_slice\682.mp4,0,Address,163,mediapipe,True,175.02394908847089,177.75656315715798,-167.84719905618863,-173.70823185459705,3.2460052889853,,
682,C:\Users\zzang\Desktop\workspace\Python\golf\src\golfdb-master\learning_video\golfdb_720p_slice\682.mp4,1,Toe-up,177,mediapipe,True,175.12709273249138,174.84642708495343,162.22762460221765,179.7976598183718,5.742014186955956,,
682,C:\Users\zzang\Desktop\workspace\Python\golf\src\golfdb-master\learning_video\golfdb_720p_slice\682.mp4,2,Mid-backswing,183,mediapipe,True,155.63539011645,157.59326810426663,160.66790649689148,179.0634369625786,7.4420078415672695,,
682,C:\Users\zzang\Desktop\workspace\Python\golf\src\golfdb-master\learning_video\golfdb_720p_slice\682.mp4,3,Top,194,mediapipe,True,,97.01741505242131,-162.16159095150505,-175.65278017092217,10.151748362547416,trail_elbow_angle,missing_features:trail_elbow_angle
682,C:\Users\zzang\Desktop\workspace\Python\golf\src\golfdb-master\learning_video\golfdb_720p_slice\682.mp4,4,Mid-downswing,199,mediapipe,True,,140.29919899955925,174.38664937810734,-176.33424082731693,14.882461446165538,trail_elbow_angle,missing_features:trail_elbow_angle
682,C:\Users\zzang\Desktop\workspace\Python\golf\src\golfdb-master\learning_video\golfdb_720p_slice\682.mp4,5,Impact,202,mediapipe,True,159.0057926526037,171.82381845261582,-143.0238780803847,-169.69292487170304,30.003434941884116,,
682,C:\Users\zzang\Desktop\workspace\Python\golf\src\golfdb-master\learning_video\golfdb_720p_slice\682.mp4,6,Mid-follow-through,204,mediapipe,True,172.5632998989056,176.29067162345933,-119.89883346523364,-162.69319281309734,32.3203786103958,,
682,C:\Users\zzang\Desktop\workspace\Python\golf\src\golfdb-master\learning_video\golfdb_720p_slice\682.mp4,7,Finish,221,mediapipe,True,85.0980724915418,,-162.71617153684804,-174.64267722021273,17.46141397279705,lead_elbow_angle,missing_features:lead_elbow_angle
683,C:\Users\zzang\Desktop\workspace\Python\golf\src\golfdb-master\learning_video\golfdb_720p_slice\683.mp4,0,Address,88,mediapipe,True,175.97307308210048,179.90027120286416,-166.8486911854276,-176.0913458150613,3.8550080381812797,,
683,C:\Users\zzang\Desktop\workspace\Python\golf\src\golfdb-master\learning_video\golfdb_720p_slice\683.mp4,1,Toe-up,143,mediapipe,True,170.6538502219909,176.10605736575013,163.59905845689792,178.43567230774693,5.356586584119585,,
683,C:\Users\zzang\Desktop\workspace\Python\golf\src\golfdb-master\learning_video\golfdb_720p_slice\683.mp4,2,Mid-backswing,167,mediapipe,True,,157.6803421453991,154.19502582107853,178.44048315023647,7.561246142466658,trail_elbow_angle,missing_features:trail_elbow_angle
683,C:\Users\zzang\Desktop\workspace\Python\golf\src\golfdb-master\learning_video\golfdb_720p_slice\683.mp4,3,Top,212,mediapipe,True,,99.09679717824127,-171.3296212565943,-176.51805447783298,9.317426778828233,trail_elbow_angle,missing_features:trail_elbow_angle
683,C:\Users\zzang\Desktop\workspace\Python\golf\src\golfdb-master\learning_video\golfdb_720p_slice\683.mp4,4,Mid-downswing,230,mediapipe,True,,125.31383407168211,169.7145633604482,-177.1139529300317,15.904417795502317,trail_elbow_angle,missing_features:trail_elbow_angle
683,C:\Users\zzang\Desktop\workspace\Python\golf\src\golfdb-master\learning_video\golfdb_720p_slice\683.mp4,5,Impact,243,mediapipe,True,158.169757976147,173.76060205996822,-148.5761077073624,-171.91424746318177,29.696350917041734,,
683,C:\Users\zzang\Desktop\workspace\Python\golf\src\golfdb-master\learning_video\golfdb_720p_slice\683.mp4,6,Mid-follow-through,250,mediapipe,True,169.37271378891228,177.44037111811758,-128.57501321963284,-164.03373258750267,32.893312886241326,,
683,C:\Users\zzang\Desktop\workspace\Python\golf\src\golfdb-master\learning_video\golfdb_720p_slice\683.mp4,7,Finish,310,mediapipe,True,93.70745928632708,,-157.48554848355815,-173.16474898154019,19.27828184697228,lead_elbow_angle,missing_features:lead_elbow_angle
701,C:\Users\zzang\Desktop\workspace\Python\golf\src\golfdb-master\learning_video\golfdb_720p_slice\701.mp4,0,Address,225,mediapipe,True,171.6595778281823,178.7998585397346,-168.3219054309991,179.88565775382807,2.039676709836472,,
701,C:\Users\zzang\Desktop\workspace\Python\golf\src\golfdb-master\learning_video\golfdb_720p_slice\701.mp4,1,Toe-up,236,mediapipe,True,159.39028932854328,175.34413727706365,166.65946946809274,178.58825792402814,5.716801078776717,,
701,C:\Users\zzang\Desktop\workspace\Python\golf\src\golfdb-master\learning_video\golfdb_720p_slice\701.mp4,2,Mid-backswing,241,mediapipe,True,,140.17570561361666,154.15786939693137,177.57831625892968,3.4675210221269297,trail_elbow_angle,missing_features:trail_elbow_angle
701,C:\Users\zzang\Desktop\workspace\Python\golf\src\golfdb-master\learning_video\golfdb_720p_slice\701.mp4,3,Top,248,mediapipe,True,137.29259887246877,146.57769448625297,167.31735885784593,-178.32092925966293,1.56422117837854,,
701,C:\Users\zzang\Desktop\workspace\Python\golf\src\golfdb-master\learning_video\golfdb_720p_slice\701.mp4,4,Mid-downswing,251,mediapipe,True,137.15112271722657,167.79714965192304,-179.07736492205532,-179.12262677842938,6.912847043181326,,
701,C:\Users\zzang\Desktop\workspace\Python\golf\src\golfdb-master\learning_video\golfdb_720p_slice\701.mp4,5,Impact,255,mediapipe,True,173.73485832127773,,-112.73874663629037,-162.12407249021248,22.99591474732106,lead_elbow_angle,missing_features:lead_elbow_angle
701,C:\Users\zzang\Desktop\workspace\Python\golf\src\golfdb-master\learning_video\golfdb_720p_slice\701.mp4,6,Mid-follow-through,257,mediapipe,True,170.24585877409476,144.20236673418023,-123.00239202730269,-172.46087884862547,20.84503027965205,,
701,C:\Users\zzang\Desktop\workspace\Python\golf\src\golfdb-master\learning_video\golfdb_720p_slice\701.mp4,7,Finish,271,mediapipe,True,38.900457077150875,,-175.6764600638383,177.8393654717849,7.016464255383133,lead_elbow_angle,missing_features:lead_elbow_angle
702,C:\Users\zzang\Desktop\workspace\Python\golf\src\golfdb-master\learning_video\golfdb_720p_slice\702.mp4,0,Address,53,mediapipe,True,174.87885156746674,177.29099701276618,-169.2261115040546,179.0934557003592,1.7032970264755942,,
702,C:\Users\zzang\Desktop\workspace\Python\golf\src\golfdb-master\learning_video\golfdb_720p_slice\702.mp4,1,Toe-up,93,mediapipe,True,168.63570511163053,169.39568127376836,170.35581247744577,-177.78791449387737,5.75323120011216,,
702,C:\Users\zzang\Desktop\workspace\Python\golf\src\golfdb-master\learning_video\golfdb_720p_slice\702.mp4,2,Mid-backswing,113,mediapipe,True,,150.43392406100844,153.55261242029073,176.8042321944302,2.940759124898402,trail_elbow_angle,missing_features:trail_elbow_angle
702,C:\Users\zzang\Desktop\workspace\Python\golf\src\golfdb-master\learning_video\golfdb_720p_slice\702.mp4,3,Top,140,mediapipe,True,116.36500935108825,168.18854303732704,166.96538784853806,-178.49895257076605,1.3969781104250836,,
702,C:\Users\zzang\Desktop\workspace\Python\golf\src\golfdb-master\learning_video\golfdb_720p_slice\702.mp4,4,Mid-downswing,152,mediapipe,True,,158.9005010677559,161.8123835083142,178.6181936569864,2.1465642294895964,trail_elbow_angle,missing_features:trail_elbow_angle
702,C:\Users\zzang\Desktop\workspace\Python\golf\src\golfdb-master\learning_video\golfdb_720p_slice\702.mp4,5,Impact,167,mediapipe,False,,,,,,trail_elbow_angle|lead_elbow_angle|shoulder_tilt|hip_tilt|spine_tilt,pose_not_detected
702,C:\Users\zzang\Desktop\workspace\Python\golf\src\golfdb-master\learning_video\golfdb_720p_slice\702.mp4,6,Mid-follow-through,176,mediapipe,True,174.31015136909028,161.61868097771855,-126.42941469242245,-171.27446823826054,20.45337437672125,,
702,C:\Users\zzang\Desktop\workspace\Python\golf\src\golfdb-master\learning_video\golfdb_720p_slice\702.mp4,7,Finish,230,mediapipe,True,167.46293010439442,,18.405822172252694,-179.54496968523986,6.3121640762462,lead_elbow_angle,missing_features:lead_elbow_angle
704,C:\Users\zzang\Desktop\workspace\Python\golf\src\golfdb-master\learning_video\golfdb_720p_slice\704.mp4,0,Address,46,mediapipe,True,166.1349458640854,171.86806303256742,-173.8993234637996,-177.765495121359,1.8677205882800596,,
704,C:\Users\zzang\Desktop\workspace\Python\golf\src\golfdb-master\learning_video\golfdb_720p_slice\704.mp4,1,Toe-up,102,mediapipe,True,168.88094566805293,172.7106465502357,164.55602539826197,177.9466369705129,4.909010442029828,,
704,C:\Users\zzang\Desktop\workspace\Python\golf\src\golfdb-master\learning_video\golfdb_720p_slice\704.mp4,2,Mid-backswing,126,mediapipe,True,164.0306690685588,152.87001711248416,156.17787825680622,177.52873488892862,8.173600782210196,,
704,C:\Users\zzang\Desktop\workspace\Python\golf\src\golfdb-master\learning_video\golfdb_720p_slice\704.mp4,3,Top,159,mediapipe,True,,78.6536680688132,171.34262563219545,178.77185042613203,5.962326144426725,trail_elbow_angle,missing_features:trail_elbow_angle
704,C:\Users\zzang\Desktop\workspace\Python\golf\src\golfdb-master\learning_video\golfdb_720p_slice\704.mp4,4,Mid-downswing,181,mediapipe,True,,140.9830707169101,177.79204460570614,-176.67644962433812,8.072986062633447,trail_elbow_angle,missing_features:trail_elbow_angle
704,C:\Users\zzang\Desktop\workspace\Python\golf\src\golfdb-master\learning_video\golfdb_720p_slice\704.mp4,5,Impact,194,mediapipe,True,142.29583514581012,172.2049230553575,-151.01211830072558,-170.0304170700949,16.06493650488455,,
704,C:\Users\zzang\Desktop\workspace\Python\golf\src\golfdb-master\learning_video\golfdb_720p_slice\704.mp4,6,Mid-follow-through,202,mediapipe,True,146.75143180777312,164.5679906992189,-142.03446392198896,-173.050014883747,15.996486113360024,,
704,C:\Users\zzang\Desktop\workspace\Python\golf\src\golfdb-master\learning_video\golfdb_720p_slice\704.mp4,7,Finish,264,mediapipe,True,,,16.57773403526203,-22.698362161359007,8.08997573287759,trail_elbow_angle|lead_elbow_angle,missing_features:trail_elbow_angle|lead_elbow_angle
731,C:\Users\zzang\Desktop\workspace\Python\golf\src\golfdb-master\learning_video\golfdb_720p_slice\731.mp4,0,Address,240,mediapipe,True,172.98420275030426,168.74206584050577,-167.87361649001735,-174.92744761615623,1.3693790765625848,,
731,C:\Users\zzang\Desktop\workspace\Python\golf\src\golfdb-master\learning_video\golfdb_720p_slice\731.mp4,1,Toe-up,252,mediapipe,True,172.50181980187077,172.87747995952296,159.92086829735595,178.89160005012718,4.02369241959204,,
731,C:\Users\zzang\Desktop\workspace\Python\golf\src\golfdb-master\learning_video\golfdb_720p_slice\731.mp4,2,Mid-backswing,257,mediapipe,True,160.8507415917667,146.88704356484527,158.78990759645706,-179.69908205506925,3.511272844558783,,
731,C:\Users\zzang\Desktop\workspace\Python\golf\src\golfdb-master\learning_video\golfdb_720p_slice\731.mp4,3,Top,264,mediapipe,True,,160.5816272170524,170.09487613245318,-176.98006992506967,5.476580586017795,trail_elbow_angle,missing_features:trail_elbow_angle
731,C:\Users\zzang\Desktop\workspace\Python\golf\src\golfdb-master\learning_video\golfdb_720p_slice\731.mp4,4,Mid-downswing,268,mediapipe,True,113.82566110154177,148.068986605092,-168.9318036976922,-173.86579641301302,8.435583830903566,,
731,C:\Users\zzang\Desktop\workspace\Python\golf\src\golfdb-master\learning_video\golfdb_720p_slice\731.mp4,5,Impact,272,mediapipe,True,171.08372806855726,173.99916104382476,-144.54278442072822,-169.73682382386014,17.57901045752541,,
731,C:\Users\zzang\Desktop\workspace\Python\golf\src\golfdb-master\learning_video\golfdb_720p_slice\731.mp4,6,Mid-follow-through,274,mediapipe,True,150.12403772475867,,-130.21112981617398,-171.8836017053018,16.99929702930414,lead_elbow_angle,missing_features:lead_elbow_angle
731,C:\Users\zzang\Desktop\workspace\Python\golf\src\golfdb-master\learning_video\golfdb_720p_slice\731.mp4,7,Finish,288,mediapipe,True,107.7688807662065,116.01504296480208,155.6383715727039,168.16122111409987,4.215666890260532,,
732,C:\Users\zzang\Desktop\workspace\Python\golf\src\golfdb-master\learning_video\golfdb_720p_slice\732.mp4,0,Address,46,mediapipe,True,171.9494730775897,172.09480835094553,-168.26823353604757,-173.13981244027346,1.2978830540378208,,
732,C:\Users\zzang\Desktop\workspace\Python\golf\src\golfdb-master\learning_video\golfdb_720p_slice\732.mp4,1,Toe-up,94,mediapipe,True,,172.1560619522359,-11.681333650012462,-0.636384219845646,1.3245835893261888,trail_elbow_angle,missing_features:trail_elbow_angle
732,C:\Users\zzang\Desktop\workspace\Python\golf\src\golfdb-master\learning_video\golfdb_720p_slice\732.mp4,2,Mid-backswing,114,mediapipe,True,165.06740026342285,157.657835687741,143.06270920557125,177.39541702694316,3.908382612593362,,
732,C:\Users\zzang\Desktop\workspace\Python\golf\src\golfdb-master\learning_video\golfdb_720p_slice\732.mp4,3,Top,144,mediapipe,True,147.39680704105592,177.80631059770002,165.65055502681417,-178.79109684743798,5.388703494993456,,
732,C:\Users\zzang\Desktop\workspace\Python\golf\src\golfdb-master\learning_video\golfdb_720p_slice\732.mp4,4,Mid-downswing,159,mediapipe,True,117.89909497876371,142.51233435792213,-179.2941678755686,-176.0199161498854,6.779275738306975,,
732,C:\Users\zzang\Desktop\workspace\Python\golf\src\golfdb-master\learning_video\golfdb_720p_slice\732.mp4,5,Impact,173,mediapipe,True,157.80789619255293,179.91206934888007,-155.06284159141967,-168.9930727953116,16.18186648213282,,
732,C:\Users\zzang\Desktop\workspace\Python\golf\src\golfdb-master\learning_video\golfdb_720p_slice\732.mp4,6,Mid-follow-through,183,mediapipe,True,164.28552653821518,158.01710684485343,-140.4807609142497,-171.93132752918672,17.6148867045874,,
732,C:\Users\zzang\Desktop\workspace\Python\golf\src\golfdb-master\learning_video\golfdb_720p_slice\732.mp4,7,Finish,240,mediapipe,True,83.84175368611459,,-174.16358989529743,-177.65939311141736,5.0984732592933035,lead_elbow_angle,missing_features:lead_elbow_angle
747,C:\Users\zzang\Desktop\workspace\Python\golf\src\golfdb-master\learning_video\golfdb_720p_slice\747.mp4,0,Address,44,mediapipe,True,174.56064546570283,179.11192299175883,-168.43610708669223,-175.97444896763037,1.7085505034360675,,
747,C:\Users\zzang\Desktop\workspace\Python\golf\src\golfdb-master\learning_video\golfdb_720p_slice\747.mp4,1,Toe-up,54,mediapipe,True,167.49854375591488,168.84416227274826,169.55333390409575,179.6173464238549,7.266260514907884,,
747,C:\Users\zzang\Desktop\workspace\Python\golf\src\golfdb-master\learning_video\golfdb_720p_slice\747.mp4,2,Mid-backswing,60,mediapipe,True,157.29523893896388,142.36042979285472,171.01576420753108,-179.68127149845083,6.75659442239692,,
747,C:\Users\zzang\Desktop\workspace\Python\golf\src\golfdb-master\learning_video\golfdb_720p_slice\747.mp4,3,Top,65,mediapipe,True,127.28421447961667,113.04360988716421,-178.11712383129296,-174.93506111340272,12.85006476925909,,
747,C:\Users\zzang\Desktop\workspace\Python\golf\src\golfdb-master\learning_video\golfdb_720p_slice\747.mp4,4,Mid-downswing,67,mediapipe,True,120.38497661026634,141.61330766240593,-175.79976163680504,-178.66106981015616,12.95311512293379,,
747,C:\Users\zzang\Desktop\workspace\Python\golf\src\golfdb-master\learning_video\golfdb_720p_slice\747.mp4,5,Impact,71,mediapipe,True,164.1058389835555,177.62165784559173,-145.2741265936019,-174.44674868142306,24.822893250796792,,
747,C:\Users\zzang\Desktop\workspace\Python\golf\src\golfdb-master\learning_video\golfdb_720p_slice\747.mp4,6,Mid-follow-through,73,mediapipe,True,150.99403488069447,173.7347102603255,-125.96943930091217,-165.22309530642923,25.779400234266525,,
747,C:\Users\zzang\Desktop\workspace\Python\golf\src\golfdb-master\learning_video\golfdb_720p_slice\747.mp4,7,Finish,88,mediapipe,True,149.62362784253452,,13.221349938160788,-12.978938244248804,8.095535317872615,lead_elbow_angle,missing_features:lead_elbow_angle
748,C:\Users\zzang\Desktop\workspace\Python\golf\src\golfdb-master\learning_video\golfdb_720p_slice\748.mp4,0,Address,32,mediapipe,True,170.6847555908975,177.5545147986406,-166.1708513897575,-176.63232484134556,1.5381309567835877,,
748,C:\Users\zzang\Desktop\workspace\Python\golf\src\golfdb-master\learning_video\golfdb_720p_slice\748.mp4,1,Toe-up,73,mediapipe,True,161.21170100763945,174.3093687057181,167.6194187887987,-179.0971070708871,7.359042142331315,,
748,C:\Users\zzang\Desktop\workspace\Python\golf\src\golfdb-master\learning_video\golfdb_720p_slice\748.mp4,2,Mid-backswing,95,mediapipe,True,173.20776996739608,147.04884832753362,166.44436923742336,179.60336763846544,7.1297078888240595,,
748,C:\Users\zzang\Desktop\workspace\Python\golf\src\golfdb-master\learning_video\golfdb_720p_slice\748.mp4,3,Top,115,mediapipe,True,130.3953071595371,120.0808047708314,173.48124422360814,-176.03129398030356,12.200564176373087,,
748,C:\Users\zzang\Desktop\workspace\Python\golf\src\golfdb-master\learning_video\golfdb_720p_slice\748.mp4,4,Mid-downswing,124,mediapipe,True,115.38799555729034,136.3856292605239,-173.7738649400327,-178.16685402405474,12.681204725831282,,
748,C:\Users\zzang\Desktop\workspace\Python\golf\src\golfdb-master\learning_video\golfdb_720p_slice\748.mp4,5,Impact,139,mediapipe,True,165.18467560014608,176.0383122723725,-146.721164264261,-173.9910247803043,23.695988715568863,,
748,C:\Users\zzang\Desktop\workspace\Python\golf\src\golfdb-master\learning_video\golfdb_720p_slice\748.mp4,6,Mid-follow-through,148,mediapipe,True,154.83976845163502,175.04482830268338,-128.06111955338199,-166.81509436676495,26.184489030324592,,
748,C:\Users\zzang\Desktop\workspace\Python\golf\src\golfdb-master\learning_video\golfdb_720p_slice\748.mp4,7,Finish,204,mediapipe,True,163.11090474648452,59.479675879758055,11.360165743661067,-22.51469655893002,10.212976006670564,,
755,C:\Users\zzang\Desktop\workspace\Python\golf\src\golfdb-master\learning_video\golfdb_720p_slice\755.mp4,0,Address,98,mediapipe,True,165.83123611254805,177.75320302312443,-166.69806846866177,-171.6549852634819,1.350670486099984,,
755,C:\Users\zzang\Desktop\workspace\Python\golf\src\golfdb-master\learning_video\golfdb_720p_slice\755.mp4,1,Toe-up,109,mediapipe,True,165.06348385486854,173.15960280963878,163.40050309641057,178.51731821426105,5.871150440655045,,
755,C:\Users\zzang\Desktop\workspace\Python\golf\src\golfdb-master\learning_video\golfdb_720p_slice\755.mp4,2,Mid-backswing,115,mediapipe,True,165.75078578716682,110.77934111136236,160.68676070304164,177.54977475814277,3.413491805732024,,
755,C:\Users\zzang\Desktop\workspace\Python\golf\src\golfdb-master\learning_video\golfdb_720p_slice\755.mp4,3,Top,121,mediapipe,True,155.08861914877983,132.6170380806684,167.64354741568167,178.935167812497,8.371560686994718,,
755,C:\Users\zzang\Desktop\workspace\Python\golf\src\golfdb-master\learning_video\golfdb_720p_slice\755.mp4,4,Mid-downswing,123,mediapipe,True,,162.36283285639246,-173.8882810143429,-175.15336371851032,13.407289166680975,trail_elbow_angle,missing_features:trail_elbow_angle
755,C:\Users\zzang\Desktop\workspace\Python\golf\src\golfdb-master\learning_video\golfdb_720p_slice\755.mp4,5,Impact,126,mediapipe,True,150.02914826218202,178.77873848283915,-125.96814515165757,-163.43789620753822,31.841477789264847,,
755,C:\Users\zzang\Desktop\workspace\Python\golf\src\golfdb-master\learning_video\golfdb_720p_slice\755.mp4,6,Mid-follow-through,128,mediapipe,True,159.6952766938779,171.25607970467814,-105.3407198679419,-155.78798118278326,29.034832366467644,,
755,C:\Users\zzang\Desktop\workspace\Python\golf\src\golfdb-master\learning_video\golfdb_720p_slice\755.mp4,7,Finish,139,mediapipe,True,,,150.64116017204782,-161.19827399992204,14.37015310364236,trail_elbow_angle|lead_elbow_angle,missing_features:trail_elbow_angle|lead_elbow_angle
756,C:\Users\zzang\Desktop\workspace\Python\golf\src\golfdb-master\learning_video\golfdb_720p_slice\756.mp4,0,Address,70,mediapipe,True,154.2159970832408,176.01364036376748,-166.68370424455586,-173.48922668118044,-0.5721039528741534,,
756,C:\Users\zzang\Desktop\workspace\Python\golf\src\golfdb-master\learning_video\golfdb_720p_slice\756.mp4,1,Toe-up,84,mediapipe,True,168.44257015394166,157.574300781583,169.37830560557586,179.85562261994275,3.6559388780712396,,
756,C:\Users\zzang\Desktop\workspace\Python\golf\src\golfdb-master\learning_video\golfdb_720p_slice\756.mp4,2,Mid-backswing,90,mediapipe,True,,139.27363430271575,165.7963395755085,178.69508594957065,-0.858818477607992,trail_elbow_angle,missing_features:trail_elbow_angle
756,C:\Users\zzang\Desktop\workspace\Python\golf\src\golfdb-master\learning_video\golfdb_720p_slice\756.mp4,3,Top,95,mediapipe,True,149.5907073043657,134.94780664902197,162.54994294475802,177.40885184433316,2.725501861918801,,
756,C:\Users\zzang\Desktop\workspace\Python\golf\src\golfdb-master\learning_video\golfdb_720p_slice\756.mp4,4,Mid-downswing,98,mediapipe,True,57.35867207966066,134.12767378181928,-168.0789206803552,-174.4855354809194,11.53582345627762,,
756,C:\Users\zzang\Desktop\workspace\Python\golf\src\golfdb-master\learning_video\golfdb_720p_slice\756.mp4,5,Impact,101,mediapipe,True,144.95832604586522,171.80546238594968,-139.99178771749453,-169.7209016024758,24.97813058939054,,
756,C:\Users\zzang\Desktop\workspace\Python\golf\src\golfdb-master\learning_video\golfdb_720p_slice\756.mp4,6,Mid-follow-through,103,mediapipe,True,150.20713498859712,166.13714441097616,-132.94320109384643,-162.38673892724165,24.862886234327185,,
756,C:\Users\zzang\Desktop\workspace\Python\golf\src\golfdb-master\learning_video\golfdb_720p_slice\756.mp4,7,Finish,113,mediapipe,True,131.47867441738256,111.90484230810938,-170.8751129262562,-174.10463242345097,13.196416334421219,,
757,C:\Users\zzang\Desktop\workspace\Python\golf\src\golfdb-master\learning_video\golfdb_720p_slice\757.mp4,0,Address,42,mediapipe,True,165.7446400260425,176.87400993222846,-166.51994032022415,-170.51492327896003,2.0195291015657735,,
757,C:\Users\zzang\Desktop\workspace\Python\golf\src\golfdb-master\learning_video\golfdb_720p_slice\757.mp4,1,Toe-up,85,mediapipe,True,161.9541160813816,167.4696777839035,165.91168166534686,179.54920518902543,5.653917277418316,,
757,C:\Users\zzang\Desktop\workspace\Python\golf\src\golfdb-master\learning_video\golfdb_720p_slice\757.mp4,2,Mid-backswing,110,mediapipe,True,,153.7257120930389,156.91859182548882,176.40099625213693,3.3374919433137173,trail_elbow_angle,missing_features:trail_elbow_angle
757,C:\Users\zzang\Desktop\workspace\Python\golf\src\golfdb-master\learning_video\golfdb_720p_slice\757.mp4,3,Top,131,mediapipe,True,158.7669712764503,133.64911398033163,150.50416606405653,174.858248075874,7.362138108452874,,
757,C:\Users\zzang\Desktop\workspace\Python\golf\src\golfdb-master\learning_video\golfdb_720p_slice\757.mp4,4,Mid-downswing,140,mediapipe,True,125.24870022089313,123.83623247339864,176.0067946113202,-178.92594238490145,8.731193333583153,,
757,C:\Users\zzang\Desktop\workspace\Python\golf\src\golfdb-master\learning_video\golfdb_720p_slice\757.mp4,5,Impact,152,mediapipe,True,154.92239605279414,178.78149868467762,-142.41747063772547,-165.57294243607484,25.824596834516385,,
757,C:\Users\zzang\Desktop\workspace\Python\golf\src\golfdb-master\learning_video\golfdb_720p_slice\757.mp4,6,Mid-follow-through,161,mediapipe,True,161.60833019812296,175.13362334961766,-112.61412943541863,-159.4380122340257,28.883492405360137,,
757,C:\Users\zzang\Desktop\workspace\Python\golf\src\golfdb-master\learning_video\golfdb_720p_slice\757.mp4,7,Finish,204,mediapipe,True,,,156.2508634902027,-171.9134935660118,16.517582457075346,trail_elbow_angle|lead_elbow_angle,missing_features:trail_elbow_angle|lead_elbow_angle
758,C:\Users\zzang\Desktop\workspace\Python\golf\src\golfdb-master\learning_video\golfdb_720p_slice\758.mp4,0,Address,31,mediapipe,True,159.69694478779826,174.20716546601074,-167.1317042465046,-173.68926840708164,-0.3674891172267386,,
758,C:\Users\zzang\Desktop\workspace\Python\golf\src\golfdb-master\learning_video\golfdb_720p_slice\758.mp4,1,Toe-up,84,mediapipe,True,172.2479936802672,165.1847413529917,173.86369098529383,-178.11452374235324,4.148336379239441,,
758,C:\Users\zzang\Desktop\workspace\Python\golf\src\golfdb-master\learning_video\golfdb_720p_slice\758.mp4,2,Mid-backswing,109,mediapipe,True,126.56350454465083,145.78468938560823,167.733816340543,179.49970169164982,-0.3577925062571983,,
758,C:\Users\zzang\Desktop\workspace\Python\golf\src\golfdb-master\learning_video\golfdb_720p_slice\758.mp4,3,Top,129,mediapipe,True,138.2829747782882,128.5042637853644,157.56329575715765,176.0752211536168,0.4318542651759594,,
758,C:\Users\zzang\Desktop\workspace\Python\golf\src\golfdb-master\learning_video\golfdb_720p_slice\758.mp4,4,Mid-downswing,139,mediapipe,True,,141.38807618735578,-176.71120004826642,-178.64450996652891,5.955471598248001,trail_elbow_angle,missing_features:trail_elbow_angle
758,C:\Users\zzang\Desktop\workspace\Python\golf\src\golfdb-master\learning_video\golfdb_720p_slice\758.mp4,5,Impact,152,mediapipe,True,142.0981519285919,170.1187177405027,-147.7627634155143,-168.97943792287748,23.503247519813563,,
758,C:\Users\zzang\Desktop\workspace\Python\golf\src\golfdb-master\learning_video\golfdb_720p_slice\758.mp4,6,Mid-follow-through,160,mediapipe,True,156.87248187079885,175.86278430317213,-118.59510411064552,-165.60160723589843,24.40592887114983,,
758,C:\Users\zzang\Desktop\workspace\Python\golf\src\golfdb-master\learning_video\golfdb_720p_slice\758.mp4,7,Finish,200,mediapipe,True,,,-173.33950181244992,-174.2549652493145,15.458114982257143,trail_elbow_angle|lead_elbow_angle,missing_features:trail_elbow_angle|lead_elbow_angle
763,C:\Users\zzang\Desktop\workspace\Python\golf\src\golfdb-master\learning_video\golfdb_720p_slice\763.mp4,0,Address,155,mediapipe,True,168.43731747761672,169.17028266558782,-167.27260138026236,-177.19599225999633,2.5555116532203055,,
763,C:\Users\zzang\Desktop\workspace\Python\golf\src\golfdb-master\learning_video\golfdb_720p_slice\763.mp4,1,Toe-up,172,mediapipe,True,,,-178.68528315658318,-178.61844133816234,8.151142828418578,trail_elbow_angle|lead_elbow_angle,missing_features:trail_elbow_angle|lead_elbow_angle
763,C:\Users\zzang\Desktop\workspace\Python\golf\src\golfdb-master\learning_video\golfdb_720p_slice\763.mp4,2,Mid-backswing,177,mediapipe,True,143.84660158504536,128.63248815921204,-175.97462681534327,-178.83644605606278,8.851361185831252,,
763,C:\Users\zzang\Desktop\workspace\Python\golf\src\golfdb-master\learning_video\golfdb_720p_slice\763.mp4,3,Top,188,mediapipe,True,,102.73425181315348,-167.8561279539149,-176.1985462877274,13.321967396202673,trail_elbow_angle,missing_features:trail_elbow_angle
763,C:\Users\zzang\Desktop\workspace\Python\golf\src\golfdb-master\learning_video\golfdb_720p_slice\763.mp4,4,Mid-downswing,192,mediapipe,True,86.55902753080196,,-164.60839046595768,-174.68564476472895,13.225193151494025,lead_elbow_angle,missing_features:lead_elbow_angle
763,C:\Users\zzang\Desktop\workspace\Python\golf\src\golfdb-master\learning_video\golfdb_720p_slice\763.mp4,5,Impact,195,mediapipe,True,142.21862313633682,,-151.48440513160153,-171.0326041529368,20.294620559223205,lead_elbow_angle,missing_features:lead_elbow_angle
763,C:\Users\zzang\Desktop\workspace\Python\golf\src\golfdb-master\learning_video\golfdb_720p_slice\763.mp4,6,Mid-follow-through,197,mediapipe,True,161.82068355724329,156.2887476256817,-156.2464790516471,-171.50775732291905,20.510415442126185,,
763,C:\Users\zzang\Desktop\workspace\Python\golf\src\golfdb-master\learning_video\golfdb_720p_slice\763.mp4,7,Finish,213,mediapipe,True,109.35906432161302,,-177.84619433243145,177.27815660298606,10.920648190089363,lead_elbow_angle,missing_features:lead_elbow_angle
764,C:\Users\zzang\Desktop\workspace\Python\golf\src\golfdb-master\learning_video\golfdb_720p_slice\764.mp4,0,Address,124,mediapipe,True,161.60361537246524,178.68183459765163,-165.1674692940599,-173.10811721860514,0.7905237188030261,,
764,C:\Users\zzang\Desktop\workspace\Python\golf\src\golfdb-master\learning_video\golfdb_720p_slice\764.mp4,1,Toe-up,145,mediapipe,True,161.64302285935503,162.71634437285888,159.94810473882524,177.63670120648425,6.566241935784915,,
764,C:\Users\zzang\Desktop\workspace\Python\golf\src\golfdb-master\learning_video\golfdb_720p_slice\764.mp4,2,Mid-backswing,151,mediapipe,True,156.94382324670934,139.5681312194454,152.22123372773052,177.5072148040305,7.273883940256864,,
764,C:\Users\zzang\Desktop\workspace\Python\golf\src\golfdb-master\learning_video\golfdb_720p_slice\764.mp4,3,Top,161,mediapipe,True,,88.98445893700705,-174.8778922523301,-178.97202965429173,10.207140484482473,trail_elbow_angle,missing_features:trail_elbow_angle
764,C:\Users\zzang\Desktop\workspace\Python\golf\src\golfdb-master\learning_video\golfdb_720p_slice\764.mp4,4,Mid-downswing,165,mediapipe,True,99.0179689664439,113.44109775441594,-178.8743211189829,-176.7102569100891,12.38043896965348,,
764,C:\Users\zzang\Desktop\workspace\Python\golf\src\golfdb-master\learning_video\golfdb_720p_slice\764.mp4,5,Impact,169,mediapipe,True,176.46650084266625,179.14296743152528,-132.9088094671883,-162.4703647851568,21.013638713153846,,
764,C:\Users\zzang\Desktop\workspace\Python\golf\src\golfdb-master\learning_video\golfdb_720p_slice\764.mp4,6,Mid-follow-through,171,mediapipe,True,138.11638382899727,170.11320465606352,-132.9606232967374,-162.01773729142025,19.283516725428996,,
764,C:\Users\zzang\Desktop\workspace\Python\golf\src\golfdb-master\learning_video\golfdb_720p_slice\764.mp4,7,Finish,186,mediapipe,True,73.68395234601664,,175.4741247090552,176.29944769308045,6.711567624010349,lead_elbow_angle,missing_features:lead_elbow_angle
765,C:\Users\zzang\Desktop\workspace\Python\golf\src\golfdb-master\learning_video\golfdb_720p_slice\765.mp4,0,Address,8,mediapipe,True,157.73452415155296,178.9168994210821,-163.92014489027497,-172.51864574696347,0.4619210108491716,,
765,C:\Users\zzang\Desktop\workspace\Python\golf\src\golfdb-master\learning_video\golfdb_720p_slice\765.mp4,1,Toe-up,79,mediapipe,True,164.3130602605953,162.02479654503026,162.2357196187908,178.40572132120315,5.4327606873628085,,
765,C:\Users\zzang\Desktop\workspace\Python\golf\src\golfdb-master\learning_video\golfdb_720p_slice\765.mp4,2,Mid-backswing,102,mediapipe,True,,148.42132689531198,145.6342844381886,177.68034374155508,8.43959206681474,trail_elbow_angle,missing_features:trail_elbow_angle
765,C:\Users\zzang\Desktop\workspace\Python\golf\src\golfdb-master\learning_video\golfdb_720p_slice\765.mp4,3,Top,143,mediapipe,True,,86.36078434872651,-174.65252913099994,-179.78298021009672,9.031353317083324,trail_elbow_angle,missing_features:trail_elbow_angle
765,C:\Users\zzang\Desktop\workspace\Python\golf\src\golfdb-master\learning_video\golfdb_720p_slice\765.mp4,4,Mid-downswing,160,mediapipe,True,93.71109193714632,120.45528139007628,-177.96959615569875,-176.42826019789845,11.628791734554476,,
765,C:\Users\zzang\Desktop\workspace\Python\golf\src\golfdb-master\learning_video\golfdb_720p_slice\765.mp4,5,Impact,173,mediapipe,True,146.04224141028024,166.03001246853952,-142.57461519454435,-165.3893403213063,21.311587574876118,,
765,C:\Users\zzang\Desktop\workspace\Python\golf\src\golfdb-master\learning_video\golfdb_720p_slice\765.mp4,6,Mid-follow-through,179,mediapipe,True,167.22567185609967,174.75411354629315,-131.00082027904932,-162.42314549207083,20.32067685659403,,
765,C:\Users\zzang\Desktop\workspace\Python\golf\src\golfdb-master\learning_video\golfdb_720p_slice\765.mp4,7,Finish,236,mediapipe,True,74.53045258845735,,177.91873899455578,178.13271486763117,7.270520706952316,lead_elbow_angle,missing_features:lead_elbow_angle
766,C:\Users\zzang\Desktop\workspace\Python\golf\src\golfdb-master\learning_video\golfdb_720p_slice\766.mp4,0,Address,35,mediapipe,True,170.68050626279015,169.66556143431433,-165.98680347422274,-174.21353494723488,1.9369930807033175,,
766,C:\Users\zzang\Desktop\workspace\Python\golf\src\golfdb-master\learning_video\golfdb_720p_slice\766.mp4,1,Toe-up,98,mediapipe,True,165.23740631548043,141.21938693825925,177.22716948484694,-178.35129496302582,7.924055505601738,,
766,C:\Users\zzang\Desktop\workspace\Python\golf\src\golfdb-master\learning_video\golfdb_720p_slice\766.mp4,2,Mid-backswing,119,mediapipe,True,141.07216220007237,121.75474142343326,174.4587718971704,-177.21516783649585,9.690742599037963,,
766,C:\Users\zzang\Desktop\workspace\Python\golf\src\golfdb-master\learning_video\golfdb_720p_slice\766.mp4,3,Top,158,mediapipe,True,,88.54522700735846,-173.6099088613605,-177.364070067561,11.293503050257108,trail_elbow_angle,missing_features:trail_elbow_angle
766,C:\Users\zzang\Desktop\workspace\Python\golf\src\golfdb-master\learning_video\golfdb_720p_slice\766.mp4,4,Mid-downswing,177,mediapipe,True,88.07062819848183,101.88960987713597,-167.36323511467788,-174.0100305940309,13.959822287701211,,
766,C:\Users\zzang\Desktop\workspace\Python\golf\src\golfdb-master\learning_video\golfdb_720p_slice\766.mp4,5,Impact,190,mediapipe,True,142.39411166367714,,-153.27658154230707,-173.5765641229715,18.70766508145797,lead_elbow_angle,missing_features:lead_elbow_angle
766,C:\Users\zzang\Desktop\workspace\Python\golf\src\golfdb-master\learning_video\golfdb_720p_slice\766.mp4,6,Mid-follow-through,198,mediapipe,True,155.44177228167754,160.85628067893293,-155.86257765404417,-167.57146964256924,20.819242242620373,,
766,C:\Users\zzang\Desktop\workspace\Python\golf\src\golfdb-master\learning_video\golfdb_720p_slice\766.mp4,7,Finish,257,mediapipe,True,123.36030424229496,,-176.3332393225955,179.47795844165444,8.578826381116784,lead_elbow_angle,missing_features:lead_elbow_angle
773,C:\Users\zzang\Desktop\workspace\Python\golf\src\golfdb-master\learning_video\golfdb_720p_slice\773.mp4,0,Address,68,mediapipe,True,178.37659230956285,179.96994626514658,-168.1398360964612,-169.71461938230175,8.078604911088767,,
773,C:\Users\zzang\Desktop\workspace\Python\golf\src\golfdb-master\learning_video\golfdb_720p_slice\773.mp4,1,Toe-up,87,mediapipe,True,,170.3806250943299,166.824857584498,-177.29405405403253,7.387876623977093,trail_elbow_angle,missing_features:trail_elbow_angle
773,C:\Users\zzang\Desktop\workspace\Python\golf\src\golfdb-master\learning_video\golfdb_720p_slice\773.mp4,2,Mid-backswing,91,mediapipe,True,,132.67741441959436,151.45485773792566,-178.1001652002481,3.0588264381986763,trail_elbow_angle,missing_features:trail_elbow_angle
773,C:\Users\zzang\Desktop\workspace\Python\golf\src\golfdb-master\learning_video\golfdb_720p_slice\773.mp4,3,Top,97,mediapipe,True,,,-176.08517490437868,-175.94317695691092,7.945246308655363,trail_elbow_angle|lead_elbow_angle,missing_features:trail_elbow_angle|lead_elbow_angle
773,C:\Users\zzang\Desktop\workspace\Python\golf\src\golfdb-master\learning_video\golfdb_720p_slice\773.mp4,4,Mid-downswing,99,mediapipe,True,,125.86531054546626,178.170994035211,-174.01234349818358,8.108954316306772,trail_elbow_angle,missing_features:trail_elbow_angle
773,C:\Users\zzang\Desktop\workspace\Python\golf\src\golfdb-master\learning_video\golfdb_720p_slice\773.mp4,5,Impact,103,mediapipe,True,179.0450271739227,179.77212043765772,-147.80194120977103,-170.9316038824966,16.929756940523134,,
773,C:\Users\zzang\Desktop\workspace\Python\golf\src\golfdb-master\learning_video\golfdb_720p_slice\773.mp4,6,Mid-follow-through,106,mediapipe,True,171.03698844318495,171.46193088650259,-128.1838447514507,-179.3688905089097,19.65489699038191,,
773,C:\Users\zzang\Desktop\workspace\Python\golf\src\golfdb-master\learning_video\golfdb_720p_slice\773.mp4,7,Finish,121,mediapipe,True,57.297441741691706,,169.00458192379372,169.40717557150097,2.301206202530728,lead_elbow_angle,missing_features:lead_elbow_angle
774,C:\Users\zzang\Desktop\workspace\Python\golf\src\golfdb-master\learning_video\golfdb_720p_slice\774.mp4,0,Address,47,mediapipe,True,179.54024117965125,177.09032971566504,-165.77726164428708,-169.523168670896,7.9659748563144275,,
774,C:\Users\zzang\Desktop\workspace\Python\golf\src\golfdb-master\learning_video\golfdb_720p_slice\774.mp4,1,Toe-up,122,mediapipe,True,,173.66582171511214,159.48899995266552,-177.43325331200657,8.27562898693718,trail_elbow_angle,missing_features:trail_elbow_angle
774,C:\Users\zzang\Desktop\workspace\Python\golf\src\golfdb-master\learning_video\golfdb_720p_slice\774.mp4,2,Mid-backswing,138,mediapipe,True,,139.25553242909064,175.1628612061467,-174.92148632807655,3.645377586983469,trail_elbow_angle,missing_features:trail_elbow_angle
774,C:\Users\zzang\Desktop\workspace\Python\golf\src\golfdb-master\learning_video\golfdb_720p_slice\774.mp4,3,Top,162,mediapipe,True,,82.65466363233601,172.02468279547702,-176.22861313689978,6.760146041836262,trail_elbow_angle,missing_features:trail_elbow_angle
774,C:\Users\zzang\Desktop\workspace\Python\golf\src\golfdb-master\learning_video\golfdb_720p_slice\774.mp4,4,Mid-downswing,173,mediapipe,True,,124.362749349304,175.58957441266116,-175.0678951017379,8.456851898339089,trail_elbow_angle,missing_features:trail_elbow_angle
774,C:\Users\zzang\Desktop\workspace\Python\golf\src\golfdb-master\learning_video\golfdb_720p_slice\774.mp4,5,Impact,189,mediapipe,True,175.07234300371206,177.6544409734232,-147.30166111736838,-171.42911664304742,17.661636823701745,,
774,C:\Users\zzang\Desktop\workspace\Python\golf\src\golfdb-master\learning_video\golfdb_720p_slice\774.mp4,6,Mid-follow-through,199,mediapipe,True,145.049268350459,177.56193241780343,-125.72493749579102,-172.14734884783186,17.625898913879524,,
774,C:\Users\zzang\Desktop\workspace\Python\golf\src\golfdb-master\learning_video\golfdb_720p_slice\774.mp4,7,Finish,265,mediapipe,True,47.27381995537822,,167.63534323689802,166.89783204070173,1.4630700799587746,lead_elbow_angle,missing_features:lead_elbow_angle
781,C:\Users\zzang\Desktop\workspace\Python\golf\src\golfdb-master\learning_video\golfdb_720p_slice\781.mp4,0,Address,135,mediapipe,True,172.47797533789222,178.66393920274655,-169.38696602123392,-176.9471601973143,1.360908542029732,,
781,C:\Users\zzang\Desktop\workspace\Python\golf\src\golfdb-master\learning_video\golfdb_720p_slice\781.mp4,1,Toe-up,150,mediapipe,True,153.34691737602373,163.72328270831596,168.36942615538297,-178.90380462005328,6.602596651722513,,
781,C:\Users\zzang\Desktop\workspace\Python\golf\src\golfdb-master\learning_video\golfdb_720p_slice\781.mp4,2,Mid-backswing,157,mediapipe,True,,140.68802744803878,179.02627097979718,-175.76339834388546,4.256792367590873,trail_elbow_angle,missing_features:trail_elbow_angle
781,C:\Users\zzang\Desktop\workspace\Python\golf\src\golfdb-master\learning_video\golfdb_720p_slice\781.mp4,3,Top,163,mediapipe,True,,101.7550330839071,-173.6227497712538,-175.78500007395937,6.050972873961167,trail_elbow_angle,missing_features:trail_elbow_angle
781,C:\Users\zzang\Desktop\workspace\Python\golf\src\golfdb-master\learning_video\golfdb_720p_slice\781.mp4,4,Mid-downswing,167,mediapipe,True,,157.190882648051,-175.5036279904978,-175.56998478668905,8.220825675576757,trail_elbow_angle,missing_features:trail_elbow_angle
781,C:\Users\zzang\Desktop\workspace\Python\golf\src\golfdb-master\learning_video\golfdb_720p_slice\781.mp4,5,Impact,171,mediapipe,True,160.6800742101458,171.22456552273584,-159.77057509906382,-177.42241342366776,11.174417389495176,,
781,C:\Users\zzang\Desktop\workspace\Python\golf\src\golfdb-master\learning_video\golfdb_720p_slice\781.mp4,6,Mid-follow-through,174,mediapipe,True,165.49294875513846,,-143.84157973102705,-176.46830323373504,9.981034274482818,lead_elbow_angle,missing_features:lead_elbow_angle
781,C:\Users\zzang\Desktop\workspace\Python\golf\src\golfdb-master\learning_video\golfdb_720p_slice\781.mp4,7,Finish,188,mediapipe,True,76.61793318257756,122.4188610413215,-172.92673238148726,175.03806967185287,-1.7963796502496974,,
782,C:\Users\zzang\Desktop\workspace\Python\golf\src\golfdb-master\learning_video\golfdb_720p_slice\782.mp4,0,Address,48,mediapipe,True,175.18664630260653,179.68368030444202,-170.97671063495181,-176.38903697229142,2.0424075190524817,,
782,C:\Users\zzang\Desktop\workspace\Python\golf\src\golfdb-master\learning_video\golfdb_720p_slice\782.mp4,1,Toe-up,105,mediapipe,True,160.95722442637057,163.25462715797048,167.30151326099485,-178.53677292986129,6.554142781045299,,
782,C:\Users\zzang\Desktop\workspace\Python\golf\src\golfdb-master\learning_video\golfdb_720p_slice\782.mp4,2,Mid-backswing,129,mediapipe,True,,152.2286303402855,169.99450252946167,-179.3740780368678,4.052103586967371,trail_elbow_angle,missing_features:trail_elbow_angle
782,C:\Users\zzang\Desktop\workspace\Python\golf\src\golfdb-master\learning_video\golfdb_720p_slice\782.mp4,3,Top,155,mediapipe,True,,129.57668328823985,179.67222174948992,-175.19550590487358,6.263878108993102,trail_elbow_angle,missing_features:trail_elbow_angle
782,C:\Users\zzang\Desktop\workspace\Python\golf\src\golfdb-master\learning_video\golfdb_720p_slice\782.mp4,4,Mid-downswing,170,mediapipe,True,,153.26135155850383,-176.212287746652,-178.14721080308408,6.21823661365322,trail_elbow_angle,missing_features:trail_elbow_angle
782,C:\Users\zzang\Desktop\workspace\Python\golf\src\golfdb-master\learning_video\golfdb_720p_slice\782.mp4,5,Impact,187,mediapipe,True,161.93199274690355,172.29730211873738,-163.22077812365058,-169.90942661720132,10.001736613246788,,
782,C:\Users\zzang\Desktop\workspace\Python\golf\src\golfdb-master\learning_video\golfdb_720p_slice\782.mp4,6,Mid-follow-through,197,mediapipe,True,165.87557327252244,173.0816882120882,-126.55406146284844,-168.27786632604156,10.247839522157493,,
782,C:\Users\zzang\Desktop\workspace\Python\golf\src\golfdb-master\learning_video\golfdb_720p_slice\782.mp4,7,Finish,251,mediapipe,True,91.60228948864263,162.61876158908936,-175.55032531312565,171.4128026765084,-1.650074877272146,,
785,C:\Users\zzang\Desktop\workspace\Python\golf\src\golfdb-master\learning_video\golfdb_720p_slice\785.mp4,0,Address,185,mediapipe,True,176.00298216291614,176.18057527039548,-165.99688911179987,-174.2097418644834,7.40592904287046,,
785,C:\Users\zzang\Desktop\workspace\Python\golf\src\golfdb-master\learning_video\golfdb_720p_slice\785.mp4,1,Toe-up,203,mediapipe,True,166.1339381443945,171.8922666858307,166.88047491385083,-177.1543278169958,11.938901471687815,,
785,C:\Users\zzang\Desktop\workspace\Python\golf\src\golfdb-master\learning_video\golfdb_720p_slice\785.mp4,2,Mid-backswing,208,mediapipe,True,,150.64285085142774,159.46819245046936,179.58468105466275,12.904828728805308,trail_elbow_angle,missing_features:trail_elbow_angle
785,C:\Users\zzang\Desktop\workspace\Python\golf\src\golfdb-master\learning_video\golfdb_720p_slice\785.mp4,3,Top,214,mediapipe,True,165.08014169312392,114.86613877042628,-174.74263812386351,-174.2255004457772,12.541438712450867,,
785,C:\Users\zzang\Desktop\workspace\Python\golf\src\golfdb-master\learning_video\golfdb_720p_slice\785.mp4,4,Mid-downswing,218,mediapipe,True,,146.01233637492365,160.37161576530798,177.70254692763874,7.456898274534057,trail_elbow_angle,missing_features:trail_elbow_angle
785,C:\Users\zzang\Desktop\workspace\Python\golf\src\golfdb-master\learning_video\golfdb_720p_slice\785.mp4,5,Impact,221,mediapipe,True,164.83628755461112,169.77688485654534,-156.0713892915142,-175.2758224907767,16.703228619122736,,
785,C:\Users\zzang\Desktop\workspace\Python\golf\src\golfdb-master\learning_video\golfdb_720p_slice\785.mp4,6,Mid-follow-through,223,mediapipe,True,160.0601022996884,164.61616239377736,-123.45290278900542,-169.94811762411197,13.142326361248939,,
785,C:\Users\zzang\Desktop\workspace\Python\golf\src\golfdb-master\learning_video\golfdb_720p_slice\785.mp4,7,Finish,238,mediapipe,True,126.01625529379382,52.37691372042779,16.303949813369105,169.16200682344927,0.3510278977627463,,
786,C:\Users\zzang\Desktop\workspace\Python\golf\src\golfdb-master\learning_video\golfdb_720p_slice\786.mp4,0,Address,51,mediapipe,True,174.67688502817597,176.1289617771108,-167.84807231700438,-173.49785961906247,6.00272302751778,,
786,C:\Users\zzang\Desktop\workspace\Python\golf\src\golfdb-master\learning_video\golfdb_720p_slice\786.mp4,1,Toe-up,117,mediapipe,True,166.23485902015585,174.04160914330654,167.0297979739276,-176.42732775772012,11.296987120243607,,
786,C:\Users\zzang\Desktop\workspace\Python\golf\src\golfdb-master\learning_video\golfdb_720p_slice\786.mp4,2,Mid-backswing,138,mediapipe,True,,148.8649454372337,163.29076853333032,179.8780801509319,11.921981035497732,trail_elbow_angle,missing_features:trail_elbow_angle
786,C:\Users\zzang\Desktop\workspace\Python\golf\src\golfdb-master\learning_video\golfdb_720p_slice\786.mp4,3,Top,162,mediapipe,True,,117.96096983381382,177.84082607845545,-173.085328462842,12.369560212133822,trail_elbow_angle,missing_features:trail_elbow_angle
786,C:\Users\zzang\Desktop\workspace\Python\golf\src\golfdb-master\learning_video\golfdb_720p_slice\786.mp4,4,Mid-downswing,175,mediapipe,True,,130.11363363018788,176.62145083290775,177.9387524965413,8.766781728246306,trail_elbow_angle,missing_features:trail_elbow_angle
786,C:\Users\zzang\Desktop\workspace\Python\golf\src\golfdb-master\learning_video\golfdb_720p_slice\786.mp4,5,Impact,188,mediapipe,True,163.911875113328,166.26148335770657,-157.7353457819836,-178.49506033732362,16.098466661393186,,
786,C:\Users\zzang\Desktop\workspace\Python\golf\src\golfdb-master\learning_video\golfdb_720p_slice\786.mp4,6,Mid-follow-through,196,mediapipe,True,170.04325669805536,163.77854352223065,-128.374100972802,-166.00394643596016,13.893659105349391,,
786,C:\Users\zzang\Desktop\workspace\Python\golf\src\golfdb-master\learning_video\golfdb_720p_slice\786.mp4,7,Finish,258,mediapipe,True,71.36872285928048,82.4239794961789,165.13598653662365,168.98236431739656,1.3075521960128966,,
789,C:\Users\zzang\Desktop\workspace\Python\golf\src\golfdb-master\learning_video\golfdb_720p_slice\789.mp4,0,Address,86,mediapipe,True,171.93480469455073,173.49199791699832,-174.8207430370586,-179.72378473913705,3.1907684396531826,,
789,C:\Users\zzang\Desktop\workspace\Python\golf\src\golfdb-master\learning_video\golfdb_720p_slice\789.mp4,1,Toe-up,100,mediapipe,True,157.6392362827345,176.0506101373943,170.72436536105715,-177.88829985829963,7.854779490781581,,
789,C:\Users\zzang\Desktop\workspace\Python\golf\src\golfdb-master\learning_video\golfdb_720p_slice\789.mp4,2,Mid-backswing,109,mediapipe,True,,146.59467966352412,156.62022295673864,-174.83553445578704,14.306446319005317,trail_elbow_angle,missing_features:trail_elbow_angle
789,C:\Users\zzang\Desktop\workspace\Python\golf\src\golfdb-master\learning_video\golfdb_720p_slice\789.mp4,3,Top,118,mediapipe,True,,136.90568491003782,20.71125391556986,30.406542882649916,16.038372486775824,trail_elbow_angle,missing_features:trail_elbow_angle
789,C:\Users\zzang\Desktop\workspace\Python\golf\src\golfdb-master\learning_video\golfdb_720p_slice\789.mp4,4,Mid-downswing,123,mediapipe,True,,159.63689303706155,-174.66525239439397,-175.40219532365094,11.585127207437276,trail_elbow_angle,missing_features:trail_elbow_angle
789,C:\Users\zzang\Desktop\workspace\Python\golf\src\golfdb-master\learning_video\golfdb_720p_slice\789.mp4,5,Impact,126,mediapipe,True,152.4496121175238,168.85684347168575,-144.8518928957762,-176.08353677201967,22.189620322324814,,
789,C:\Users\zzang\Desktop\workspace\Python\golf\src\golfdb-master\learning_video\golfdb_720p_slice\789.mp4,6,Mid-follow-through,128,mediapipe,True,177.55610757160215,161.47664121203664,-147.0194533552007,-174.69638617368844,24.140662678424565,,
789,C:\Users\zzang\Desktop\workspace\Python\golf\src\golfdb-master\learning_video\golfdb_720p_slice\789.mp4,7,Finish,145,mediapipe,True,106.09413206865284,166.7239651108277,-171.4225277320285,179.31837635523968,-0.5080536094560257,,
790,C:\Users\zzang\Desktop\workspace\Python\golf\src\golfdb-master\learning_video\golfdb_720p_slice\790.mp4,0,Address,16,mediapipe,True,170.83069519733104,175.19982577745625,-173.92706708605797,-177.91952384712678,2.289266605122239,,
790,C:\Users\zzang\Desktop\workspace\Python\golf\src\golfdb-master\learning_video\golfdb_720p_slice\790.mp4,1,Toe-up,74,mediapipe,True,162.19915468415374,178.61847644569937,169.71073542907695,-178.18939133075497,6.302340559164358,,
790,C:\Users\zzang\Desktop\workspace\Python\golf\src\golfdb-master\learning_video\golfdb_720p_slice\790.mp4,2,Mid-backswing,109,mediapipe,True,,156.02036841390247,158.5522466263794,-176.58350429551686,10.491618310069786,trail_elbow_angle,missing_features:trail_elbow_angle
790,C:\Users\zzang\Desktop\workspace\Python\golf\src\golfdb-master\learning_video\golfdb_720p_slice\790.mp4,3,Top,147,mediapipe,True,,133.31351374399338,20.38285103053622,22.750852948285456,15.650692924467378,trail_elbow_angle,missing_features:trail_elbow_angle
790,C:\Users\zzang\Desktop\workspace\Python\golf\src\golfdb-master\learning_video\golfdb_720p_slice\790.mp4,4,Mid-downswing,164,mediapipe,True,,143.7358509616922,176.98522356982446,-173.4775884151112,13.467933214088559,trail_elbow_angle,missing_features:trail_elbow_angle
790,C:\Users\zzang\Desktop\workspace\Python\golf\src\golfdb-master\learning_video\golfdb_720p_slice\790.mp4,5,Impact,178,mediapipe,True,155.2825623066935,168.20487132489254,-146.96084205038935,-169.84066425091973,22.60346900199965,,
790,C:\Users\zzang\Desktop\workspace\Python\golf\src\golfdb-master\learning_video\golfdb_720p_slice\790.mp4,6,Mid-follow-through,187,mediapipe,True,175.0405624881979,161.92683039074132,-147.1488156531215,-174.91413400232162,24.42908594493898,,
790,C:\Users\zzang\Desktop\workspace\Python\golf\src\golfdb-master\learning_video\golfdb_720p_slice\790.mp4,7,Finish,253,mediapipe,True,106.25962194267257,170.26927867247778,-163.34340841869368,178.1700540345534,-0.3687325164274178,,
791,C:\Users\zzang\Desktop\workspace\Python\golf\src\golfdb-master\learning_video\golfdb_720p_slice\791.mp4,0,Address,225,mediapipe,True,163.0749925582009,177.6044645796889,-167.8037814330155,179.33115363125677,6.522180916126603,,
791,C:\Users\zzang\Desktop\workspace\Python\golf\src\golfdb-master\learning_video\golfdb_720p_slice\791.mp4,1,Toe-up,235,mediapipe,True,155.6880566349785,168.0268358627231,173.3432131339826,-179.88941735752599,6.300619509380884,,
791,C:\Users\zzang\Desktop\workspace\Python\golf\src\golfdb-master\learning_video\golfdb_720p_slice\791.mp4,2,Mid-backswing,238,mediapipe,True,141.24768149480045,155.95506258125482,-178.344856654273,-175.6081676728706,7.453769198092071,,
791,C:\Users\zzang\Desktop\workspace\Python\golf\src\golfdb-master\learning_video\golfdb_720p_slice\791.mp4,3,Top,245,mediapipe,True,,122.9443852288705,-164.04125355866202,-177.43520536881894,9.07419306861369,trail_elbow_angle,missing_features:trail_elbow_angle
791,C:\Users\zzang\Desktop\workspace\Python\golf\src\golfdb-master\learning_video\golfdb_720p_slice\791.mp4,4,Mid-downswing,250,mediapipe,True,,157.67084157454246,166.20203238897116,-178.81020376486413,10.281307362124013,trail_elbow_angle,missing_features:trail_elbow_angle
791,C:\Users\zzang\Desktop\workspace\Python\golf\src\golfdb-master\learning_video\golfdb_720p_slice\791.mp4,5,Impact,253,mediapipe,True,162.36783761916342,170.53669521719993,-142.53172539621943,-170.82306254439973,17.620661866495997,,
791,C:\Users\zzang\Desktop\workspace\Python\golf\src\golfdb-master\learning_video\golfdb_720p_slice\791.mp4,6,Mid-follow-through,254,mediapipe,True,160.88230015213531,169.11279400519655,-140.69493427981016,-171.83662288836763,19.124644582498448,,
791,C:\Users\zzang\Desktop\workspace\Python\golf\src\golfdb-master\learning_video\golfdb_720p_slice\791.mp4,7,Finish,268,mediapipe,True,155.72168698017973,63.283119092282625,13.111274539130743,-5.2872980496632636,7.3970424639765655,,
792,C:\Users\zzang\Desktop\workspace\Python\golf\src\golfdb-master\learning_video\golfdb_720p_slice\792.mp4,0,Address,96,mediapipe,True,161.9881454621467,177.99749118496857,-166.89413625352066,-173.8498147585949,9.104453232251473,,
792,C:\Users\zzang\Desktop\workspace\Python\golf\src\golfdb-master\learning_video\golfdb_720p_slice\792.mp4,1,Toe-up,134,mediapipe,True,,169.40818632516056,170.77206387452247,-176.7944370715888,8.087478318032414,trail_elbow_angle,missing_features:trail_elbow_angle
792,C:\Users\zzang\Desktop\workspace\Python\golf\src\golfdb-master\learning_video\golfdb_720p_slice\792.mp4,2,Mid-backswing,146,mediapipe,True,149.34903428593262,156.82695527522145,-178.39743181730677,-175.35902285301552,6.343326684726833,,
792,C:\Users\zzang\Desktop\workspace\Python\golf\src\golfdb-master\learning_video\golfdb_720p_slice\792.mp4,3,Top,174,mediapipe,True,90.83574396596754,133.4383600410439,-164.6907367194664,-175.6804721930617,8.803266787967981,,
792,C:\Users\zzang\Desktop\workspace\Python\golf\src\golfdb-master\learning_video\golfdb_720p_slice\792.mp4,4,Mid-downswing,191,mediapipe,True,,151.0590077226025,153.20095861596346,178.4556731109194,9.458440467062786,trail_elbow_angle,missing_features:trail_elbow_angle
792,C:\Users\zzang\Desktop\workspace\Python\golf\src\golfdb-master\learning_video\golfdb_720p_slice\792.mp4,5,Impact,204,mediapipe,True,150.42850985016378,162.0384882603164,-151.85676918826167,-167.48868979075996,20.3122529256084,,
792,C:\Users\zzang\Desktop\workspace\Python\golf\src\golfdb-master\learning_video\golfdb_720p_slice\792.mp4,6,Mid-follow-through,211,mediapipe,True,150.18451706331018,60.95577350792418,-144.5068213752186,-172.0976889859168,18.65608371960236,,
792,C:\Users\zzang\Desktop\workspace\Python\golf\src\golfdb-master\learning_video\golfdb_720p_slice\792.mp4,7,Finish,265,mediapipe,True,172.1315220500858,65.47429706747735,14.683470299442162,-3.0491313150387653,7.160770353034769,,
801,C:\Users\zzang\Desktop\workspace\Python\golf\src\golfdb-master\learning_video\golfdb_720p_slice\801.mp4,0,Address,198,mediapipe,True,,,7.459586002877403,19.4575190284893,-2.9259271518758307,trail_elbow_angle|lead_elbow_angle,missing_features:trail_elbow_angle|lead_elbow_angle
801,C:\Users\zzang\Desktop\workspace\Python\golf\src\golfdb-master\learning_video\golfdb_720p_slice\801.mp4,1,Toe-up,209,mediapipe,True,,,1.651227571179248,9.17159087409816,-5.254688924665058,trail_elbow_angle|lead_elbow_angle,missing_features:trail_elbow_angle|lead_elbow_angle
801,C:\Users\zzang\Desktop\workspace\Python\golf\src\golfdb-master\learning_video\golfdb_720p_slice\801.mp4,2,Mid-backswing,211,mediapipe,True,167.10729615457478,15.95898963908886,-149.08004897660072,-172.68920898035938,-3.029462093408578,,
801,C:\Users\zzang\Desktop\workspace\Python\golf\src\golfdb-master\learning_video\golfdb_720p_slice\801.mp4,3,Top,222,mediapipe,True,,30.784352925045965,-21.69887718686048,3.814109220895074,-2.5331001385732765,trail_elbow_angle,missing_features:trail_elbow_angle
801,C:\Users\zzang\Desktop\workspace\Python\golf\src\golfdb-master\learning_video\golfdb_720p_slice\801.mp4,4,Mid-downswing,228,mediapipe,True,,5.747928633747245,-9.769976890558022,7.399960761459709,-2.233316744367955,trail_elbow_angle,missing_features:trail_elbow_angle
801,C:\Users\zzang\Desktop\workspace\Python\golf\src\golfdb-master\learning_video\golfdb_720p_slice\801.mp4,5,Impact,231,mediapipe,True,179.3657069984694,167.7318375462294,137.65593361663014,173.45454259352115,-24.54467318876143,,
801,C:\Users\zzang\Desktop\workspace\Python\golf\src\golfdb-master\learning_video\golfdb_720p_slice\801.mp4,6,Mid-follow-through,232,mediapipe,True,,154.27184627279163,142.46516026949763,174.506590234138,-22.488500604102867,trail_elbow_angle,missing_features:trail_elbow_angle
801,C:\Users\zzang\Desktop\workspace\Python\golf\src\golfdb-master\learning_video\golfdb_720p_slice\801.mp4,7,Finish,246,mediapipe,True,,56.62729172946759,-156.12233259947243,-160.49907548852127,0.10500294782203963,trail_elbow_angle,missing_features:trail_elbow_angle
803,C:\Users\zzang\Desktop\workspace\Python\golf\src\golfdb-master\learning_video\golfdb_720p_slice\803.mp4,0,Address,146,mediapipe,True,166.80052227202606,166.33035785579628,-169.48378080407926,-172.1032132704935,7.703165981411604,,
803,C:\Users\zzang\Desktop\workspace\Python\golf\src\golfdb-master\learning_video\golfdb_720p_slice\803.mp4,1,Toe-up,159,mediapipe,True,167.6235155993632,171.76753455607653,170.37309148177397,-175.90308883107966,12.70270110991821,,
803,C:\Users\zzang\Desktop\workspace\Python\golf\src\golfdb-master\learning_video\golfdb_720p_slice\803.mp4,2,Mid-backswing,165,mediapipe,True,,124.81754814948113,170.62481686763272,-175.96898620310282,13.784675341609976,trail_elbow_angle,missing_features:trail_elbow_angle
803,C:\Users\zzang\Desktop\workspace\Python\golf\src\golfdb-master\learning_video\golfdb_720p_slice\803.mp4,3,Top,170,mediapipe,True,,108.23294916135508,161.33411173899654,-176.13378070052622,13.272128530919469,trail_elbow_angle,missing_features:trail_elbow_angle
803,C:\Users\zzang\Desktop\workspace\Python\golf\src\golfdb-master\learning_video\golfdb_720p_slice\803.mp4,4,Mid-downswing,173,mediapipe,True,95.0185289507584,143.85104286832356,174.72850005445667,-176.23683503764423,16.45639264261241,,
803,C:\Users\zzang\Desktop\workspace\Python\golf\src\golfdb-master\learning_video\golfdb_720p_slice\803.mp4,5,Impact,177,mediapipe,True,147.23973412348056,163.02063647585746,-149.90966506124153,-165.79958911085333,22.879724499102146,,
803,C:\Users\zzang\Desktop\workspace\Python\golf\src\golfdb-master\learning_video\golfdb_720p_slice\803.mp4,6,Mid-follow-through,179,mediapipe,True,160.11161486083196,167.08374303456648,-132.19848627870718,-163.74818325224055,22.19886093568928,,
803,C:\Users\zzang\Desktop\workspace\Python\golf\src\golfdb-master\learning_video\golfdb_720p_slice\803.mp4,7,Finish,201,mediapipe,True,,,31.32689446114191,-173.2523763929434,6.535347375193323,trail_elbow_angle|lead_elbow_angle,missing_features:trail_elbow_angle|lead_elbow_angle
804,C:\Users\zzang\Desktop\workspace\Python\golf\src\golfdb-master\learning_video\golfdb_720p_slice\804.mp4,0,Address,65,mediapipe,True,164.101018805185,170.007306278911,-169.23491831099665,-170.68357941331536,6.053361962482732,,
804,C:\Users\zzang\Desktop\workspace\Python\golf\src\golfdb-master\learning_video\golfdb_720p_slice\804.mp4,1,Toe-up,113,mediapipe,True,163.26594869409055,166.77348451896805,172.28886948866565,-176.28327118016864,12.45009328462188,,
804,C:\Users\zzang\Desktop\workspace\Python\golf\src\golfdb-master\learning_video\golfdb_720p_slice\804.mp4,2,Mid-backswing,132,mediapipe,True,,135.20841374676843,173.58479644536337,-174.0163533413494,13.836169116681745,trail_elbow_angle,missing_features:trail_elbow_angle
804,C:\Users\zzang\Desktop\workspace\Python\golf\src\golfdb-master\learning_video\golfdb_720p_slice\804.mp4,3,Top,153,mediapipe,True,,105.50324774077163,168.84494198337208,-175.37664235187302,13.092917999678306,trail_elbow_angle,missing_features:trail_elbow_angle
804,C:\Users\zzang\Desktop\workspace\Python\golf\src\golfdb-master\learning_video\golfdb_720p_slice\804.mp4,4,Mid-downswing,166,mediapipe,True,51.84122123878492,136.98997755716337,169.5565273077719,-175.82762930149616,15.100419371331116,,
804,C:\Users\zzang\Desktop\workspace\Python\golf\src\golfdb-master\learning_video\golfdb_720p_slice\804.mp4,5,Impact,182,mediapipe,True,142.70466187642344,157.40112661228972,-149.8068018061459,-169.83509665046924,22.54922208588566,,
804,C:\Users\zzang\Desktop\workspace\Python\golf\src\golfdb-master\learning_video\golfdb_720p_slice\804.mp4,6,Mid-follow-through,191,mediapipe,True,139.4378356854913,177.14752065677365,-125.57990959395312,-166.06360546533622,21.219336252844545,,
804,C:\Users\zzang\Desktop\workspace\Python\golf\src\golfdb-master\learning_video\golfdb_720p_slice\804.mp4,7,Finish,272,mediapipe,True,44.136853559700356,,-166.15102311205874,-175.39500266363544,5.834020152307964,lead_elbow_angle,missing_features:lead_elbow_angle
822,C:\Users\zzang\Desktop\workspace\Python\golf\src\golfdb-master\learning_video\golfdb_720p_slice\822.mp4,0,Address,211,mediapipe,True,167.30168325684997,173.83879484733882,-174.6739934528937,-178.01156662847103,-1.4113188124410339,,
822,C:\Users\zzang\Desktop\workspace\Python\golf\src\golfdb-master\learning_video\golfdb_720p_slice\822.mp4,1,Toe-up,229,mediapipe,True,170.16465092419682,156.5915071536776,168.21081295841302,179.85614998611788,5.13310827823364,,
822,C:\Users\zzang\Desktop\workspace\Python\golf\src\golfdb-master\learning_video\golfdb_720p_slice\822.mp4,2,Mid-backswing,237,mediapipe,True,153.25307772082476,147.984894887465,169.23505932283922,-177.95697187152007,3.8358696389432465,,
822,C:\Users\zzang\Desktop\workspace\Python\golf\src\golfdb-master\learning_video\golfdb_720p_slice\822.mp4,3,Top,246,mediapipe,True,113.27486270104679,99.28618939862652,177.7389580103397,-174.30415257152123,4.751431390426251,,
822,C:\Users\zzang\Desktop\workspace\Python\golf\src\golfdb-master\learning_video\golfdb_720p_slice\822.mp4,4,Mid-downswing,251,mediapipe,True,109.61458462891976,152.526503582992,-172.46773904356675,-176.09622505374824,12.135893330014074,,
822,C:\Users\zzang\Desktop\workspace\Python\golf\src\golfdb-master\learning_video\golfdb_720p_slice\822.mp4,5,Impact,254,mediapipe,True,171.01588410843803,179.57431201067607,-146.28510492125136,-171.42256120231966,17.999120480917757,,
822,C:\Users\zzang\Desktop\workspace\Python\golf\src\golfdb-master\learning_video\golfdb_720p_slice\822.mp4,6,Mid-follow-through,257,mediapipe,True,161.59137493250702,,-113.96891759640941,-173.03708629334056,11.1882524035321,lead_elbow_angle,missing_features:lead_elbow_angle
822,C:\Users\zzang\Desktop\workspace\Python\golf\src\golfdb-master\learning_video\golfdb_720p_slice\822.mp4,7,Finish,277,mediapipe,True,178.16221367029326,89.3187241202614,11.296724028160238,-168.92815080351326,-0.04314481654550758,,
823,C:\Users\zzang\Desktop\workspace\Python\golf\src\golfdb-master\learning_video\golfdb_720p_slice\823.mp4,0,Address,63,mediapipe,True,168.91968786540195,173.48479076760105,-174.9001614172473,-175.82763526327963,-1.9245106196664354,,
823,C:\Users\zzang\Desktop\workspace\Python\golf\src\golfdb-master\learning_video\golfdb_720p_slice\823.mp4,1,Toe-up,136,mediapipe,True,170.27522996168838,158.75195152771076,168.2142026633496,179.74566801262145,4.239905511539206,,
823,C:\Users\zzang\Desktop\workspace\Python\golf\src\golfdb-master\learning_video\golfdb_720p_slice\823.mp4,2,Mid-backswing,167,mediapipe,True,130.01051555022784,152.69865341561493,170.52100955349624,-179.41319486258496,3.9079017171158292,,
823,C:\Users\zzang\Desktop\workspace\Python\golf\src\golfdb-master\learning_video\golfdb_720p_slice\823.mp4,3,Top,203,mediapipe,True,144.27723534630638,66.29174663189914,170.62437006823916,-177.1038576396851,3.927421644045937,,
823,C:\Users\zzang\Desktop\workspace\Python\golf\src\golfdb-master\learning_video\golfdb_720p_slice\823.mp4,4,Mid-downswing,221,mediapipe,True,125.11721640769748,125.84609922633426,-174.1445381903328,-176.4136019580722,9.978811441287284,,
823,C:\Users\zzang\Desktop\workspace\Python\golf\src\golfdb-master\learning_video\golfdb_720p_slice\823.mp4,5,Impact,235,mediapipe,True,169.71922164304507,172.95687187367272,-148.8766220812062,-173.82295377011158,17.537724769004605,,
823,C:\Users\zzang\Desktop\workspace\Python\golf\src\golfdb-master\learning_video\golfdb_720p_slice\823.mp4,6,Mid-follow-through,244,mediapipe,True,175.988375758932,161.61682595069752,-130.34755415372223,-170.7548215852784,15.997450655666691,,
823,C:\Users\zzang\Desktop\workspace\Python\golf\src\golfdb-master\learning_video\golfdb_720p_slice\823.mp4,7,Finish,319,mediapipe,True,,,5.540393594864566,-16.593159441202427,-2.009333256977952,trail_elbow_angle|lead_elbow_angle,missing_features:trail_elbow_angle|lead_elbow_angle
830,C:\Users\zzang\Desktop\workspace\Python\golf\src\golfdb-master\learning_video\golfdb_720p_slice\830.mp4,0,Address,184,mediapipe,True,170.64177211658534,170.70122475196186,-170.66286286881214,-178.93324879418506,5.218617184864634,,
830,C:\Users\zzang\Desktop\workspace\Python\golf\src\golfdb-master\learning_video\golfdb_720p_slice\830.mp4,1,Toe-up,196,mediapipe,True,,172.2552339554698,168.9445962981573,176.03333520971165,8.648492264829361,trail_elbow_angle,missing_features:trail_elbow_angle
830,C:\Users\zzang\Desktop\workspace\Python\golf\src\golfdb-master\learning_video\golfdb_720p_slice\830.mp4,2,Mid-backswing,199,mediapipe,True,158.74595011352906,144.44702041308213,172.44674564393273,177.47367094323332,7.299622144213915,,
830,C:\Users\zzang\Desktop\workspace\Python\golf\src\golfdb-master\learning_video\golfdb_720p_slice\830.mp4,3,Top,206,mediapipe,True,,106.53781312048808,-158.80947931520225,-175.7059759791826,13.66636832134509,trail_elbow_angle,missing_features:trail_elbow_angle
830,C:\Users\zzang\Desktop\workspace\Python\golf\src\golfdb-master\learning_video\golfdb_720p_slice\830.mp4,4,Mid-downswing,210,mediapipe,True,,143.49587695080137,-174.23805466557783,-178.28861146620594,14.66280542373242,trail_elbow_angle,missing_features:trail_elbow_angle
830,C:\Users\zzang\Desktop\workspace\Python\golf\src\golfdb-master\learning_video\golfdb_720p_slice\830.mp4,5,Impact,213,mediapipe,True,157.19381281308458,174.22381630294893,-143.74495244031425,-165.4739304241671,16.863885001134467,,
830,C:\Users\zzang\Desktop\workspace\Python\golf\src\golfdb-master\learning_video\golfdb_720p_slice\830.mp4,6,Mid-follow-through,215,mediapipe,True,134.68588893950226,146.40066583136908,-142.11966787456447,-167.13057681958,10.888887695790086,,
830,C:\Users\zzang\Desktop\workspace\Python\golf\src\golfdb-master\learning_video\golfdb_720p_slice\830.mp4,7,Finish,232,mediapipe,True,44.09974762612699,,175.45005829344188,172.69635270504537,-2.362210922190809,lead_elbow_angle,missing_features:lead_elbow_angle
831,C:\Users\zzang\Desktop\workspace\Python\golf\src\golfdb-master\learning_video\golfdb_720p_slice\831.mp4,0,Address,43,mediapipe,True,174.2793224323302,173.22893011241234,-168.66742855990915,-178.00753442702822,5.9977525594099355,,
831,C:\Users\zzang\Desktop\workspace\Python\golf\src\golfdb-master\learning_video\golfdb_720p_slice\831.mp4,1,Toe-up,91,mediapipe,True,,179.38917616768103,167.81333193734204,175.52866827124245,8.897399784244259,trail_elbow_angle,missing_features:trail_elbow_angle
831,C:\Users\zzang\Desktop\workspace\Python\golf\src\golfdb-master\learning_video\golfdb_720p_slice\831.mp4,2,Mid-backswing,102,mediapipe,True,149.8338082336521,150.43993653983293,173.2168523584223,179.4210349265024,7.644463284406307,,
831,C:\Users\zzang\Desktop\workspace\Python\golf\src\golfdb-master\learning_video\golfdb_720p_slice\831.mp4,3,Top,131,mediapipe,True,137.7252639069875,117.5222478954544,-163.78761338782397,-176.9406657127154,10.993562724375408,,
831,C:\Users\zzang\Desktop\workspace\Python\golf\src\golfdb-master\learning_video\golfdb_720p_slice\831.mp4,4,Mid-downswing,147,mediapipe,True,,147.23511275759498,165.1853357583299,178.59661260433512,12.952207055040574,trail_elbow_angle,missing_features:trail_elbow_angle
831,C:\Users\zzang\Desktop\workspace\Python\golf\src\golfdb-master\learning_video\golfdb_720p_slice\831.mp4,5,Impact,159,mediapipe,True,163.5102073296396,176.69183189825839,-149.25963561013867,-173.41467535581899,15.900508577332065,,
831,C:\Users\zzang\Desktop\workspace\Python\golf\src\golfdb-master\learning_video\golfdb_720p_slice\831.mp4,6,Mid-follow-through,166,mediapipe,True,154.7820423255265,159.4764910520409,-142.98287202010684,-173.8917604755081,14.50676360801293,,
831,C:\Users\zzang\Desktop\workspace\Python\golf\src\golfdb-master\learning_video\golfdb_720p_slice\831.mp4,7,Finish,224,mediapipe,True,,,164.82502304279245,171.04143597333112,-2.8915917250902536,trail_elbow_angle|lead_elbow_angle,missing_features:trail_elbow_angle|lead_elbow_angle
836,C:\Users\zzang\Desktop\workspace\Python\golf\src\golfdb-master\learning_video\golfdb_720p_slice\836.mp4,0,Address,174,mediapipe,True,177.1272167128074,171.79334530027185,-168.19100386954716,-173.9771072994612,3.572521636913083,,
836,C:\Users\zzang\Desktop\workspace\Python\golf\src\golfdb-master\learning_video\golfdb_720p_slice\836.mp4,1,Toe-up,185,mediapipe,True,167.28174119742428,176.36223498706158,155.78168184826006,176.606643372706,7.666968479688651,,
836,C:\Users\zzang\Desktop\workspace\Python\golf\src\golfdb-master\learning_video\golfdb_720p_slice\836.mp4,2,Mid-backswing,188,mediapipe,True,,154.22766940972485,152.93421990598486,175.7492356677928,7.907697580686038,trail_elbow_angle,missing_features:trail_elbow_angle
836,C:\Users\zzang\Desktop\workspace\Python\golf\src\golfdb-master\learning_video\golfdb_720p_slice\836.mp4,3,Top,195,mediapipe,True,,130.3549908328198,-176.1941241997662,179.14544585313044,6.215135964276475,trail_elbow_angle,missing_features:trail_elbow_angle
836,C:\Users\zzang\Desktop\workspace\Python\golf\src\golfdb-master\learning_video\golfdb_720p_slice\836.mp4,4,Mid-downswing,200,mediapipe,True,,154.53040451902515,174.39234266754158,179.27241344235364,4.525975108211073,trail_elbow_angle,missing_features:trail_elbow_angle
836,C:\Users\zzang\Desktop\workspace\Python\golf\src\golfdb-master\learning_video\golfdb_720p_slice\836.mp4,5,Impact,203,mediapipe,True,146.85472639772993,170.61048685371574,-161.00892980700513,-175.542934113095,10.278214164888704,,
836,C:\Users\zzang\Desktop\workspace\Python\golf\src\golfdb-master\learning_video\golfdb_720p_slice\836.mp4,6,Mid-follow-through,205,mediapipe,True,170.87945681165772,,-146.1541558197568,-172.7203393491409,11.180873547964287,lead_elbow_angle,missing_features:lead_elbow_angle
836,C:\Users\zzang\Desktop\workspace\Python\golf\src\golfdb-master\learning_video\golfdb_720p_slice\836.mp4,7,Finish,218,mediapipe,True,104.33560014720732,,-156.23363707544192,178.73847979583851,8.953905466648699,lead_elbow_angle,missing_features:lead_elbow_angle
837,C:\Users\zzang\Desktop\workspace\Python\golf\src\golfdb-master\learning_video\golfdb_720p_slice\837.mp4,0,Address,35,mediapipe,True,179.6453843308102,168.8350633521224,-167.9562760717312,-173.70612928449407,4.346539486959713,,
837,C:\Users\zzang\Desktop\workspace\Python\golf\src\golfdb-master\learning_video\golfdb_720p_slice\837.mp4,1,Toe-up,83,mediapipe,True,167.72288917697253,175.22162302608734,155.16218653012152,176.80826364770277,7.455804654396262,,
837,C:\Users\zzang\Desktop\workspace\Python\golf\src\golfdb-master\learning_video\golfdb_720p_slice\837.mp4,2,Mid-backswing,93,mediapipe,True,147.43189928861975,153.69299059826704,162.5930457232884,176.62766554374105,7.582249503698705,,
837,C:\Users\zzang\Desktop\workspace\Python\golf\src\golfdb-master\learning_video\golfdb_720p_slice\837.mp4,3,Top,125,mediapipe,True,,118.14519264747808,-179.26843375493516,178.41374868064514,6.572818908867734,trail_elbow_angle,missing_features:trail_elbow_angle
837,C:\Users\zzang\Desktop\workspace\Python\golf\src\golfdb-master\learning_video\golfdb_720p_slice\837.mp4,4,Mid-downswing,143,mediapipe,True,108.05482081299681,151.69428287089292,174.63742438314281,179.06116880425674,4.186676811728712,,
837,C:\Users\zzang\Desktop\workspace\Python\golf\src\golfdb-master\learning_video\golfdb_720p_slice\837.mp4,5,Impact,155,mediapipe,True,146.01249700955927,168.24906953920598,-160.9319548891346,-175.33421160220448,10.081546431216553,,
837,C:\Users\zzang\Desktop\workspace\Python\golf\src\golfdb-master\learning_video\golfdb_720p_slice\837.mp4,6,Mid-follow-through,163,mediapipe,True,169.9597820147404,,-146.02511570037768,-172.4581223042258,12.027418902920424,lead_elbow_angle,missing_features:lead_elbow_angle
837,C:\Users\zzang\Desktop\workspace\Python\golf\src\golfdb-master\learning_video\golfdb_720p_slice\837.mp4,7,Finish,213,mediapipe,True,67.00514025768696,,-165.01366039038956,179.4293183559828,9.073933438336894,lead_elbow_angle,missing_features:lead_elbow_angle
842,C:\Users\zzang\Desktop\workspace\Python\golf\src\golfdb-master\learning_video\golfdb_720p_slice\842.mp4,0,Address,218,mediapipe,True,174.63613144388873,177.64827119385325,-165.38341202970014,-174.6077142430262,4.320406917677491,,
842,C:\Users\zzang\Desktop\workspace\Python\golf\src\golfdb-master\learning_video\golfdb_720p_slice\842.mp4,1,Toe-up,233,mediapipe,True,158.34288217835163,169.66500843368152,167.10447923797062,-179.47632204958848,5.333509595519195,,
842,C:\Users\zzang\Desktop\workspace\Python\golf\src\golfdb-master\learning_video\golfdb_720p_slice\842.mp4,2,Mid-backswing,237,mediapipe,True,130.78858896684258,148.0211135174041,167.51896646913306,176.44728446264818,7.815720611553083,,
842,C:\Users\zzang\Desktop\workspace\Python\golf\src\golfdb-master\learning_video\golfdb_720p_slice\842.mp4,3,Top,244,mediapipe,False,,,,,,trail_elbow_angle|lead_elbow_angle|shoulder_tilt|hip_tilt|spine_tilt,pose_not_detected
842,C:\Users\zzang\Desktop\workspace\Python\golf\src\golfdb-master\learning_video\golfdb_720p_slice\842.mp4,4,Mid-downswing,249,mediapipe,True,54.452466124681884,148.30761098623975,-162.12764796271847,-176.38018254175392,11.03266160808444,,
842,C:\Users\zzang\Desktop\workspace\Python\golf\src\golfdb-master\learning_video\golfdb_720p_slice\842.mp4,5,Impact,252,mediapipe,True,177.64099601380067,178.0413433418792,-141.2338544580724,-178.8898478242409,16.68628122206531,,
842,C:\Users\zzang\Desktop\workspace\Python\golf\src\golfdb-master\learning_video\golfdb_720p_slice\842.mp4,6,Mid-follow-through,254,mediapipe,True,167.9063805108933,,-137.47689195465887,-172.48252330679077,19.31630653288351,lead_elbow_angle,missing_features:lead_elbow_angle
842,C:\Users\zzang\Desktop\workspace\Python\golf\src\golfdb-master\learning_video\golfdb_720p_slice\842.mp4,7,Finish,278,mediapipe,True,160.25658017964545,,-179.13365975515532,173.4877673044991,2.64969710031779,lead_elbow_angle,missing_features:lead_elbow_angle
843,C:\Users\zzang\Desktop\workspace\Python\golf\src\golfdb-master\learning_video\golfdb_720p_slice\843.mp4,0,Address,59,mediapipe,True,175.88746381552593,178.28719907841133,-162.50768176812085,-173.7989431445648,5.675479529214098,,
843,C:\Users\zzang\Desktop\workspace\Python\golf\src\golfdb-master\learning_video\golfdb_720p_slice\843.mp4,1,Toe-up,110,mediapipe,True,168.1248123088009,173.18828142491023,172.96927480319033,178.68564478342617,6.273522832237698,,
843,C:\Users\zzang\Desktop\workspace\Python\golf\src\golfdb-master\learning_video\golfdb_720p_slice\843.mp4,2,Mid-backswing,125,mediapipe,True,139.00822500640285,155.94761663724577,179.2362267944482,177.15377775765427,6.933378147310455,,
843,C:\Users\zzang\Desktop\workspace\Python\golf\src\golfdb-master\learning_video\golfdb_720p_slice\843.mp4,3,Top,156,mediapipe,True,,103.9588858940049,-172.59662053094593,178.1582861948229,10.980059973243993,trail_elbow_angle,missing_features:trail_elbow_angle
843,C:\Users\zzang\Desktop\workspace\Python\golf\src\golfdb-master\learning_video\golfdb_720p_slice\843.mp4,4,Mid-downswing,172,mediapipe,True,,142.18742088176975,-171.16188630421217,-179.54495406939012,8.709600874519982,trail_elbow_angle,missing_features:trail_elbow_angle
843,C:\Users\zzang\Desktop\workspace\Python\golf\src\golfdb-master\learning_video\golfdb_720p_slice\843.mp4,5,Impact,185,mediapipe,True,164.63633742863647,178.71692339186208,-144.48439243888313,-179.2139618969863,16.234351274871457,,
843,C:\Users\zzang\Desktop\workspace\Python\golf\src\golfdb-master\learning_video\golfdb_720p_slice\843.mp4,6,Mid-follow-through,192,mediapipe,True,171.08725697206208,162.3618877357509,-136.1934873498905,-172.77482817941296,19.159183335356673,,
843,C:\Users\zzang\Desktop\workspace\Python\golf\src\golfdb-master\learning_video\golfdb_720p_slice\843.mp4,7,Finish,289,mediapipe,True,177.55376218637537,,162.89987101399936,172.6484044542503,3.2587269849735225,lead_elbow_angle,missing_features:lead_elbow_angle
844,C:\Users\zzang\Desktop\workspace\Python\golf\src\golfdb-master\learning_video\golfdb_720p_slice\844.mp4,0,Address,89,mediapipe,True,176.81190806851916,172.49671580882887,-169.62553075800466,-176.1328333941539,6.05116370900448,,
844,C:\Users\zzang\Desktop\workspace\Python\golf\src\golfdb-master\learning_video\golfdb_720p_slice\844.mp4,1,Toe-up,128,mediapipe,True,,178.6207408088581,144.41725904948112,-179.44570347933376,8.006714519326529,trail_elbow_angle,missing_features:trail_elbow_angle
844,C:\Users\zzang\Desktop\workspace\Python\golf\src\golfdb-master\learning_video\golfdb_720p_slice\844.mp4,2,Mid-backswing,133,mediapipe,True,149.9294616470241,88.52573805749515,178.6454316461726,-176.56105725738573,4.358999095466369,,
844,C:\Users\zzang\Desktop\workspace\Python\golf\src\golfdb-master\learning_video\golfdb_720p_slice\844.mp4,3,Top,138,mediapipe,True,,134.4488228210432,9.064412462267404,-178.66019060067043,12.388857451956797,trail_elbow_angle,missing_features:trail_elbow_angle
844,C:\Users\zzang\Desktop\workspace\Python\golf\src\golfdb-master\learning_video\golfdb_720p_slice\844.mp4,4,Mid-downswing,140,mediapipe,True,129.23875370036458,124.94083245788285,-167.93539879095312,-176.7378187158848,14.86210685458144,,
844,C:\Users\zzang\Desktop\workspace\Python\golf\src\golfdb-master\learning_video\golfdb_720p_slice\844.mp4,5,Impact,144,mediapipe,True,158.62624906191482,179.27250226998777,-154.33364256626336,-171.10625638657984,17.66585379212756,,
844,C:\Users\zzang\Desktop\workspace\Python\golf\src\golfdb-master\learning_video\golfdb_720p_slice\844.mp4,6,Mid-follow-through,146,mediapipe,True,151.211200908665,,-144.54880059358095,-172.88453980833788,15.880941273294349,lead_elbow_angle,missing_features:lead_elbow_angle
844,C:\Users\zzang\Desktop\workspace\Python\golf\src\golfdb-master\learning_video\golfdb_720p_slice\844.mp4,7,Finish,163,mediapipe,True,46.602290949148085,151.88560938120824,179.34324220465126,166.42024530435592,-3.0872825232140233,,
845,C:\Users\zzang\Desktop\workspace\Python\golf\src\golfdb-master\learning_video\golfdb_720p_slice\845.mp4,0,Address,20,mediapipe,True,176.33452988882217,174.91798809701038,-170.9530352919942,-177.0692444694249,6.40979286646028,,
845,C:\Users\zzang\Desktop\workspace\Python\golf\src\golfdb-master\learning_video\golfdb_720p_slice\845.mp4,1,Toe-up,172,mediapipe,True,,176.3402968983867,140.4288516532367,177.52083328526612,8.565661531466425,trail_elbow_angle,missing_features:trail_elbow_angle
845,C:\Users\zzang\Desktop\workspace\Python\golf\src\golfdb-master\learning_video\golfdb_720p_slice\845.mp4,2,Mid-backswing,191,mediapipe,True,165.72076438479556,45.468658691837746,178.10100408811314,-178.2512173746455,5.340683151873878,,
845,C:\Users\zzang\Desktop\workspace\Python\golf\src\golfdb-master\learning_video\golfdb_720p_slice\845.mp4,3,Top,213,mediapipe,True,,132.3040591258891,16.7815555545359,12.852410452835436,12.33300517189618,trail_elbow_angle,missing_features:trail_elbow_angle
845,C:\Users\zzang\Desktop\workspace\Python\golf\src\golfdb-master\learning_video\golfdb_720p_slice\845.mp4,4,Mid-downswing,222,mediapipe,True,127.96239000445799,160.7864082523198,178.84632831938782,-175.00227514617956,14.665413123680207,,
845,C:\Users\zzang\Desktop\workspace\Python\golf\src\golfdb-master\learning_video\golfdb_720p_slice\845.mp4,5,Impact,236,mediapipe,True,162.22351119760344,169.50376036107482,-149.52728660964522,-167.07233606144823,17.941312457972142,,
845,C:\Users\zzang\Desktop\workspace\Python\golf\src\golfdb-master\learning_video\golfdb_720p_slice\845.mp4,6,Mid-follow-through,246,mediapipe,True,151.6210426394336,52.10990129889481,-136.09941261484232,-170.00784135486353,15.655332345265833,,
845,C:\Users\zzang\Desktop\workspace\Python\golf\src\golfdb-master\learning_video\golfdb_720p_slice\845.mp4,7,Finish,313,mediapipe,True,49.4270205393209,150.01799441331596,178.59827552032516,166.4516140441215,-1.7336813452047393,,
846,C:\Users\zzang\Desktop\workspace\Python\golf\src\golfdb-master\learning_video\golfdb_720p_slice\846.mp4,0,Address,61,mediapipe,True,170.07141246138983,171.77460465287004,-172.59353659345592,-179.4647934523292,-5.261516197759555,,
846,C:\Users\zzang\Desktop\workspace\Python\golf\src\golfdb-master\learning_video\golfdb_720p_slice\846.mp4,1,Toe-up,89,mediapipe,True,165.43235141831767,170.1775997938729,176.83619844441955,179.84406158520434,-2.411867608316272,,
846,C:\Users\zzang\Desktop\workspace\Python\golf\src\golfdb-master\learning_video\golfdb_720p_slice\846.mp4,2,Mid-backswing,103,mediapipe,True,,154.57185007852152,174.92411092843713,-178.68816397460483,-0.34377929942796276,trail_elbow_angle,missing_features:trail_elbow_angle
846,C:\Users\zzang\Desktop\workspace\Python\golf\src\golfdb-master\learning_video\golfdb_720p_slice\846.mp4,3,Top,116,mediapipe,True,155.49108986655733,131.7044871105382,-175.8251866494227,-174.80330592232298,5.452376744715317,,
846,C:\Users\zzang\Desktop\workspace\Python\golf\src\golfdb-master\learning_video\golfdb_720p_slice\846.mp4,4,Mid-downswing,120,mediapipe,True,,153.7423082125466,-165.25630742795042,-174.09421306041253,8.070724762045907,trail_elbow_angle,missing_features:trail_elbow_angle
846,C:\Users\zzang\Desktop\workspace\Python\golf\src\golfdb-master\learning_video\golfdb_720p_slice\846.mp4,5,Impact,124,mediapipe,True,153.90053811177418,178.9181902679371,-151.52885183521965,-173.97313821139016,11.2999259479851,,
846,C:\Users\zzang\Desktop\workspace\Python\golf\src\golfdb-master\learning_video\golfdb_720p_slice\846.mp4,6,Mid-follow-through,126,mediapipe,True,172.46689208838256,158.22579489909256,-157.21940351606744,-173.45133278240095,7.0901116564315885,,
846,C:\Users\zzang\Desktop\workspace\Python\golf\src\golfdb-master\learning_video\golfdb_720p_slice\846.mp4,7,Finish,156,mediapipe,True,85.70822326661622,43.15305372808808,34.41992418113863,43.67545872563791,0.18186671053919615,,
849,C:\Users\zzang\Desktop\workspace\Python\golf\src\golfdb-master\learning_video\golfdb_720p_slice\849.mp4,0,Address,282,mediapipe,True,164.34388400592448,169.74601599443213,-170.1577678306894,-178.59352474800144,2.1002760764598714,,
849,C:\Users\zzang\Desktop\workspace\Python\golf\src\golfdb-master\learning_video\golfdb_720p_slice\849.mp4,1,Toe-up,298,mediapipe,True,167.08895730523565,164.53005702704132,161.09405516485927,-178.57403211232747,4.054443469387219,,
849,C:\Users\zzang\Desktop\workspace\Python\golf\src\golfdb-master\learning_video\golfdb_720p_slice\849.mp4,2,Mid-backswing,304,mediapipe,True,,144.53354366023697,175.7283504336993,179.19426287533017,0.7407952813412004,trail_elbow_angle,missing_features:trail_elbow_angle
849,C:\Users\zzang\Desktop\workspace\Python\golf\src\golfdb-master\learning_video\golfdb_720p_slice\849.mp4,3,Top,312,mediapipe,True,,99.18504825972984,179.3324909621256,179.2678872656072,1.7231151509725917,trail_elbow_angle,missing_features:trail_elbow_angle
849,C:\Users\zzang\Desktop\workspace\Python\golf\src\golfdb-master\learning_video\golfdb_720p_slice\849.mp4,4,Mid-downswing,316,mediapipe,True,,155.8895162897476,164.47444103833544,177.17356020809245,6.919701891331131,trail_elbow_angle,missing_features:trail_elbow_angle
849,C:\Users\zzang\Desktop\workspace\Python\golf\src\golfdb-master\learning_video\golfdb_720p_slice\849.mp4,5,Impact,319,mediapipe,True,168.19523362226954,168.38476666400265,-160.4598563101656,179.30373858457529,18.081294429249784,,
849,C:\Users\zzang\Desktop\workspace\Python\golf\src\golfdb-master\learning_video\golfdb_720p_slice\849.mp4,6,Mid-follow-through,321,mediapipe,True,162.14796963082355,162.530034675726,-142.77050170909055,-171.90354914524795,19.463030220374886,,
849,C:\Users\zzang\Desktop\workspace\Python\golf\src\golfdb-master\learning_video\golfdb_720p_slice\849.mp4,7,Finish,336,mediapipe,True,122.94975824371117,,-160.9530091350278,175.74906843258458,6.121576566700404,lead_elbow_angle,missing_features:lead_elbow_angle
850,C:\Users\zzang\Desktop\workspace\Python\golf\src\golfdb-master\learning_video\golfdb_720p_slice\850.mp4,0,Address,31,mediapipe,True,167.07055680943387,173.85053577057806,-169.63265374342603,-176.32609699628026,2.8672260619508627,,
850,C:\Users\zzang\Desktop\workspace\Python\golf\src\golfdb-master\learning_video\golfdb_720p_slice\850.mp4,1,Toe-up,94,mediapipe,True,164.51355267481364,169.32406595798648,161.85948663328483,-179.11676643880259,3.3365460908523406,,
850,C:\Users\zzang\Desktop\workspace\Python\golf\src\golfdb-master\learning_video\golfdb_720p_slice\850.mp4,2,Mid-backswing,114,mediapipe,True,,151.0068402877347,164.09937804582404,179.73359302336218,1.6660022584656424,trail_elbow_angle,missing_features:trail_elbow_angle
850,C:\Users\zzang\Desktop\workspace\Python\golf\src\golfdb-master\learning_video\golfdb_720p_slice\850.mp4,3,Top,147,mediapipe,True,,101.6958437673386,174.77652701304217,177.1519895066208,0.26322925341207876,trail_elbow_angle,missing_features:trail_elbow_angle
850,C:\Users\zzang\Desktop\workspace\Python\golf\src\golfdb-master\learning_video\golfdb_720p_slice\850.mp4,4,Mid-downswing,162,mediapipe,True,,141.38528715860508,167.71985875568134,177.50674090547378,5.972109879196492,trail_elbow_angle,missing_features:trail_elbow_angle
850,C:\Users\zzang\Desktop\workspace\Python\golf\src\golfdb-master\learning_video\golfdb_720p_slice\850.mp4,5,Impact,178,mediapipe,True,164.77065943117464,165.84679634889088,-157.69789653140526,-176.53876788202027,17.039759107842112,,
850,C:\Users\zzang\Desktop\workspace\Python\golf\src\golfdb-master\learning_video\golfdb_720p_slice\850.mp4,6,Mid-follow-through,186,mediapipe,True,163.62237360218464,105.5124039426769,-137.51398034850496,-172.95301537536503,17.29148016761908,,
850,C:\Users\zzang\Desktop\workspace\Python\golf\src\golfdb-master\learning_video\golfdb_720p_slice\850.mp4,7,Finish,243,mediapipe,True,104.64960524288719,142.01172410011026,-172.11211533804277,175.3272785703929,5.501444860914779,,
856,C:\Users\zzang\Desktop\workspace\Python\golf\src\golfdb-master\learning_video\golfdb_720p_slice\856.mp4,0,Address,30,mediapipe,True,178.15978672356712,177.5361544232442,-166.02079194910544,-174.40804688521848,0.31017765995317115,,
856,C:\Users\zzang\Desktop\workspace\Python\golf\src\golfdb-master\learning_video\golfdb_720p_slice\856.mp4,1,Toe-up,53,mediapipe,True,167.70686818963594,171.25993021334043,156.30964493308335,176.9810262549878,2.243204680135656,,
856,C:\Users\zzang\Desktop\workspace\Python\golf\src\golfdb-master\learning_video\golfdb_720p_slice\856.mp4,2,Mid-backswing,60,mediapipe,True,150.86674340834486,152.38002649731666,157.5294884877895,177.81098863361575,3.0828228749450894,,
856,C:\Users\zzang\Desktop\workspace\Python\golf\src\golfdb-master\learning_video\golfdb_720p_slice\856.mp4,3,Top,71,mediapipe,True,,125.21481781984888,164.6295066229345,176.8380658317253,2.5198034723368794,trail_elbow_angle,missing_features:trail_elbow_angle
856,C:\Users\zzang\Desktop\workspace\Python\golf\src\golfdb-master\learning_video\golfdb_720p_slice\856.mp4,4,Mid-downswing,75,mediapipe,True,55.14106317351635,148.9751308775867,-172.3279502358927,-174.91636064776884,7.78487449948536,,
856,C:\Users\zzang\Desktop\workspace\Python\golf\src\golfdb-master\learning_video\golfdb_720p_slice\856.mp4,5,Impact,78,mediapipe,True,159.03547674421506,179.50269815464088,-146.96642933546744,-173.06270589787886,12.03454818646066,,
856,C:\Users\zzang\Desktop\workspace\Python\golf\src\golfdb-master\learning_video\golfdb_720p_slice\856.mp4,6,Mid-follow-through,80,mediapipe,True,163.90404576512938,14.067891211774569,-137.3675266260974,-170.10035287185954,14.397867323173173,,
856,C:\Users\zzang\Desktop\workspace\Python\golf\src\golfdb-master\learning_video\golfdb_720p_slice\856.mp4,7,Finish,104,mediapipe,True,72.87203543852493,,-171.79551433756586,-169.58558339302562,-1.181584990297082,lead_elbow_angle,missing_features:lead_elbow_angle
858,C:\Users\zzang\Desktop\workspace\Python\golf\src\golfdb-master\learning_video\golfdb_720p_slice\858.mp4,0,Address,71,mediapipe,True,179.43690046442487,179.52711073338253,-169.2555295928594,-175.30427807790156,0.5726504608749514,,
858,C:\Users\zzang\Desktop\workspace\Python\golf\src\golfdb-master\learning_video\golfdb_720p_slice\858.mp4,1,Toe-up,164,mediapipe,True,165.00041609319936,171.33705912246648,156.91861811616903,177.74539373300937,1.7629812650798917,,
858,C:\Users\zzang\Desktop\workspace\Python\golf\src\golfdb-master\learning_video\golfdb_720p_slice\858.mp4,2,Mid-backswing,189,mediapipe,True,,162.4021151960409,150.80681777631122,175.35464201802282,2.4428321636668056,trail_elbow_angle,missing_features:trail_elbow_angle
858,C:\Users\zzang\Desktop\workspace\Python\golf\src\golfdb-master\learning_video\golfdb_720p_slice\858.mp4,3,Top,230,mediapipe,True,144.3711963923245,111.13997063412427,159.5333665189417,177.78910209588307,1.6683287031282568,,
858,C:\Users\zzang\Desktop\workspace\Python\golf\src\golfdb-master\learning_video\golfdb_720p_slice\858.mp4,4,Mid-downswing,250,mediapipe,True,,157.53185669620737,171.63872441007928,-178.0172608642941,5.583824564447989,trail_elbow_angle,missing_features:trail_elbow_angle
858,C:\Users\zzang\Desktop\workspace\Python\golf\src\golfdb-master\learning_video\golfdb_720p_slice\858.mp4,5,Impact,264,mediapipe,True,153.20742090993156,174.76449726177685,-150.7602945976737,-174.6304829469305,11.038934416357979,,
858,C:\Users\zzang\Desktop\workspace\Python\golf\src\golfdb-master\learning_video\golfdb_720p_slice\858.mp4,6,Mid-follow-through,273,mediapipe,True,161.13864749245607,69.81589045060893,-137.2192003726564,-169.95359487458865,15.167754205112404,,
858,C:\Users\zzang\Desktop\workspace\Python\golf\src\golfdb-master\learning_video\golfdb_720p_slice\858.mp4,7,Finish,350,mediapipe,True,75.96061074321598,,-171.71383952227714,-177.53788670712768,-0.03541702975729809,lead_elbow_angle,missing_features:lead_elbow_angle
859,C:\Users\zzang\Desktop\workspace\Python\golf\src\golfdb-master\learning_video\golfdb_720p_slice\859.mp4,0,Address,478,mediapipe,True,178.97247616271855,176.28619410571088,-173.09454419728533,-175.96863797615913,1.9910502681197,,
859,C:\Users\zzang\Desktop\workspace\Python\golf\src\golfdb-master\learning_video\golfdb_720p_slice\859.mp4,1,Toe-up,505,mediapipe,True,157.4618792769452,179.4422578253259,152.60254909379475,178.51938181374842,6.902604512154333,,
859,C:\Users\zzang\Desktop\workspace\Python\golf\src\golfdb-master\learning_video\golfdb_720p_slice\859.mp4,2,Mid-backswing,512,mediapipe,True,,148.80909701680096,155.57180985390045,178.27420914630693,6.134426251970725,trail_elbow_angle,missing_features:trail_elbow_angle
859,C:\Users\zzang\Desktop\workspace\Python\golf\src\golfdb-master\learning_video\golfdb_720p_slice\859.mp4,3,Top,521,mediapipe,True,,,-177.05603006442053,-177.56993632046797,6.525023827270627,trail_elbow_angle|lead_elbow_angle,missing_features:trail_elbow_angle|lead_elbow_angle
859,C:\Users\zzang\Desktop\workspace\Python\golf\src\golfdb-master\learning_video\golfdb_720p_slice\859.mp4,4,Mid-downswing,524,mediapipe,True,118.9013110559632,153.4421133317125,163.35983791766958,179.49766480156072,7.253072800337583,,
859,C:\Users\zzang\Desktop\workspace\Python\golf\src\golfdb-master\learning_video\golfdb_720p_slice\859.mp4,5,Impact,528,mediapipe,True,160.66208877106672,176.86123945146284,-146.8533643054943,-173.9143187342378,13.719143708200717,,
859,C:\Users\zzang\Desktop\workspace\Python\golf\src\golfdb-master\learning_video\golfdb_720p_slice\859.mp4,6,Mid-follow-through,530,mediapipe,True,143.43112229681674,114.71941195868602,-150.1897420698821,-173.70488352790844,15.623393707622416,,
859,C:\Users\zzang\Desktop\workspace\Python\golf\src\golfdb-master\learning_video\golfdb_720p_slice\859.mp4,7,Finish,550,mediapipe,True,63.24988856705789,,177.2778634560121,178.69195879865862,-2.553209582612245,lead_elbow_angle,missing_features:lead_elbow_angle
861,C:\Users\zzang\Desktop\workspace\Python\golf\src\golfdb-master\learning_video\golfdb_720p_slice\861.mp4,0,Address,59,mediapipe,True,177.20834717217016,176.43887516600086,-172.9262847321827,-177.67165117750616,2.29314295534248,,
861,C:\Users\zzang\Desktop\workspace\Python\golf\src\golfdb-master\learning_video\golfdb_720p_slice\861.mp4,1,Toe-up,162,mediapipe,True,158.47618796707826,175.3525022379532,151.3864851626424,178.21341394258252,5.905917798343858,,
861,C:\Users\zzang\Desktop\workspace\Python\golf\src\golfdb-master\learning_video\golfdb_720p_slice\861.mp4,2,Mid-backswing,188,mediapipe,True,,155.3796287485772,142.3387253634308,176.84836583108202,5.43810249382568,trail_elbow_angle,missing_features:trail_elbow_angle
861,C:\Users\zzang\Desktop\workspace\Python\golf\src\golfdb-master\learning_video\golfdb_720p_slice\861.mp4,3,Top,223,mediapipe,True,,,-179.33423533283167,-179.1771331147711,5.517075887216018,trail_elbow_angle|lead_elbow_angle,missing_features:trail_elbow_angle|lead_elbow_angle
861,C:\Users\zzang\Desktop\workspace\Python\golf\src\golfdb-master\learning_video\golfdb_720p_slice\861.mp4,4,Mid-downswing,238,mediapipe,True,,147.11293568769514,161.81480338898612,178.00153824334214,5.284863951840623,trail_elbow_angle,missing_features:trail_elbow_angle
861,C:\Users\zzang\Desktop\workspace\Python\golf\src\golfdb-master\learning_video\golfdb_720p_slice\861.mp4,5,Impact,252,mediapipe,True,172.0214941072453,167.0060703502251,-0.6733570279545197,4.3458023873010605,10.866507471112346,,
861,C:\Users\zzang\Desktop\workspace\Python\golf\src\golfdb-master\learning_video\golfdb_720p_slice\861.mp4,6,Mid-follow-through,262,mediapipe,True,144.12136405588055,66.66293022329542,-147.14956338803228,-170.58660631686274,16.961811346204342,,
861,C:\Users\zzang\Desktop\workspace\Python\golf\src\golfdb-master\learning_video\golfdb_720p_slice\861.mp4,7,Finish,339,mediapipe,True,70.64296968450697,,177.35243589038802,-174.3004791854779,-2.040554717622834,lead_elbow_angle,missing_features:lead_elbow_angle
869,C:\Users\zzang\Desktop\workspace\Python\golf\src\golfdb-master\learning_video\golfdb_720p_slice\869.mp4,0,Address,161,mediapipe,True,165.84461253417592,173.48776929220244,-169.81725268065955,-172.43797387155212,0.9069881430313128,,
869,C:\Users\zzang\Desktop\workspace\Python\golf\src\golfdb-master\learning_video\golfdb_720p_slice\869.mp4,1,Toe-up,179,mediapipe,True,167.5125158110599,168.8417265732151,171.86060119338083,-176.43888189105726,8.428406402576558,,
869,C:\Users\zzang\Desktop\workspace\Python\golf\src\golfdb-master\learning_video\golfdb_720p_slice\869.mp4,2,Mid-backswing,185,mediapipe,True,,158.38990003638838,162.65061381297014,-176.9910094710559,5.212887009126537,trail_elbow_angle,missing_features:trail_elbow_angle
869,C:\Users\zzang\Desktop\workspace\Python\golf\src\golfdb-master\learning_video\golfdb_720p_slice\869.mp4,3,Top,194,mediapipe,True,157.73065988032258,115.54333771429881,179.37084567861785,-171.53907673078092,5.188416111731869,,
869,C:\Users\zzang\Desktop\workspace\Python\golf\src\golfdb-master\learning_video\golfdb_720p_slice\869.mp4,4,Mid-downswing,200,mediapipe,True,,150.55087148322684,176.7261245337223,-178.43809099165023,7.622825778573233,trail_elbow_angle,missing_features:trail_elbow_angle
869,C:\Users\zzang\Desktop\workspace\Python\golf\src\golfdb-master\learning_video\golfdb_720p_slice\869.mp4,5,Impact,204,mediapipe,True,165.00064991160926,176.80318757274117,-146.17526969781224,-172.93515448936,22.877085274287605,,
869,C:\Users\zzang\Desktop\workspace\Python\golf\src\golfdb-master\learning_video\golfdb_720p_slice\869.mp4,6,Mid-follow-through,206,mediapipe,True,140.99099397279073,152.0596058225193,-134.6691593893229,-172.1187634872647,24.82481089937586,,
869,C:\Users\zzang\Desktop\workspace\Python\golf\src\golfdb-master\learning_video\golfdb_720p_slice\869.mp4,7,Finish,221,mediapipe,True,128.1776988726658,121.04976490565224,38.407833840452106,-178.04013861190572,9.056181216158476,,
870,C:\Users\zzang\Desktop\workspace\Python\golf\src\golfdb-master\learning_video\golfdb_720p_slice\870.mp4,0,Address,31,mediapipe,True,165.31719927984122,176.9648437777004,-169.97287323318918,-174.12393501985693,1.1919666986363693,,
870,C:\Users\zzang\Desktop\workspace\Python\golf\src\golfdb-master\learning_video\golfdb_720p_slice\870.mp4,1,Toe-up,103,mediapipe,True,167.13136358492486,168.67914080501677,170.94623083894822,-177.27369942252244,8.048400291535286,,
870,C:\Users\zzang\Desktop\workspace\Python\golf\src\golfdb-master\learning_video\golfdb_720p_slice\870.mp4,2,Mid-backswing,126,mediapipe,True,,164.28391607679825,170.6389924757711,-175.75302944244166,6.856282180058419,trail_elbow_angle,missing_features:trail_elbow_angle
870,C:\Users\zzang\Desktop\workspace\Python\golf\src\golfdb-master\learning_video\golfdb_720p_slice\870.mp4,3,Top,165,mediapipe,True,138.85502081592517,101.90922925603478,172.97478516038097,-175.55736420608545,4.4020028264688,,
870,C:\Users\zzang\Desktop\workspace\Python\golf\src\golfdb-master\learning_video\golfdb_720p_slice\870.mp4,4,Mid-downswing,188,mediapipe,True,,149.9219290196727,176.14544810591516,-178.74763555050268,7.608985190837911,trail_elbow_angle,missing_features:trail_elbow_angle
870,C:\Users\zzang\Desktop\workspace\Python\golf\src\golfdb-master\learning_video\golfdb_720p_slice\870.mp4,5,Impact,201,mediapipe,True,164.58533400910184,175.96396695049063,-149.66171837582553,-173.496787754146,19.143284782973467,,
870,C:\Users\zzang\Desktop\workspace\Python\golf\src\golfdb-master\learning_video\golfdb_720p_slice\870.mp4,6,Mid-follow-through,209,mediapipe,True,147.0032499161068,155.62932446272632,-142.70453839079096,-174.07805779515556,24.032969350571438,,
870,C:\Users\zzang\Desktop\workspace\Python\golf\src\golfdb-master\learning_video\golfdb_720p_slice\870.mp4,7,Finish,270,mediapipe,True,175.0758482640976,96.49851261295164,17.634164775596773,176.1659011494582,7.914064900106525,,
875,C:\Users\zzang\Desktop\workspace\Python\golf\src\golfdb-master\learning_video\golfdb_720p_slice\875.mp4,0,Address,249,mediapipe,True,178.17096013358858,179.55235111878713,-168.48918541463408,-174.5074832614056,3.2464271670966185,,
875,C:\Users\zzang\Desktop\workspace\Python\golf\src\golfdb-master\learning_video\golfdb_720p_slice\875.mp4,1,Toe-up,292,mediapipe,True,166.02512639715027,164.65410193534393,165.22262227947468,178.4391069452279,6.553252363171389,,
875,C:\Users\zzang\Desktop\workspace\Python\golf\src\golfdb-master\learning_video\golfdb_720p_slice\875.mp4,2,Mid-backswing,298,mediapipe,True,,138.44812842720648,156.7640894922709,178.13458910053413,8.986874581888625,trail_elbow_angle,missing_features:trail_elbow_angle
875,C:\Users\zzang\Desktop\workspace\Python\golf\src\golfdb-master\learning_video\golfdb_720p_slice\875.mp4,3,Top,304,mediapipe,True,,122.648289260458,-177.84664529971576,178.63790261863397,13.70079748346207,trail_elbow_angle,missing_features:trail_elbow_angle
875,C:\Users\zzang\Desktop\workspace\Python\golf\src\golfdb-master\learning_video\golfdb_720p_slice\875.mp4,4,Mid-downswing,308,mediapipe,True,,136.3219031840394,174.19049299613977,178.60146874556807,12.952728678526979,trail_elbow_angle,missing_features:trail_elbow_angle
875,C:\Users\zzang\Desktop\workspace\Python\golf\src\golfdb-master\learning_video\golfdb_720p_slice\875.mp4,5,Impact,312,mediapipe,True,159.33219545758573,178.5739639228609,-143.23322446862568,-171.82583999021335,25.2228193251864,,
875,C:\Users\zzang\Desktop\workspace\Python\golf\src\golfdb-master\learning_video\golfdb_720p_slice\875.mp4,6,Mid-follow-through,314,mediapipe,True,148.30576019345622,167.63112893160488,-125.80605181551917,-169.50475889891436,28.11707638941669,,
875,C:\Users\zzang\Desktop\workspace\Python\golf\src\golfdb-master\learning_video\golfdb_720p_slice\875.mp4,7,Finish,336,mediapipe,True,44.4535111459724,,178.96815103168115,164.12026743515838,3.228109777988661,lead_elbow_angle,missing_features:lead_elbow_angle
876,C:\Users\zzang\Desktop\workspace\Python\golf\src\golfdb-master\learning_video\golfdb_720p_slice\876.mp4,0,Address,88,mediapipe,True,178.32737145847756,178.7243000792247,-168.58938180479353,-174.456700451778,2.8210365077954354,,
876,C:\Users\zzang\Desktop\workspace\Python\golf\src\golfdb-master\learning_video\golfdb_720p_slice\876.mp4,1,Toe-up,219,mediapipe,True,168.40337673407444,167.41526042550387,165.20738440878452,178.63721614324712,5.694036472432254,,
876,C:\Users\zzang\Desktop\workspace\Python\golf\src\golfdb-master\learning_video\golfdb_720p_slice\876.mp4,2,Mid-backswing,242,mediapipe,True,,140.21371704889927,154.13090179067672,177.59108021128824,8.790095499570368,trail_elbow_angle,missing_features:trail_elbow_angle
876,C:\Users\zzang\Desktop\workspace\Python\golf\src\golfdb-master\learning_video\golfdb_720p_slice\876.mp4,3,Top,266,mediapipe,True,,120.60663767154745,-177.93800653167133,179.67826969502528,14.910106448332858,trail_elbow_angle,missing_features:trail_elbow_angle
876,C:\Users\zzang\Desktop\workspace\Python\golf\src\golfdb-master\learning_video\golfdb_720p_slice\876.mp4,4,Mid-downswing,282,mediapipe,True,,134.66539224194673,171.6296880103494,179.9901703810824,13.618330736823152,trail_elbow_angle,missing_features:trail_elbow_angle
876,C:\Users\zzang\Desktop\workspace\Python\golf\src\golfdb-master\learning_video\golfdb_720p_slice\876.mp4,5,Impact,296,mediapipe,True,166.83363730754337,166.90816323092196,-143.37186919428697,-169.51941289292552,26.82714117675203,,
876,C:\Users\zzang\Desktop\workspace\Python\golf\src\golfdb-master\learning_video\golfdb_720p_slice\876.mp4,6,Mid-follow-through,304,mediapipe,True,165.7148975471697,176.9935490187528,-130.98026370093856,-168.7273074058571,29.690229446437083,,
876,C:\Users\zzang\Desktop\workspace\Python\golf\src\golfdb-master\learning_video\golfdb_720p_slice\876.mp4,7,Finish,385,mediapipe,True,32.655160393077324,,-174.42237163458915,167.44283857907314,5.759986958353106,lead_elbow_angle,missing_features:lead_elbow_angle
877,C:\Users\zzang\Desktop\workspace\Python\golf\src\golfdb-master\learning_video\golfdb_720p_slice\877.mp4,0,Address,327,mediapipe,True,174.4701358020951,172.8685698290344,-169.64231275166392,-176.63321840424635,5.233919857685258,,
877,C:\Users\zzang\Desktop\workspace\Python\golf\src\golfdb-master\learning_video\golfdb_720p_slice\877.mp4,1,Toe-up,339,mediapipe,True,161.70083561099466,173.87096797957648,171.15118588301996,-179.2609921035005,6.240996496116248,,
877,C:\Users\zzang\Desktop\workspace\Python\golf\src\golfdb-master\learning_video\golfdb_720p_slice\877.mp4,2,Mid-backswing,345,mediapipe,True,,150.59443357771937,166.14064691256178,179.97328634603008,5.476415417577598,trail_elbow_angle,missing_features:trail_elbow_angle
877,C:\Users\zzang\Desktop\workspace\Python\golf\src\golfdb-master\learning_video\golfdb_720p_slice\877.mp4,3,Top,350,mediapipe,True,,115.06519893876742,179.48325012592892,-175.62519136577245,9.454725860756088,trail_elbow_angle,missing_features:trail_elbow_angle
877,C:\Users\zzang\Desktop\workspace\Python\golf\src\golfdb-master\learning_video\golfdb_720p_slice\877.mp4,4,Mid-downswing,354,mediapipe,True,,157.07443769139581,176.97553987625372,-176.5329875674229,12.484085375773589,trail_elbow_angle,missing_features:trail_elbow_angle
877,C:\Users\zzang\Desktop\workspace\Python\golf\src\golfdb-master\learning_video\golfdb_720p_slice\877.mp4,5,Impact,357,mediapipe,True,169.03218711202817,177.43051630525522,-151.63120618749298,-179.0801360964792,17.379068921705333,,
877,C:\Users\zzang\Desktop\workspace\Python\golf\src\golfdb-master\learning_video\golfdb_720p_slice\877.mp4,6,Mid-follow-through,359,mediapipe,True,160.645808888548,161.6268629027787,-130.9677903733214,-171.0085301665037,23.87076386634553,,
877,C:\Users\zzang\Desktop\workspace\Python\golf\src\golfdb-master\learning_video\golfdb_720p_slice\877.mp4,7,Finish,377,mediapipe,True,85.47959294912084,89.74463593715161,47.83297364702999,-169.6012652654709,2.592817945735741,,
878,C:\Users\zzang\Desktop\workspace\Python\golf\src\golfdb-master\learning_video\golfdb_720p_slice\878.mp4,0,Address,1036,mediapipe,True,170.7667618006573,175.8275984976453,-169.59014222355577,-177.51274608674782,4.5371509304993225,,
878,C:\Users\zzang\Desktop\workspace\Python\golf\src\golfdb-master\learning_video\golfdb_720p_slice\878.mp4,1,Toe-up,1085,mediapipe,True,160.83897722947614,176.95910466350088,169.9913716537585,178.75046002854174,6.841080560354177,,
878,C:\Users\zzang\Desktop\workspace\Python\golf\src\golfdb-master\learning_video\golfdb_720p_slice\878.mp4,2,Mid-backswing,1107,mediapipe,True,,150.54960872334166,163.05261457383122,-179.70709010279418,6.175797072437886,trail_elbow_angle,missing_features:trail_elbow_angle
878,C:\Users\zzang\Desktop\workspace\Python\golf\src\golfdb-master\learning_video\golfdb_720p_slice\878.mp4,3,Top,1129,mediapipe,True,176.31602145356155,132.8720476481935,-178.4820610485094,-177.1859806790227,9.566493218834966,,
878,C:\Users\zzang\Desktop\workspace\Python\golf\src\golfdb-master\learning_video\golfdb_720p_slice\878.mp4,4,Mid-downswing,1142,mediapipe,True,,145.27388317584152,167.1625915856085,-176.77650010157325,9.456069431007075,trail_elbow_angle,missing_features:trail_elbow_angle
878,C:\Users\zzang\Desktop\workspace\Python\golf\src\golfdb-master\learning_video\golfdb_720p_slice\878.mp4,5,Impact,1155,mediapipe,True,174.50981731146473,172.6149715391124,-157.8065909825791,-175.87575018470898,16.846252453004077,,
878,C:\Users\zzang\Desktop\workspace\Python\golf\src\golfdb-master\learning_video\golfdb_720p_slice\878.mp4,6,Mid-follow-through,1165,mediapipe,True,166.23231351604528,166.24502160062474,-130.87959810374173,-171.68021346524336,24.165441234770107,,
878,C:\Users\zzang\Desktop\workspace\Python\golf\src\golfdb-master\learning_video\golfdb_720p_slice\878.mp4,7,Finish,1232,mediapipe,True,38.48853080095984,,-170.24423754252004,-177.02174892300258,3.870403725769609,lead_elbow_angle,missing_features:lead_elbow_angle
885,C:\Users\zzang\Desktop\workspace\Python\golf\src\golfdb-master\learning_video\golfdb_720p_slice\885.mp4,0,Address,186,mediapipe,True,165.11654375195272,164.87745238023956,-170.4983795750273,-176.4919289509823,4.154725509053748,,
885,C:\Users\zzang\Desktop\workspace\Python\golf\src\golfdb-master\learning_video\golfdb_720p_slice\885.mp4,1,Toe-up,205,mediapipe,True,,157.66189744533588,150.79461741912075,174.4140999230508,6.280919437475539,trail_elbow_angle,missing_features:trail_elbow_angle
885,C:\Users\zzang\Desktop\workspace\Python\golf\src\golfdb-master\learning_video\golfdb_720p_slice\885.mp4,2,Mid-backswing,207,mediapipe,True,,146.9693191272045,138.33382034698232,175.23831370217536,6.578138598182885,trail_elbow_angle,missing_features:trail_elbow_angle
885,C:\Users\zzang\Desktop\workspace\Python\golf\src\golfdb-master\learning_video\golfdb_720p_slice\885.mp4,3,Top,219,mediapipe,True,,96.40614589404116,169.7014075614107,177.27919661625384,6.114364571747761,trail_elbow_angle,missing_features:trail_elbow_angle
885,C:\Users\zzang\Desktop\workspace\Python\golf\src\golfdb-master\learning_video\golfdb_720p_slice\885.mp4,4,Mid-downswing,224,mediapipe,True,,145.31863159793505,174.61154192463272,-178.04205749235902,8.308596418162518,trail_elbow_angle,missing_features:trail_elbow_angle
885,C:\Users\zzang\Desktop\workspace\Python\golf\src\golfdb-master\learning_video\golfdb_720p_slice\885.mp4,5,Impact,228,mediapipe,True,143.33338392521443,178.1815665605715,-156.977813752328,-172.61556386031364,15.302771747351732,,
885,C:\Users\zzang\Desktop\workspace\Python\golf\src\golfdb-master\learning_video\golfdb_720p_slice\885.mp4,6,Mid-follow-through,230,mediapipe,True,157.9790589528684,154.73304279064683,-155.98133713141863,-171.05828180812756,14.529566821718763,,
885,C:\Users\zzang\Desktop\workspace\Python\golf\src\golfdb-master\learning_video\golfdb_720p_slice\885.mp4,7,Finish,248,mediapipe,True,162.3183375647654,,175.7171727307717,173.33580147058748,2.3080265807131113,lead_elbow_angle,missing_features:lead_elbow_angle
886,C:\Users\zzang\Desktop\workspace\Python\golf\src\golfdb-master\learning_video\golfdb_720p_slice\886.mp4,0,Address,14,mediapipe,True,164.53623110069486,165.5941435181574,-169.82720647355046,-177.30070329646708,4.247982452687468,,
886,C:\Users\zzang\Desktop\workspace\Python\golf\src\golfdb-master\learning_video\golfdb_720p_slice\886.mp4,1,Toe-up,84,mediapipe,True,,158.47325648712226,151.46257692888003,173.97591078845397,6.224606166060701,trail_elbow_angle,missing_features:trail_elbow_angle
886,C:\Users\zzang\Desktop\workspace\Python\golf\src\golfdb-master\learning_video\golfdb_720p_slice\886.mp4,2,Mid-backswing,93,mediapipe,True,,151.8825359343314,155.99613225593242,175.24744463273876,6.709526195201995,trail_elbow_angle,missing_features:trail_elbow_angle
886,C:\Users\zzang\Desktop\workspace\Python\golf\src\golfdb-master\learning_video\golfdb_720p_slice\886.mp4,3,Top,137,mediapipe,True,,83.74181160752387,179.91042734326356,176.55475589542766,4.801882381802037,trail_elbow_angle,missing_features:trail_elbow_angle
886,C:\Users\zzang\Desktop\workspace\Python\golf\src\golfdb-master\learning_video\golfdb_720p_slice\886.mp4,4,Mid-downswing,159,mediapipe,True,,142.9999763111749,158.88347707300065,178.0075743247071,8.819246056945271,trail_elbow_angle,missing_features:trail_elbow_angle
886,C:\Users\zzang\Desktop\workspace\Python\golf\src\golfdb-master\learning_video\golfdb_720p_slice\886.mp4,5,Impact,174,mediapipe,True,146.67605816603216,168.37519318875144,-156.08396321621427,-172.86439488914553,14.699047853410589,,
886,C:\Users\zzang\Desktop\workspace\Python\golf\src\golfdb-master\learning_video\golfdb_720p_slice\886.mp4,6,Mid-follow-through,184,mediapipe,True,161.29388185636572,159.43964204508745,-149.05874927674705,-169.80903849617346,15.106268908597029,,
886,C:\Users\zzang\Desktop\workspace\Python\golf\src\golfdb-master\learning_video\golfdb_720p_slice\886.mp4,7,Finish,254,mediapipe,True,,,175.16579700580002,175.5299577908128,3.7464357242259703,trail_elbow_angle|lead_elbow_angle,missing_features:trail_elbow_angle|lead_elbow_angle
889,C:\Users\zzang\Desktop\workspace\Python\golf\src\golfdb-master\learning_video\golfdb_720p_slice\889.mp4,0,Address,1,mediapipe,True,168.56938704886628,175.30431315621615,-168.80346876676035,-179.93172673069012,2.856166825846273,,
889,C:\Users\zzang\Desktop\workspace\Python\golf\src\golfdb-master\learning_video\golfdb_720p_slice\889.mp4,1,Toe-up,15,mediapipe,True,168.77373681478778,168.98400201093776,168.84629466252926,-179.6654491739335,2.6227009185611005,,
889,C:\Users\zzang\Desktop\workspace\Python\golf\src\golfdb-master\learning_video\golfdb_720p_slice\889.mp4,2,Mid-backswing,20,mediapipe,True,,142.61516606023218,166.7753189484401,-179.1594260034931,3.6085518954739917,trail_elbow_angle,missing_features:trail_elbow_angle
889,C:\Users\zzang\Desktop\workspace\Python\golf\src\golfdb-master\learning_video\golfdb_720p_slice\889.mp4,3,Top,26,mediapipe,True,127.43755605103797,116.48406637887332,168.453534249074,-179.84450835671038,3.4245046689876446,,
889,C:\Users\zzang\Desktop\workspace\Python\golf\src\golfdb-master\learning_video\golfdb_720p_slice\889.mp4,4,Mid-downswing,31,mediapipe,True,,160.25670929299204,-177.38361829202677,-176.13980363058843,6.738731957374753,trail_elbow_angle,missing_features:trail_elbow_angle
889,C:\Users\zzang\Desktop\workspace\Python\golf\src\golfdb-master\learning_video\golfdb_720p_slice\889.mp4,5,Impact,34,mediapipe,True,155.36159968065905,177.60914798232784,-149.6820250648812,-173.36244143602536,18.212675412516635,,
889,C:\Users\zzang\Desktop\workspace\Python\golf\src\golfdb-master\learning_video\golfdb_720p_slice\889.mp4,6,Mid-follow-through,36,mediapipe,True,169.2026903200466,165.40319803463615,-151.36812207231566,-172.76717225060165,15.78735062927759,,
889,C:\Users\zzang\Desktop\workspace\Python\golf\src\golfdb-master\learning_video\golfdb_720p_slice\889.mp4,7,Finish,53,mediapipe,True,91.25981792767124,,-178.87881917679582,167.35840443856463,-0.5305747860306668,lead_elbow_angle,missing_features:lead_elbow_angle
890,C:\Users\zzang\Desktop\workspace\Python\golf\src\golfdb-master\learning_video\golfdb_720p_slice\890.mp4,0,Address,76,mediapipe,True,165.84752662786158,173.4782022744794,-167.04440765202523,-175.51128392002565,2.2934936075792796,,
890,C:\Users\zzang\Desktop\workspace\Python\golf\src\golfdb-master\learning_video\golfdb_720p_slice\890.mp4,1,Toe-up,131,mediapipe,True,174.10232399898047,162.33680800866432,173.33716925623077,-179.15324915976072,3.0055864956386906,,
890,C:\Users\zzang\Desktop\workspace\Python\golf\src\golfdb-master\learning_video\golfdb_720p_slice\890.mp4,2,Mid-backswing,153,mediapipe,True,,156.5219233487639,156.24371787105804,179.54009923185487,3.033178890134908,trail_elbow_angle,missing_features:trail_elbow_angle
890,C:\Users\zzang\Desktop\workspace\Python\golf\src\golfdb-master\learning_video\golfdb_720p_slice\890.mp4,3,Top,177,mediapipe,True,94.2771078090252,125.38531658007535,164.53251625972442,179.62279204805932,3.999845169471678,,
890,C:\Users\zzang\Desktop\workspace\Python\golf\src\golfdb-master\learning_video\golfdb_720p_slice\890.mp4,4,Mid-downswing,196,mediapipe,True,,148.28145378886552,170.77642853784332,-177.88472464927128,3.8046507718946025,trail_elbow_angle,missing_features:trail_elbow_angle
890,C:\Users\zzang\Desktop\workspace\Python\golf\src\golfdb-master\learning_video\golfdb_720p_slice\890.mp4,5,Impact,209,mediapipe,True,138.64999769382976,178.78721663261456,-160.6541580783185,-175.6842933687569,12.329903607807013,,
890,C:\Users\zzang\Desktop\workspace\Python\golf\src\golfdb-master\learning_video\golfdb_720p_slice\890.mp4,6,Mid-follow-through,219,mediapipe,True,169.25528805650976,168.33088572232336,-134.21132667182619,-172.5286630294376,15.686888425245467,,
890,C:\Users\zzang\Desktop\workspace\Python\golf\src\golfdb-master\learning_video\golfdb_720p_slice\890.mp4,7,Finish,281,mediapipe,True,119.63104054458111,142.4491653088935,-159.0279458273717,164.92299404756116,-1.0232480318265278,,
893,C:\Users\zzang\Desktop\workspace\Python\golf\src\golfdb-master\learning_video\golfdb_720p_slice\893.mp4,0,Address,46,mediapipe,True,171.01647284489994,178.32116553960896,-171.14080960181434,-173.16274991273244,-0.6944446178470663,,
893,C:\Users\zzang\Desktop\workspace\Python\golf\src\golfdb-master\learning_video\golfdb_720p_slice\893.mp4,1,Toe-up,59,mediapipe,True,156.15785603713906,169.95697103221474,169.39448902123203,-179.49565645043225,2.1401127864133707,,
893,C:\Users\zzang\Desktop\workspace\Python\golf\src\golfdb-master\learning_video\golfdb_720p_slice\893.mp4,2,Mid-backswing,62,mediapipe,True,,147.90437133295356,173.09323103203872,179.16292354079584,-0.48106129276618703,trail_elbow_angle,missing_features:trail_elbow_angle
893,C:\Users\zzang\Desktop\workspace\Python\golf\src\golfdb-master\learning_video\golfdb_720p_slice\893.mp4,3,Top,70,mediapipe,True,,139.01455345069897,-171.83432689532472,-177.60381473398684,2.100071266643505,trail_elbow_angle,missing_features:trail_elbow_angle
893,C:\Users\zzang\Desktop\workspace\Python\golf\src\golfdb-master\learning_video\golfdb_720p_slice\893.mp4,4,Mid-downswing,75,mediapipe,True,,152.6246603483663,179.75196192272298,177.21570120684018,7.073295031953561,trail_elbow_angle,missing_features:trail_elbow_angle
893,C:\Users\zzang\Desktop\workspace\Python\golf\src\golfdb-master\learning_video\golfdb_720p_slice\893.mp4,5,Impact,78,mediapipe,True,157.47775649042174,168.6724015655533,-155.14382373867358,-175.54579039644645,12.468135028456954,,
893,C:\Users\zzang\Desktop\workspace\Python\golf\src\golfdb-master\learning_video\golfdb_720p_slice\893.mp4,6,Mid-follow-through,80,mediapipe,True,144.8276471576657,157.17631478606165,-144.5098000130815,-176.36869401068344,16.912315936834116,,
893,C:\Users\zzang\Desktop\workspace\Python\golf\src\golfdb-master\learning_video\golfdb_720p_slice\893.mp4,7,Finish,93,mediapipe,True,,,19.455804112225128,178.8766732999351,12.47894917677658,trail_elbow_angle|lead_elbow_angle,missing_features:trail_elbow_angle|lead_elbow_angle
894,C:\Users\zzang\Desktop\workspace\Python\golf\src\golfdb-master\learning_video\golfdb_720p_slice\894.mp4,0,Address,58,mediapipe,True,169.3031825362628,177.2417210428976,-171.2282873166674,-172.18754953667568,-0.21227443693577056,,
894,C:\Users\zzang\Desktop\workspace\Python\golf\src\golfdb-master\learning_video\golfdb_720p_slice\894.mp4,1,Toe-up,110,mediapipe,True,155.26229618452336,177.38767853829913,159.1017922316922,177.25532024874673,1.9786279743861017,,
894,C:\Users\zzang\Desktop\workspace\Python\golf\src\golfdb-master\learning_video\golfdb_720p_slice\894.mp4,2,Mid-backswing,119,mediapipe,True,,161.77126543566516,164.47381024416967,176.71870291038022,0.8161563049477019,trail_elbow_angle,missing_features:trail_elbow_angle
894,C:\Users\zzang\Desktop\workspace\Python\golf\src\golfdb-master\learning_video\golfdb_720p_slice\894.mp4,3,Top,150,mediapipe,True,,115.84786318938421,-174.7746715647101,-178.3502964189134,1.9908026516470736,trail_elbow_angle,missing_features:trail_elbow_angle
894,C:\Users\zzang\Desktop\workspace\Python\golf\src\golfdb-master\learning_video\golfdb_720p_slice\894.mp4,4,Mid-downswing,170,mediapipe,True,,154.2848999993557,173.80759553832908,177.7377479682825,3.7605876493672907,trail_elbow_angle,missing_features:trail_elbow_angle
894,C:\Users\zzang\Desktop\workspace\Python\golf\src\golfdb-master\learning_video\golfdb_720p_slice\894.mp4,5,Impact,184,mediapipe,True,159.43694878384147,171.52589801173048,-159.24428269801538,-177.72238716979265,11.29970598102151,,
894,C:\Users\zzang\Desktop\workspace\Python\golf\src\golfdb-master\learning_video\golfdb_720p_slice\894.mp4,6,Mid-follow-through,193,mediapipe,True,145.4624434663418,168.6484537670974,-137.19774406625254,-169.27342295823044,16.729762649540877,,
894,C:\Users\zzang\Desktop\workspace\Python\golf\src\golfdb-master\learning_video\golfdb_720p_slice\894.mp4,7,Finish,242,mediapipe,True,,,143.05444219693985,172.08081134232825,14.746723637653739,trail_elbow_angle|lead_elbow_angle,missing_features:trail_elbow_angle|lead_elbow_angle
907,C:\Users\zzang\Desktop\workspace\Python\golf\src\golfdb-master\learning_video\golfdb_720p_slice\907.mp4,0,Address,210,mediapipe,True,174.4580674923155,159.664005362199,-167.95500683051426,-173.07347125384422,8.081492597623937,,
907,C:\Users\zzang\Desktop\workspace\Python\golf\src\golfdb-master\learning_video\golfdb_720p_slice\907.mp4,1,Toe-up,227,mediapipe,True,167.51232760560103,163.11374876467443,153.72177383855632,177.18056664415772,7.626560690537121,,
907,C:\Users\zzang\Desktop\workspace\Python\golf\src\golfdb-master\learning_video\golfdb_720p_slice\907.mp4,2,Mid-backswing,233,mediapipe,True,171.61562087831263,146.79782506105124,144.13395448688559,173.9187967422057,7.622283699797651,,
907,C:\Users\zzang\Desktop\workspace\Python\golf\src\golfdb-master\learning_video\golfdb_720p_slice\907.mp4,3,Top,240,mediapipe,True,178.64525751064937,134.38700216261452,161.48278344080023,-179.87736223628906,13.982285872600931,,
907,C:\Users\zzang\Desktop\workspace\Python\golf\src\golfdb-master\learning_video\golfdb_720p_slice\907.mp4,4,Mid-downswing,243,mediapipe,True,,150.92521236216575,169.05003068328148,176.97011943917488,9.992458126076118,trail_elbow_angle,missing_features:trail_elbow_angle
907,C:\Users\zzang\Desktop\workspace\Python\golf\src\golfdb-master\learning_video\golfdb_720p_slice\907.mp4,5,Impact,247,mediapipe,True,151.7389960987845,171.99486734563556,-151.11798075233744,-172.85143967067307,17.81799919190925,,
907,C:\Users\zzang\Desktop\workspace\Python\golf\src\golfdb-master\learning_video\golfdb_720p_slice\907.mp4,6,Mid-follow-through,249,mediapipe,True,141.32249575552348,179.71674294466274,-136.93518165746795,-168.6947513665503,19.133319214310234,,
907,C:\Users\zzang\Desktop\workspace\Python\golf\src\golfdb-master\learning_video\golfdb_720p_slice\907.mp4,7,Finish,266,mediapipe,True,69.42163619407167,,149.4197834489775,173.78982651206985,1.8332731108147222,lead_elbow_angle,missing_features:lead_elbow_angle
908,C:\Users\zzang\Desktop\workspace\Python\golf\src\golfdb-master\learning_video\golfdb_720p_slice\908.mp4,0,Address,35,mediapipe,True,172.95947506870414,160.52262009325864,-167.57943926653638,-171.1762739726079,7.405903969516436,,
908,C:\Users\zzang\Desktop\workspace\Python\golf\src\golfdb-master\learning_video\golfdb_720p_slice\908.mp4,1,Toe-up,100,mediapipe,True,168.34560291349837,164.72386049636356,152.74927948573642,176.5054624042045,8.081725389733615,,
908,C:\Users\zzang\Desktop\workspace\Python\golf\src\golfdb-master\learning_video\golfdb_720p_slice\908.mp4,2,Mid-backswing,121,mediapipe,True,,147.96510927833899,144.0075420027743,176.253087403227,9.527621339289059,trail_elbow_angle,missing_features:trail_elbow_angle
908,C:\Users\zzang\Desktop\workspace\Python\golf\src\golfdb-master\learning_video\golfdb_720p_slice\908.mp4,3,Top,150,mediapipe,True,171.48358431921554,121.36029343140652,164.88032682669703,-176.27800400223506,12.980858754375909,,
908,C:\Users\zzang\Desktop\workspace\Python\golf\src\golfdb-master\learning_video\golfdb_720p_slice\908.mp4,4,Mid-downswing,162,mediapipe,True,,126.66462579332195,159.32844848952405,175.94190746896402,9.750293237854294,trail_elbow_angle,missing_features:trail_elbow_angle
908,C:\Users\zzang\Desktop\workspace\Python\golf\src\golfdb-master\learning_video\golfdb_720p_slice\908.mp4,5,Impact,178,mediapipe,True,150.90648704551663,148.49518519762546,-151.956258367432,-167.39222271448557,21.4949623781387,,
908,C:\Users\zzang\Desktop\workspace\Python\golf\src\golfdb-master\learning_video\golfdb_720p_slice\908.mp4,6,Mid-follow-through,186,mediapipe,True,155.91166257269316,175.94570241419274,-134.10754469704858,-167.18768500442897,21.523213893358797,,
908,C:\Users\zzang\Desktop\workspace\Python\golf\src\golfdb-master\learning_video\golfdb_720p_slice\908.mp4,7,Finish,255,mediapipe,True,65.90172936319836,44.54366433338724,77.46521348798197,122.03566295975271,1.910987499626712,,
909,C:\Users\zzang\Desktop\workspace\Python\golf\src\golfdb-master\learning_video\golfdb_720p_slice\909.mp4,0,Address,18,mediapipe,True,166.03929560518048,179.5513033306078,-167.77400374814496,-175.33819242211655,2.6887666599365856,,
909,C:\Users\zzang\Desktop\workspace\Python\golf\src\golfdb-master\learning_video\golfdb_720p_slice\909.mp4,1,Toe-up,31,mediapipe,True,80.40635349046336,175.05402514754212,170.59483558253123,-178.84581960856087,5.60293864261883,,
909,C:\Users\zzang\Desktop\workspace\Python\golf\src\golfdb-master\learning_video\golfdb_720p_slice\909.mp4,2,Mid-backswing,35,mediapipe,True,,155.89882625130846,165.40135961364223,179.9608349437076,4.80948539555391,trail_elbow_angle,missing_features:trail_elbow_angle
909,C:\Users\zzang\Desktop\workspace\Python\golf\src\golfdb-master\learning_video\golfdb_720p_slice\909.mp4,3,Top,46,mediapipe,True,,105.6907949814574,-174.6297500735488,176.55702332554972,2.0280194264327958,trail_elbow_angle,missing_features:trail_elbow_angle
909,C:\Users\zzang\Desktop\workspace\Python\golf\src\golfdb-master\learning_video\golfdb_720p_slice\909.mp4,4,Mid-downswing,52,mediapipe,True,99.17420170925446,140.94396533560553,177.4415950227252,176.86182929213396,1.9724264087761696,,
909,C:\Users\zzang\Desktop\workspace\Python\golf\src\golfdb-master\learning_video\golfdb_720p_slice\909.mp4,5,Impact,56,mediapipe,True,169.38274603778117,175.13766154036523,-151.88811907584855,-174.316062238113,16.642773234191004,,
909,C:\Users\zzang\Desktop\workspace\Python\golf\src\golfdb-master\learning_video\golfdb_720p_slice\909.mp4,6,Mid-follow-through,58,mediapipe,True,162.6211604139458,164.42546174891248,-135.9692453208649,-168.14997042187707,25.759844064635036,,
909,C:\Users\zzang\Desktop\workspace\Python\golf\src\golfdb-master\learning_video\golfdb_720p_slice\909.mp4,7,Finish,73,mediapipe,True,126.04949796179835,,-176.41211453944604,174.60241704972066,-5.460569535784219,lead_elbow_angle,missing_features:lead_elbow_angle
910,C:\Users\zzang\Desktop\workspace\Python\golf\src\golfdb-master\learning_video\golfdb_720p_slice\910.mp4,0,Address,9,mediapipe,True,171.4167046472122,169.41784904295955,-168.49698462664568,-177.64728702093714,2.8401249704777944,,
910,C:\Users\zzang\Desktop\workspace\Python\golf\src\golfdb-master\learning_video\golfdb_720p_slice\910.mp4,1,Toe-up,65,mediapipe,True,87.7561468720125,170.80595987710117,170.440712125737,-178.33813534310892,5.203175989202694,,
910,C:\Users\zzang\Desktop\workspace\Python\golf\src\golfdb-master\learning_video\golfdb_720p_slice\910.mp4,2,Mid-backswing,81,mediapipe,True,,140.42166415979676,0.9470386048562096,177.127859766962,5.064823152197001,trail_elbow_angle,missing_features:trail_elbow_angle
910,C:\Users\zzang\Desktop\workspace\Python\golf\src\golfdb-master\learning_video\golfdb_720p_slice\910.mp4,3,Top,123,mediapipe,True,,106.40266158764803,171.9685704054441,179.18569640565926,1.687454287687791,trail_elbow_angle,missing_features:trail_elbow_angle
910,C:\Users\zzang\Desktop\workspace\Python\golf\src\golfdb-master\learning_video\golfdb_720p_slice\910.mp4,4,Mid-downswing,146,mediapipe,True,103.39282351163526,139.53618912224442,179.78388097296926,177.50794015087828,1.073356518060157,,
910,C:\Users\zzang\Desktop\workspace\Python\golf\src\golfdb-master\learning_video\golfdb_720p_slice\910.mp4,5,Impact,161,mediapipe,True,170.7152449615034,167.82285786102557,-157.18838617782808,-172.91898496748678,16.210964676385693,,
910,C:\Users\zzang\Desktop\workspace\Python\golf\src\golfdb-master\learning_video\golfdb_720p_slice\910.mp4,6,Mid-follow-through,170,mediapipe,True,160.53210038758823,161.56425627744878,-130.15114054682755,-170.83706808288613,26.13621727615705,,
910,C:\Users\zzang\Desktop\workspace\Python\golf\src\golfdb-master\learning_video\golfdb_720p_slice\910.mp4,7,Finish,231,mediapipe,True,79.48728082848784,154.04734240263065,4.683288784245784,176.19392626341602,-2.686194594692523,,
911,C:\Users\zzang\Desktop\workspace\Python\golf\src\golfdb-master\learning_video\golfdb_720p_slice\911.mp4,0,Address,2,mediapipe,True,176.23529699315358,174.2631821142779,-163.59074744650076,-172.68876668018373,5.148503106001605,,
911,C:\Users\zzang\Desktop\workspace\Python\golf\src\golfdb-master\learning_video\golfdb_720p_slice\911.mp4,1,Toe-up,28,mediapipe,True,164.38082003416255,169.7764718094501,175.96947352755691,-173.37693196486757,9.944185532747442,,
911,C:\Users\zzang\Desktop\workspace\Python\golf\src\golfdb-master\learning_video\golfdb_720p_slice\911.mp4,2,Mid-backswing,32,mediapipe,True,,157.6041466877631,163.7870849794842,-179.86289364141612,11.247003146004964,trail_elbow_angle,missing_features:trail_elbow_angle
911,C:\Users\zzang\Desktop\workspace\Python\golf\src\golfdb-master\learning_video\golfdb_720p_slice\911.mp4,3,Top,42,mediapipe,True,,106.25007405339436,161.0210522858489,-179.0138049333791,8.755833213827952,trail_elbow_angle,missing_features:trail_elbow_angle
911,C:\Users\zzang\Desktop\workspace\Python\golf\src\golfdb-master\learning_video\golfdb_720p_slice\911.mp4,4,Mid-downswing,47,mediapipe,True,,144.07858062919505,167.52250424144643,-174.04477570360967,7.093383468436542,trail_elbow_angle,missing_features:trail_elbow_angle
911,C:\Users\zzang\Desktop\workspace\Python\golf\src\golfdb-master\learning_video\golfdb_720p_slice\911.mp4,5,Impact,51,mediapipe,True,161.59400007696462,168.68212153251108,-144.38179244371543,-171.32160813604293,11.178401127107652,,
911,C:\Users\zzang\Desktop\workspace\Python\golf\src\golfdb-master\learning_video\golfdb_720p_slice\911.mp4,6,Mid-follow-through,53,mediapipe,True,148.48817110429357,,-118.80779957218763,-160.82814889035475,11.352808725470098,lead_elbow_angle,missing_features:lead_elbow_angle
911,C:\Users\zzang\Desktop\workspace\Python\golf\src\golfdb-master\learning_video\golfdb_720p_slice\911.mp4,7,Finish,71,mediapipe,True,58.59263696651092,,-161.52759233120656,178.61294325990448,1.8043572344400367,lead_elbow_angle,missing_features:lead_elbow_angle
912,C:\Users\zzang\Desktop\workspace\Python\golf\src\golfdb-master\learning_video\golfdb_720p_slice\912.mp4,0,Address,57,mediapipe,True,179.34215776866992,174.83737929661137,-164.71384063302605,-174.59105584370496,5.340536978840434,,
912,C:\Users\zzang\Desktop\workspace\Python\golf\src\golfdb-master\learning_video\golfdb_720p_slice\912.mp4,1,Toe-up,121,mediapipe,True,166.9771664531141,170.2029741783116,172.52922689545318,-173.72727305166825,10.479063623429196,,
912,C:\Users\zzang\Desktop\workspace\Python\golf\src\golfdb-master\learning_video\golfdb_720p_slice\912.mp4,2,Mid-backswing,138,mediapipe,True,,155.66292401913788,165.5655651418534,-179.03134466391597,11.707202351365948,trail_elbow_angle,missing_features:trail_elbow_angle
912,C:\Users\zzang\Desktop\workspace\Python\golf\src\golfdb-master\learning_video\golfdb_720p_slice\912.mp4,3,Top,178,mediapipe,True,,61.01270137705531,177.98714513952723,-177.51750138453198,8.10307321208588,trail_elbow_angle,missing_features:trail_elbow_angle
912,C:\Users\zzang\Desktop\workspace\Python\golf\src\golfdb-master\learning_video\golfdb_720p_slice\912.mp4,4,Mid-downswing,196,mediapipe,True,,140.94533278092396,165.1175473511829,-174.46642585604204,8.135979675903267,trail_elbow_angle,missing_features:trail_elbow_angle
912,C:\Users\zzang\Desktop\workspace\Python\golf\src\golfdb-master\learning_video\golfdb_720p_slice\912.mp4,5,Impact,211,mediapipe,True,167.1913068008801,172.76748897749212,-152.09627743851658,-173.63223003179453,9.121163949560671,,
912,C:\Users\zzang\Desktop\workspace\Python\golf\src\golfdb-master\learning_video\golfdb_720p_slice\912.mp4,6,Mid-follow-through,221,mediapipe,True,145.65816157456956,,-124.35686654697082,-161.3361114561826,11.989763220823232,lead_elbow_angle,missing_features:lead_elbow_angle
912,C:\Users\zzang\Desktop\workspace\Python\golf\src\golfdb-master\learning_video\golfdb_720p_slice\912.mp4,7,Finish,299,mediapipe,True,61.57089748651218,,-166.21480376312317,178.87892425506362,2.9084019632890437,lead_elbow_angle,missing_features:lead_elbow_angle
913,C:\Users\zzang\Desktop\workspace\Python\golf\src\golfdb-master\learning_video\golfdb_720p_slice\913.mp4,0,Address,104,mediapipe,True,176.43569204397085,178.98754316353526,-170.1057724910162,-175.45529370917612,1.2621498667628448,,
913,C:\Users\zzang\Desktop\workspace\Python\golf\src\golfdb-master\learning_video\golfdb_720p_slice\913.mp4,1,Toe-up,117,mediapipe,True,178.0029613594611,178.3084604770865,173.21288555680707,-177.5974551111885,7.203529800839235,,
913,C:\Users\zzang\Desktop\workspace\Python\golf\src\golfdb-master\learning_video\golfdb_720p_slice\913.mp4,2,Mid-backswing,126,mediapipe,True,,149.72211851388943,-176.4781690423236,-178.39581111253585,4.353050286515092,trail_elbow_angle,missing_features:trail_elbow_angle
913,C:\Users\zzang\Desktop\workspace\Python\golf\src\golfdb-master\learning_video\golfdb_720p_slice\913.mp4,3,Top,131,mediapipe,True,133.62660489974527,171.3597538101387,-179.61280952928524,179.08228166017156,7.350922718019311,,
913,C:\Users\zzang\Desktop\workspace\Python\golf\src\golfdb-master\learning_video\golfdb_720p_slice\913.mp4,4,Mid-downswing,135,mediapipe,True,84.01394152306992,135.29216091131835,-171.53721791622917,-176.07299897736164,9.04110450484976,,
913,C:\Users\zzang\Desktop\workspace\Python\golf\src\golfdb-master\learning_video\golfdb_720p_slice\913.mp4,5,Impact,139,mediapipe,True,173.45065450614686,164.28180330367064,-165.71809076816282,-171.48043139382727,14.789878340269118,,
913,C:\Users\zzang\Desktop\workspace\Python\golf\src\golfdb-master\learning_video\golfdb_720p_slice\913.mp4,6,Mid-follow-through,141,mediapipe,True,163.27984007861215,174.36898204569573,-152.43188436530187,-173.03794825605402,13.75099198669531,,
913,C:\Users\zzang\Desktop\workspace\Python\golf\src\golfdb-master\learning_video\golfdb_720p_slice\913.mp4,7,Finish,162,mediapipe,True,165.4674876131688,130.0344944073925,-166.56307245955017,178.88693973364207,5.49446624478651,,
914,C:\Users\zzang\Desktop\workspace\Python\golf\src\golfdb-master\learning_video\golfdb_720p_slice\914.mp4,0,Address,47,mediapipe,True,177.25742406851813,179.09059977944105,-168.78304460532044,-176.163883638829,1.5463423895765445,,
914,C:\Users\zzang\Desktop\workspace\Python\golf\src\golfdb-master\learning_video\golfdb_720p_slice\914.mp4,1,Toe-up,102,mediapipe,True,171.99041610782245,179.37246732587124,167.68995758530656,-179.4818084405973,7.890121619391141,,
914,C:\Users\zzang\Desktop\workspace\Python\golf\src\golfdb-master\learning_video\golfdb_720p_slice\914.mp4,2,Mid-backswing,135,mediapipe,True,,153.859587962128,174.06483972946384,-178.93373508054046,4.5600008311977005,trail_elbow_angle,missing_features:trail_elbow_angle
914,C:\Users\zzang\Desktop\workspace\Python\golf\src\golfdb-master\learning_video\golfdb_720p_slice\914.mp4,3,Top,157,mediapipe,True,139.5083937399763,123.5612450702351,25.04524554129662,173.18369049665685,7.0218866026521845,,
914,C:\Users\zzang\Desktop\workspace\Python\golf\src\golfdb-master\learning_video\golfdb_720p_slice\914.mp4,4,Mid-downswing,172,mediapipe,True,83.93562442291483,130.23816086498832,-169.89968864043524,-176.79534388598043,8.406511263726236,,
914,C:\Users\zzang\Desktop\workspace\Python\golf\src\golfdb-master\learning_video\golfdb_720p_slice\914.mp4,5,Impact,188,mediapipe,True,168.96485094414754,172.5979235031363,-161.32996790598946,-175.16566662909315,14.212540388851197,,
914,C:\Users\zzang\Desktop\workspace\Python\golf\src\golfdb-master\learning_video\golfdb_720p_slice\914.mp4,6,Mid-follow-through,198,mediapipe,True,151.6940808005965,163.82512526670172,-162.8267276400621,-174.4107016819652,14.790681065179108,,
914,C:\Users\zzang\Desktop\workspace\Python\golf\src\golfdb-master\learning_video\golfdb_720p_slice\914.mp4,7,Finish,280,mediapipe,True,160.25885929361917,135.72902609318552,-168.18117457520987,-179.89678554240882,4.669510460301355,,
919,C:\Users\zzang\Desktop\workspace\Python\golf\src\golfdb-master\learning_video\golfdb_720p_slice\919.mp4,0,Address,250,mediapipe,True,167.68714504951635,176.51924752692963,-169.62849434319813,-173.96095208813375,5.263545141670378,,
919,C:\Users\zzang\Desktop\workspace\Python\golf\src\golfdb-master\learning_video\golfdb_720p_slice\919.mp4,1,Toe-up,266,mediapipe,True,169.96800416377,177.67946601083122,163.0121397505228,-179.76708660687896,9.565757758515023,,
919,C:\Users\zzang\Desktop\workspace\Python\golf\src\golfdb-master\learning_video\golfdb_720p_slice\919.mp4,2,Mid-backswing,273,mediapipe,True,,152.8170784470461,146.74353693772372,177.83616083775271,9.604113169607023,trail_elbow_angle,missing_features:trail_elbow_angle
919,C:\Users\zzang\Desktop\workspace\Python\golf\src\golfdb-master\learning_video\golfdb_720p_slice\919.mp4,3,Top,280,mediapipe,True,154.4199367820816,109.23025103521576,-179.8978833611416,-178.07396268661958,5.910352796725296,,
919,C:\Users\zzang\Desktop\workspace\Python\golf\src\golfdb-master\learning_video\golfdb_720p_slice\919.mp4,4,Mid-downswing,286,mediapipe,True,,139.24944719392144,172.66013571780886,179.54410071717106,9.611883626685193,trail_elbow_angle,missing_features:trail_elbow_angle
919,C:\Users\zzang\Desktop\workspace\Python\golf\src\golfdb-master\learning_video\golfdb_720p_slice\919.mp4,5,Impact,289,mediapipe,True,170.0387606979877,161.32227768859073,-154.91513069104232,-171.73518984740127,24.11253769669279,,
919,C:\Users\zzang\Desktop\workspace\Python\golf\src\golfdb-master\learning_video\golfdb_720p_slice\919.mp4,6,Mid-follow-through,291,mediapipe,True,155.2945468829644,158.83838103399114,-142.9229107318828,-175.66749638269533,26.367552034289155,,
919,C:\Users\zzang\Desktop\workspace\Python\golf\src\golfdb-master\learning_video\golfdb_720p_slice\919.mp4,7,Finish,305,mediapipe,True,121.22686984813542,85.48603998279981,87.92946371088755,164.31280380200093,11.485626863591271,,
920,C:\Users\zzang\Desktop\workspace\Python\golf\src\golfdb-master\learning_video\golfdb_720p_slice\920.mp4,0,Address,76,mediapipe,True,169.31812407794234,172.33924988808823,-168.8268901970909,-173.2176867195728,5.000342160600487,,
920,C:\Users\zzang\Desktop\workspace\Python\golf\src\golfdb-master\learning_video\golfdb_720p_slice\920.mp4,1,Toe-up,136,mediapipe,True,166.54079772374035,175.3679397530591,162.49405553233782,-179.8671775327824,8.3621360378959,,
920,C:\Users\zzang\Desktop\workspace\Python\golf\src\golfdb-master\learning_video\golfdb_720p_slice\920.mp4,2,Mid-backswing,161,mediapipe,True,,154.7066623648374,144.64213339540365,-179.80823030903684,10.10026898422126,trail_elbow_angle,missing_features:trail_elbow_angle
920,C:\Users\zzang\Desktop\workspace\Python\golf\src\golfdb-master\learning_video\golfdb_720p_slice\920.mp4,3,Top,195,mediapipe,True,149.7430351425787,100.9991511311149,-176.3717061791536,-176.6398045374818,6.538744364585356,,
920,C:\Users\zzang\Desktop\workspace\Python\golf\src\golfdb-master\learning_video\golfdb_720p_slice\920.mp4,4,Mid-downswing,213,mediapipe,True,,145.059396386352,156.057223682098,177.98869426170148,7.947750736748668,trail_elbow_angle,missing_features:trail_elbow_angle
920,C:\Users\zzang\Desktop\workspace\Python\golf\src\golfdb-master\learning_video\golfdb_720p_slice\920.mp4,5,Impact,227,mediapipe,True,166.0808761908877,174.34856347584096,-147.69348485817423,-171.6732117195375,23.099597568374183,,
920,C:\Users\zzang\Desktop\workspace\Python\golf\src\golfdb-master\learning_video\golfdb_720p_slice\920.mp4,6,Mid-follow-through,235,mediapipe,True,152.84342391919864,162.03384278861063,-138.45325692776282,-175.2548891834236,25.166623325441662,,
920,C:\Users\zzang\Desktop\workspace\Python\golf\src\golfdb-master\learning_video\golfdb_720p_slice\920.mp4,7,Finish,290,mediapipe,True,141.83590521675922,97.24207203965233,119.43640357208278,162.56797484015374,11.812765876050188,,
935,C:\Users\zzang\Desktop\workspace\Python\golf\src\golfdb-master\learning_video\golfdb_720p_slice\935.mp4,0,Address,210,mediapipe,True,177.31207697254843,174.3085031548521,-161.27185525420055,-173.18615435401833,8.514793522220343,,
935,C:\Users\zzang\Desktop\workspace\Python\golf\src\golfdb-master\learning_video\golfdb_720p_slice\935.mp4,1,Toe-up,223,mediapipe,True,163.56942661655688,179.02136255384082,174.1352931125055,-175.7671343662286,9.124818447340042,,
935,C:\Users\zzang\Desktop\workspace\Python\golf\src\golfdb-master\learning_video\golfdb_720p_slice\935.mp4,2,Mid-backswing,229,mediapipe,True,,152.40609831892542,-176.4294745590678,-176.82943836289996,12.157543351077853,trail_elbow_angle,missing_features:trail_elbow_angle
935,C:\Users\zzang\Desktop\workspace\Python\golf\src\golfdb-master\learning_video\golfdb_720p_slice\935.mp4,3,Top,236,mediapipe,True,,110.3228706066227,33.237822075390206,-177.14972142236394,12.078223339619624,trail_elbow_angle,missing_features:trail_elbow_angle
935,C:\Users\zzang\Desktop\workspace\Python\golf\src\golfdb-master\learning_video\golfdb_720p_slice\935.mp4,4,Mid-downswing,241,mediapipe,True,135.04754274590567,150.0167361101154,175.14551245053437,-176.06016816379292,10.615697073555786,,
935,C:\Users\zzang\Desktop\workspace\Python\golf\src\golfdb-master\learning_video\golfdb_720p_slice\935.mp4,5,Impact,245,mediapipe,True,158.92767083025805,178.12853446799565,-142.66190398587494,-172.15074807499457,23.441002547138318,,
935,C:\Users\zzang\Desktop\workspace\Python\golf\src\golfdb-master\learning_video\golfdb_720p_slice\935.mp4,6,Mid-follow-through,247,mediapipe,True,164.47121531663524,154.422201831464,-124.88637866316748,-160.10644304224778,25.765241117898725,,
935,C:\Users\zzang\Desktop\workspace\Python\golf\src\golfdb-master\learning_video\golfdb_720p_slice\935.mp4,7,Finish,264,mediapipe,True,56.70109134811736,99.84126664222711,-161.80698439755747,-177.28589453540835,5.576812200125229,,
936,C:\Users\zzang\Desktop\workspace\Python\golf\src\golfdb-master\learning_video\golfdb_720p_slice\936.mp4,0,Address,57,mediapipe,True,179.6062666667041,173.07281922929553,-164.68018545510475,-174.54303771342356,7.198493654345529,,
936,C:\Users\zzang\Desktop\workspace\Python\golf\src\golfdb-master\learning_video\golfdb_720p_slice\936.mp4,1,Toe-up,109,mediapipe,True,164.88487010654788,179.15838881020207,177.532043085231,-176.08913343454415,8.971368062939586,,
936,C:\Users\zzang\Desktop\workspace\Python\golf\src\golfdb-master\learning_video\golfdb_720p_slice\936.mp4,2,Mid-backswing,133,mediapipe,True,,166.6595330487398,178.2284340015201,-177.31743954323983,9.773215550944732,trail_elbow_angle,missing_features:trail_elbow_angle
936,C:\Users\zzang\Desktop\workspace\Python\golf\src\golfdb-master\learning_video\golfdb_720p_slice\936.mp4,3,Top,165,mediapipe,True,,87.68815121545686,-170.36292932798574,-174.38892079896732,11.134880410667972,trail_elbow_angle,missing_features:trail_elbow_angle
936,C:\Users\zzang\Desktop\workspace\Python\golf\src\golfdb-master\learning_video\golfdb_720p_slice\936.mp4,4,Mid-downswing,182,mediapipe,True,,158.02979640204788,170.33907570597063,-178.8021796703095,8.803699143350203,trail_elbow_angle,missing_features:trail_elbow_angle
936,C:\Users\zzang\Desktop\workspace\Python\golf\src\golfdb-master\learning_video\golfdb_720p_slice\936.mp4,5,Impact,196,mediapipe,True,165.1475095032166,178.65681893930966,-141.05706229129984,-162.5884011124532,20.0804192727873,,
936,C:\Users\zzang\Desktop\workspace\Python\golf\src\golfdb-master\learning_video\golfdb_720p_slice\936.mp4,6,Mid-follow-through,204,mediapipe,True,175.23355567191555,157.52261791456436,-138.08470314153487,-166.40241493502216,26.755190180961794,,
936,C:\Users\zzang\Desktop\workspace\Python\golf\src\golfdb-master\learning_video\golfdb_720p_slice\936.mp4,7,Finish,274,mediapipe,True,59.99074939496835,118.25863772339268,-164.66993635747278,-173.99634352728688,5.48059004241972,,
947,C:\Users\zzang\Desktop\workspace\Python\golf\src\golfdb-master\learning_video\golfdb_720p_slice\947.mp4,0,Address,422,mediapipe,True,175.06201559775863,175.32875842159552,-164.28161500216768,-173.19630896823782,6.759172547031935,,
947,C:\Users\zzang\Desktop\workspace\Python\golf\src\golfdb-master\learning_video\golfdb_720p_slice\947.mp4,1,Toe-up,433,mediapipe,True,156.41488131874294,179.9043849319679,159.9623248097549,179.0699941311174,9.008312418555445,,
947,C:\Users\zzang\Desktop\workspace\Python\golf\src\golfdb-master\learning_video\golfdb_720p_slice\947.mp4,2,Mid-backswing,437,mediapipe,True,,143.77785008885502,170.52460867682743,178.24166452213365,10.311187603387175,trail_elbow_angle,missing_features:trail_elbow_angle
947,C:\Users\zzang\Desktop\workspace\Python\golf\src\golfdb-master\learning_video\golfdb_720p_slice\947.mp4,3,Top,443,mediapipe,True,,96.32253344380605,178.26159219014102,-178.93068498063073,7.0389420623777585,trail_elbow_angle,missing_features:trail_elbow_angle
947,C:\Users\zzang\Desktop\workspace\Python\golf\src\golfdb-master\learning_video\golfdb_720p_slice\947.mp4,4,Mid-downswing,447,mediapipe,True,117.83779906176213,136.87972516663018,175.15978876813497,-179.26195765975734,7.331353896526154,,
947,C:\Users\zzang\Desktop\workspace\Python\golf\src\golfdb-master\learning_video\golfdb_720p_slice\947.mp4,5,Impact,451,mediapipe,True,156.16718979973675,177.73950134606653,-149.64283097063637,-170.881742355022,16.64889093906608,,
947,C:\Users\zzang\Desktop\workspace\Python\golf\src\golfdb-master\learning_video\golfdb_720p_slice\947.mp4,6,Mid-follow-through,452,mediapipe,True,167.12278383511526,166.9037976425046,-136.50401255205725,-169.44552457033055,16.00955441303673,,
947,C:\Users\zzang\Desktop\workspace\Python\golf\src\golfdb-master\learning_video\golfdb_720p_slice\947.mp4,7,Finish,469,mediapipe,True,38.19564220556942,,-163.48642067369778,171.44770632613432,4.840287264167108,lead_elbow_angle,missing_features:lead_elbow_angle
948,C:\Users\zzang\Desktop\workspace\Python\golf\src\golfdb-master\learning_video\golfdb_720p_slice\948.mp4,0,Address,62,mediapipe,True,173.48424041163022,175.260853317216,-163.71727509196413,-172.0674000820596,6.3654905996309346,,
948,C:\Users\zzang\Desktop\workspace\Python\golf\src\golfdb-master\learning_video\golfdb_720p_slice\948.mp4,1,Toe-up,103,mediapipe,True,161.61848694214964,173.75823080766662,161.90650035577863,179.78857399129348,10.052321924380667,,
948,C:\Users\zzang\Desktop\workspace\Python\golf\src\golfdb-master\learning_video\golfdb_720p_slice\948.mp4,2,Mid-backswing,120,mediapipe,True,133.35379620240914,145.72453566673695,168.59183114082415,178.96377030873288,9.884651535652116,,
948,C:\Users\zzang\Desktop\workspace\Python\golf\src\golfdb-master\learning_video\golfdb_720p_slice\948.mp4,3,Top,146,mediapipe,True,,108.51737954284614,171.38616694461558,178.2236604437346,6.825763470065559,trail_elbow_angle,missing_features:trail_elbow_angle
948,C:\Users\zzang\Desktop\workspace\Python\golf\src\golfdb-master\learning_video\golfdb_720p_slice\948.mp4,4,Mid-downswing,161,mediapipe,True,,137.0499462572159,160.83745257549592,177.63017618609797,7.465298062297884,trail_elbow_angle,missing_features:trail_elbow_angle
948,C:\Users\zzang\Desktop\workspace\Python\golf\src\golfdb-master\learning_video\golfdb_720p_slice\948.mp4,5,Impact,174,mediapipe,True,154.58485612109067,175.5955025353429,-158.59218458189963,-173.71119736307543,16.358995711696256,,
948,C:\Users\zzang\Desktop\workspace\Python\golf\src\golfdb-master\learning_video\golfdb_720p_slice\948.mp4,6,Mid-follow-through,182,mediapipe,True,178.81520123760663,160.35852562896198,-131.71005980407557,-164.56311967715712,15.991655839303123,,
948,C:\Users\zzang\Desktop\workspace\Python\golf\src\golfdb-master\learning_video\golfdb_720p_slice\948.mp4,7,Finish,243,mediapipe,True,39.595323686341104,,-162.43205134240665,171.27884244640495,4.69296482108946,lead_elbow_angle,missing_features:lead_elbow_angle
961,C:\Users\zzang\Desktop\workspace\Python\golf\src\golfdb-master\learning_video\golfdb_720p_slice\961.mp4,0,Address,236,mediapipe,True,173.2868434927358,176.18091142800776,-168.85965425846751,-174.56820126238208,9.913612499816782,,
961,C:\Users\zzang\Desktop\workspace\Python\golf\src\golfdb-master\learning_video\golfdb_720p_slice\961.mp4,1,Toe-up,257,mediapipe,True,163.02531554580403,151.31291266743864,169.36525486848168,-175.89101958020515,14.38270000590513,,
961,C:\Users\zzang\Desktop\workspace\Python\golf\src\golfdb-master\learning_video\golfdb_720p_slice\961.mp4,2,Mid-backswing,263,mediapipe,True,,149.26208939997116,135.66044211594817,-179.29158453562687,14.477531000186058,trail_elbow_angle,missing_features:trail_elbow_angle
961,C:\Users\zzang\Desktop\workspace\Python\golf\src\golfdb-master\learning_video\golfdb_720p_slice\961.mp4,3,Top,271,mediapipe,True,,82.5871586752472,166.14143664281266,-176.66715504143556,9.655194681033818,trail_elbow_angle,missing_features:trail_elbow_angle
961,C:\Users\zzang\Desktop\workspace\Python\golf\src\golfdb-master\learning_video\golfdb_720p_slice\961.mp4,4,Mid-downswing,275,mediapipe,True,106.94899980483834,,-179.81360144653098,-178.3253524973905,10.142598363098971,lead_elbow_angle,missing_features:lead_elbow_angle
961,C:\Users\zzang\Desktop\workspace\Python\golf\src\golfdb-master\learning_video\golfdb_720p_slice\961.mp4,5,Impact,279,mediapipe,True,160.4599054661834,175.80087266545536,-142.19213746490504,-171.65373988711696,14.251036479249898,,
961,C:\Users\zzang\Desktop\workspace\Python\golf\src\golfdb-master\learning_video\golfdb_720p_slice\961.mp4,6,Mid-follow-through,281,mediapipe,True,170.81052354720364,,-126.29667220768532,-171.6043732604102,5.902076060886556,lead_elbow_angle,missing_features:lead_elbow_angle
961,C:\Users\zzang\Desktop\workspace\Python\golf\src\golfdb-master\learning_video\golfdb_720p_slice\961.mp4,7,Finish,300,mediapipe,True,,83.22466614846164,7.111324464928718,-22.748067609202796,-2.319811276241134,trail_elbow_angle,missing_features:trail_elbow_angle
962,C:\Users\zzang\Desktop\workspace\Python\golf\src\golfdb-master\learning_video\golfdb_720p_slice\962.mp4,0,Address,34,mediapipe,True,174.05859326924949,176.6795630486604,-168.77679521659496,-172.14661051384192,10.95888456857509,,
962,C:\Users\zzang\Desktop\workspace\Python\golf\src\golfdb-master\learning_video\golfdb_720p_slice\962.mp4,1,Toe-up,110,mediapipe,True,168.0054128730608,153.78985284517412,164.7121093656235,-177.9439084430376,14.014335643790046,,
962,C:\Users\zzang\Desktop\workspace\Python\golf\src\golfdb-master\learning_video\golfdb_720p_slice\962.mp4,2,Mid-backswing,136,mediapipe,True,,147.84058094629316,124.92373309293838,-179.9304595825683,15.819838272237263,trail_elbow_angle,missing_features:trail_elbow_angle
962,C:\Users\zzang\Desktop\workspace\Python\golf\src\golfdb-master\learning_video\golfdb_720p_slice\962.mp4,3,Top,169,mediapipe,True,,117.25590954442863,176.28802150834343,-175.2984013353468,10.160937783893976,trail_elbow_angle,missing_features:trail_elbow_angle
962,C:\Users\zzang\Desktop\workspace\Python\golf\src\golfdb-master\learning_video\golfdb_720p_slice\962.mp4,4,Mid-downswing,184,mediapipe,True,,142.33400179572942,179.71444672345567,-178.82476017401714,9.331189525017656,trail_elbow_angle,missing_features:trail_elbow_angle
962,C:\Users\zzang\Desktop\workspace\Python\golf\src\golfdb-master\learning_video\golfdb_720p_slice\962.mp4,5,Impact,198,mediapipe,True,151.04367033175717,173.2233388664566,-148.59165041180844,-174.82490612599173,12.608727414695913,,
962,C:\Users\zzang\Desktop\workspace\Python\golf\src\golfdb-master\learning_video\golfdb_720p_slice\962.mp4,6,Mid-follow-through,207,mediapipe,True,165.6231014341884,,-123.49198828365782,-170.23574578150286,7.719063754173566,lead_elbow_angle,missing_features:lead_elbow_angle
962,C:\Users\zzang\Desktop\workspace\Python\golf\src\golfdb-master\learning_video\golfdb_720p_slice\962.mp4,7,Finish,283,mediapipe,True,113.10625667637827,127.75094133095155,-12.039704838933817,-71.16766880312682,-3.1047023214838907,,
969,C:\Users\zzang\Desktop\workspace\Python\golf\src\golfdb-master\learning_video\golfdb_720p_slice\969.mp4,0,Address,183,mediapipe,True,174.3881457689522,178.48807439738943,-172.70838330747878,-178.44415271924854,2.155045087871334,,
969,C:\Users\zzang\Desktop\workspace\Python\golf\src\golfdb-master\learning_video\golfdb_720p_slice\969.mp4,1,Toe-up,200,mediapipe,True,161.55278494893994,176.2295605108098,165.80262787633993,-178.83726727597298,5.509369304729899,,
969,C:\Users\zzang\Desktop\workspace\Python\golf\src\golfdb-master\learning_video\golfdb_720p_slice\969.mp4,2,Mid-backswing,204,mediapipe,True,,160.59267768413596,145.17462081875695,179.5342495421572,4.887067809546413,trail_elbow_angle,missing_features:trail_elbow_angle
969,C:\Users\zzang\Desktop\workspace\Python\golf\src\golfdb-master\learning_video\golfdb_720p_slice\969.mp4,3,Top,212,mediapipe,True,,72.3370469110096,-177.16869038412776,-176.5328910485504,5.954839469015173,trail_elbow_angle,missing_features:trail_elbow_angle
969,C:\Users\zzang\Desktop\workspace\Python\golf\src\golfdb-master\learning_video\golfdb_720p_slice\969.mp4,4,Mid-downswing,217,mediapipe,True,,134.5534780020103,177.19397284625333,177.75519865111542,8.279680967054906,trail_elbow_angle,missing_features:trail_elbow_angle
969,C:\Users\zzang\Desktop\workspace\Python\golf\src\golfdb-master\learning_video\golfdb_720p_slice\969.mp4,5,Impact,221,mediapipe,True,168.93284862354457,165.52885485587885,-157.88919821535026,-175.56855115107103,14.816806470737008,,
969,C:\Users\zzang\Desktop\workspace\Python\golf\src\golfdb-master\learning_video\golfdb_720p_slice\969.mp4,6,Mid-follow-through,223,mediapipe,True,148.56879599087577,178.79389785276786,-146.7492560059627,-174.00074951755403,18.210733026004974,,
969,C:\Users\zzang\Desktop\workspace\Python\golf\src\golfdb-master\learning_video\golfdb_720p_slice\969.mp4,7,Finish,244,mediapipe,True,41.86861185099562,,-172.32717694651976,178.3058655652903,2.3921007080229693,lead_elbow_angle,missing_features:lead_elbow_angle
970,C:\Users\zzang\Desktop\workspace\Python\golf\src\golfdb-master\learning_video\golfdb_720p_slice\970.mp4,0,Address,13,mediapipe,True,177.87200665326347,177.3886963395843,-172.7641512786119,-178.37030290884329,2.6510646620516156,,
970,C:\Users\zzang\Desktop\workspace\Python\golf\src\golfdb-master\learning_video\golfdb_720p_slice\970.mp4,1,Toe-up,80,mediapipe,True,,172.90817635388896,162.25707933329016,-179.3533836970085,6.317485810454485,trail_elbow_angle,missing_features:trail_elbow_angle
970,C:\Users\zzang\Desktop\workspace\Python\golf\src\golfdb-master\learning_video\golfdb_720p_slice\970.mp4,2,Mid-backswing,95,mediapipe,True,,151.66184298639374,110.20968701102707,177.3568191892369,4.431932678510734,trail_elbow_angle,missing_features:trail_elbow_angle
970,C:\Users\zzang\Desktop\workspace\Python\golf\src\golfdb-master\learning_video\golfdb_720p_slice\970.mp4,3,Top,128,mediapipe,True,159.33145982259987,90.22860966129971,-178.84620477902928,-178.20231578960727,6.995275760321171,,
970,C:\Users\zzang\Desktop\workspace\Python\golf\src\golfdb-master\learning_video\golfdb_720p_slice\970.mp4,4,Mid-downswing,148,mediapipe,True,,145.57672152153273,-177.29985903052437,178.82072605988273,5.38894509225499,trail_elbow_angle,missing_features:trail_elbow_angle
970,C:\Users\zzang\Desktop\workspace\Python\golf\src\golfdb-master\learning_video\golfdb_720p_slice\970.mp4,5,Impact,160,mediapipe,True,178.42078886614965,163.85574413927955,-158.0468243806944,-176.397079429811,15.400057942228417,,
970,C:\Users\zzang\Desktop\workspace\Python\golf\src\golfdb-master\learning_video\golfdb_720p_slice\970.mp4,6,Mid-follow-through,170,mediapipe,True,159.90485810391883,171.0473718265793,-142.64841335712723,-173.1419843221827,19.53807169038262,,
970,C:\Users\zzang\Desktop\workspace\Python\golf\src\golfdb-master\learning_video\golfdb_720p_slice\970.mp4,7,Finish,247,mediapipe,True,54.2327530316577,,-172.50567949704197,-179.37548121237123,5.055596087850316,lead_elbow_angle,missing_features:lead_elbow_angle
971,C:\Users\zzang\Desktop\workspace\Python\golf\src\golfdb-master\learning_video\golfdb_720p_slice\971.mp4,0,Address,224,mediapipe,True,172.46658913851957,169.31417443524396,-166.6350200619494,-178.05842945355593,5.656464839030046,,
971,C:\Users\zzang\Desktop\workspace\Python\golf\src\golfdb-master\learning_video\golfdb_720p_slice\971.mp4,1,Toe-up,246,mediapipe,True,166.47749772665117,178.3074584669011,162.1144737816792,-178.41868803631215,7.543005946416167,,
971,C:\Users\zzang\Desktop\workspace\Python\golf\src\golfdb-master\learning_video\golfdb_720p_slice\971.mp4,2,Mid-backswing,252,mediapipe,True,,150.87991065401957,163.44231195823565,-177.30261428140915,8.365294372316663,trail_elbow_angle,missing_features:trail_elbow_angle
971,C:\Users\zzang\Desktop\workspace\Python\golf\src\golfdb-master\learning_video\golfdb_720p_slice\971.mp4,3,Top,261,mediapipe,True,159.993331102821,126.67757749092777,174.2885135876947,-176.23800206341795,11.018540626249013,,
971,C:\Users\zzang\Desktop\workspace\Python\golf\src\golfdb-master\learning_video\golfdb_720p_slice\971.mp4,4,Mid-downswing,265,mediapipe,True,,145.68368297352927,169.0251865242059,-177.8425890037367,13.592033532758348,trail_elbow_angle,missing_features:trail_elbow_angle
971,C:\Users\zzang\Desktop\workspace\Python\golf\src\golfdb-master\learning_video\golfdb_720p_slice\971.mp4,5,Impact,268,mediapipe,True,164.71543208833427,168.3735839981884,-145.91943450639852,-168.6955985705244,22.95930775304384,,
971,C:\Users\zzang\Desktop\workspace\Python\golf\src\golfdb-master\learning_video\golfdb_720p_slice\971.mp4,6,Mid-follow-through,270,mediapipe,True,158.48834082424545,166.72354922355234,-132.12728256562826,-168.68635594823016,16.9225844452883,,
971,C:\Users\zzang\Desktop\workspace\Python\golf\src\golfdb-master\learning_video\golfdb_720p_slice\971.mp4,7,Finish,286,mediapipe,True,66.60460328948552,81.24154896827672,-167.21090145536363,178.88558378073452,8.981544460891001,,
972,C:\Users\zzang\Desktop\workspace\Python\golf\src\golfdb-master\learning_video\golfdb_720p_slice\972.mp4,0,Address,10,mediapipe,True,169.9068702999978,167.55819640179158,-167.8212195095845,-176.56142657997907,4.741552947819851,,
972,C:\Users\zzang\Desktop\workspace\Python\golf\src\golfdb-master\learning_video\golfdb_720p_slice\972.mp4,1,Toe-up,90,mediapipe,True,168.6872713509312,177.80567798921783,160.15931814868668,-179.9549070819548,7.371630915335369,,
972,C:\Users\zzang\Desktop\workspace\Python\golf\src\golfdb-master\learning_video\golfdb_720p_slice\972.mp4,2,Mid-backswing,113,mediapipe,True,,157.11209369382524,162.94037710887147,-178.06786883097087,7.965729427904831,trail_elbow_angle,missing_features:trail_elbow_angle
972,C:\Users\zzang\Desktop\workspace\Python\golf\src\golfdb-master\learning_video\golfdb_720p_slice\972.mp4,3,Top,156,mediapipe,True,,122.88588396061265,176.49895083343947,-174.50993636790028,11.075224233896842,trail_elbow_angle,missing_features:trail_elbow_angle
972,C:\Users\zzang\Desktop\workspace\Python\golf\src\golfdb-master\learning_video\golfdb_720p_slice\972.mp4,4,Mid-downswing,167,mediapipe,True,,143.70255819032639,164.73656338120642,-178.77620724921155,12.040964333657358,trail_elbow_angle,missing_features:trail_elbow_angle
972,C:\Users\zzang\Desktop\workspace\Python\golf\src\golfdb-master\learning_video\golfdb_720p_slice\972.mp4,5,Impact,181,mediapipe,True,154.08105706334007,170.70094486610313,-142.1815182082756,-168.63521889354084,22.793077132585022,,
972,C:\Users\zzang\Desktop\workspace\Python\golf\src\golfdb-master\learning_video\golfdb_720p_slice\972.mp4,6,Mid-follow-through,188,mediapipe,True,157.3579269710086,167.62268523189945,-128.82988184789846,-168.24180358934396,16.554009435683348,,
972,C:\Users\zzang\Desktop\workspace\Python\golf\src\golfdb-master\learning_video\golfdb_720p_slice\972.mp4,7,Finish,254,mediapipe,True,63.79884445531991,61.10918255844917,-165.67821695650932,178.09147598228677,8.161268148415633,,
975,C:\Users\zzang\Desktop\workspace\Python\golf\src\golfdb-master\learning_video\golfdb_720p_slice\975.mp4,0,Address,168,mediapipe,True,179.8674790256777,179.75597200095848,-167.43072992815885,-175.43082087309088,4.5602700876509905,,
975,C:\Users\zzang\Desktop\workspace\Python\golf\src\golfdb-master\learning_video\golfdb_720p_slice\975.mp4,1,Toe-up,182,mediapipe,True,152.616967692908,149.73511235622226,-178.7286078246738,-177.3628645304738,7.951093535286296,,
975,C:\Users\zzang\Desktop\workspace\Python\golf\src\golfdb-master\learning_video\golfdb_720p_slice\975.mp4,2,Mid-backswing,188,mediapipe,True,137.344860117263,145.67334289188838,173.6197459021333,-178.75312059028988,8.026614948856862,,
975,C:\Users\zzang\Desktop\workspace\Python\golf\src\golfdb-master\learning_video\golfdb_720p_slice\975.mp4,3,Top,195,mediapipe,True,,95.03276012451543,168.48383286655363,179.80355317900873,7.614373114420371,trail_elbow_angle,missing_features:trail_elbow_angle
975,C:\Users\zzang\Desktop\workspace\Python\golf\src\golfdb-master\learning_video\golfdb_720p_slice\975.mp4,4,Mid-downswing,199,mediapipe,True,126.32856682339514,149.49919894124187,-174.26068220048927,-179.6215311955833,10.26772794485047,,
975,C:\Users\zzang\Desktop\workspace\Python\golf\src\golfdb-master\learning_video\golfdb_720p_slice\975.mp4,5,Impact,203,mediapipe,True,177.63414404503425,172.0299515166304,-137.8077503997704,142.5051019931559,27.768990623396267,,
975,C:\Users\zzang\Desktop\workspace\Python\golf\src\golfdb-master\learning_video\golfdb_720p_slice\975.mp4,6,Mid-follow-through,205,mediapipe,True,171.64615051205146,172.2463632434238,-123.20954048403901,-164.74709604504986,25.94894313666298,,
975,C:\Users\zzang\Desktop\workspace\Python\golf\src\golfdb-master\learning_video\golfdb_720p_slice\975.mp4,7,Finish,227,mediapipe,True,,35.34040976582859,5.945485639798549,-4.199382947962907,-0.7110440086745763,trail_elbow_angle,missing_features:trail_elbow_angle
976,C:\Users\zzang\Desktop\workspace\Python\golf\src\golfdb-master\learning_video\golfdb_720p_slice\976.mp4,0,Address,49,mediapipe,True,178.7432232272908,177.23236927050988,-165.55505864386683,-176.28100556027704,3.3822231465965995,,
976,C:\Users\zzang\Desktop\workspace\Python\golf\src\golfdb-master\learning_video\golfdb_720p_slice\976.mp4,1,Toe-up,104,mediapipe,True,159.60395822902453,153.13113037144862,-178.73506341086045,-177.54847697281537,8.178508763175882,,
976,C:\Users\zzang\Desktop\workspace\Python\golf\src\golfdb-master\learning_video\golfdb_720p_slice\976.mp4,2,Mid-backswing,129,mediapipe,True,,147.6960382638317,173.38344794000272,-179.65643751487943,10.464964808717578,trail_elbow_angle,missing_features:trail_elbow_angle
976,C:\Users\zzang\Desktop\workspace\Python\golf\src\golfdb-master\learning_video\golfdb_720p_slice\976.mp4,3,Top,158,mediapipe,True,,112.6308638618435,176.33787962602344,-178.02695416165278,7.353334125346785,trail_elbow_angle,missing_features:trail_elbow_angle
976,C:\Users\zzang\Desktop\workspace\Python\golf\src\golfdb-master\learning_video\golfdb_720p_slice\976.mp4,4,Mid-downswing,173,mediapipe,True,121.41259125595305,149.21220820899993,-173.8112033578178,-177.04821296968547,8.31117205096637,,
976,C:\Users\zzang\Desktop\workspace\Python\golf\src\golfdb-master\learning_video\golfdb_720p_slice\976.mp4,5,Impact,189,mediapipe,True,177.85317346025914,178.7794961519293,-143.5549873412529,171.63288746521238,24.99761612668958,,
976,C:\Users\zzang\Desktop\workspace\Python\golf\src\golfdb-master\learning_video\golfdb_720p_slice\976.mp4,6,Mid-follow-through,198,mediapipe,True,176.8822529500952,170.51141612303616,-127.7862837707532,-170.1559019492548,25.681080808267442,,
976,C:\Users\zzang\Desktop\workspace\Python\golf\src\golfdb-master\learning_video\golfdb_720p_slice\976.mp4,7,Finish,283,mediapipe,True,108.61303423511889,35.07631305622617,3.0723579340132017,-11.683088286685798,-0.3775023045012587,,
991,C:\Users\zzang\Desktop\workspace\Python\golf\src\golfdb-master\learning_video\golfdb_720p_slice\991.mp4,0,Address,174,mediapipe,True,170.216144531214,179.90827002394985,-163.3243393580348,-174.73812106138413,-0.2504548395224069,,
991,C:\Users\zzang\Desktop\workspace\Python\golf\src\golfdb-master\learning_video\golfdb_720p_slice\991.mp4,1,Toe-up,190,mediapipe,True,159.7156098902477,172.23360035035,174.2509605678541,-177.11960257602416,7.689474017389645,,
991,C:\Users\zzang\Desktop\workspace\Python\golf\src\golfdb-master\learning_video\golfdb_720p_slice\991.mp4,2,Mid-backswing,197,mediapipe,True,132.68518167993147,125.7719710310987,141.87975892399905,-178.55906773189517,10.166231877546556,,
991,C:\Users\zzang\Desktop\workspace\Python\golf\src\golfdb-master\learning_video\golfdb_720p_slice\991.mp4,3,Top,209,mediapipe,True,134.18693129243417,127.65360644296494,172.81821274542318,-175.9003606625873,4.9507954074730645,,
991,C:\Users\zzang\Desktop\workspace\Python\golf\src\golfdb-master\learning_video\golfdb_720p_slice\991.mp4,4,Mid-downswing,214,mediapipe,True,,141.97200240850296,178.39623677867806,-175.71312295185032,6.157063399159216,trail_elbow_angle,missing_features:trail_elbow_angle
991,C:\Users\zzang\Desktop\workspace\Python\golf\src\golfdb-master\learning_video\golfdb_720p_slice\991.mp4,5,Impact,217,mediapipe,True,166.81803677570574,176.57149651052976,-143.1131304153461,-170.32252402307495,13.9226941665591,,
991,C:\Users\zzang\Desktop\workspace\Python\golf\src\golfdb-master\learning_video\golfdb_720p_slice\991.mp4,6,Mid-follow-through,219,mediapipe,True,169.4271516314017,159.48057219903183,-132.0482280968433,-162.51245056422277,16.262448063951325,,
991,C:\Users\zzang\Desktop\workspace\Python\golf\src\golfdb-master\learning_video\golfdb_720p_slice\991.mp4,7,Finish,244,mediapipe,True,64.39290576016265,,-174.229539693563,-168.29546171006652,-2.968839002090441,lead_elbow_angle,missing_features:lead_elbow_angle
992,C:\Users\zzang\Desktop\workspace\Python\golf\src\golfdb-master\learning_video\golfdb_720p_slice\992.mp4,0,Address,41,mediapipe,True,172.47759481265163,177.29983031431024,-162.50706777849726,-173.92239825008602,-0.8470795496621999,,
992,C:\Users\zzang\Desktop\workspace\Python\golf\src\golfdb-master\learning_video\golfdb_720p_slice\992.mp4,1,Toe-up,105,mediapipe,True,177.4834243587184,155.78940092650316,11.047527581837304,6.262479399333466,7.293608529932712,,
992,C:\Users\zzang\Desktop\workspace\Python\golf\src\golfdb-master\learning_video\golfdb_720p_slice\992.mp4,2,Mid-backswing,132,mediapipe,True,130.02961281871558,,166.69981341381012,-176.3208417817183,9.462786382009455,lead_elbow_angle,missing_features:lead_elbow_angle
992,C:\Users\zzang\Desktop\workspace\Python\golf\src\golfdb-master\learning_video\golfdb_720p_slice\992.mp4,3,Top,178,mediapipe,True,,120.45367710762318,173.50267638949535,-175.84519329217127,5.399754476116507,trail_elbow_angle,missing_features:trail_elbow_angle
992,C:\Users\zzang\Desktop\workspace\Python\golf\src\golfdb-master\learning_video\golfdb_720p_slice\992.mp4,4,Mid-downswing,198,mediapipe,True,,145.23497645066348,164.2516790274663,-178.39551963413717,4.7310728457207425,trail_elbow_angle,missing_features:trail_elbow_angle
992,C:\Users\zzang\Desktop\workspace\Python\golf\src\golfdb-master\learning_video\golfdb_720p_slice\992.mp4,5,Impact,212,mediapipe,True,164.2067821717449,173.98901691086667,-143.08598327893205,-170.30647724466766,14.426586145983212,,
992,C:\Users\zzang\Desktop\workspace\Python\golf\src\golfdb-master\learning_video\golfdb_720p_slice\992.mp4,6,Mid-follow-through,220,mediapipe,True,173.26309965768277,157.44159912992438,-134.90820494659468,-165.39819632911167,17.339595921394515,,
992,C:\Users\zzang\Desktop\workspace\Python\golf\src\golfdb-master\learning_video\golfdb_720p_slice\992.mp4,7,Finish,298,mediapipe,True,,49.685448462920625,5.300205847000846,-8.405620797223941,-5.19972670894028,trail_elbow_angle,missing_features:trail_elbow_angle
1003,C:\Users\zzang\Desktop\workspace\Python\golf\src\golfdb-master\learning_video\golfdb_720p_slice\1003.mp4,0,Address,191,mediapipe,True,168.93955618888796,171.25364060313274,-165.10370676746354,-176.86012788004177,0.48476718656722756,,
1003,C:\Users\zzang\Desktop\workspace\Python\golf\src\golfdb-master\learning_video\golfdb_720p_slice\1003.mp4,1,Toe-up,228,mediapipe,True,165.77759849367132,159.12769034794894,167.41514450043456,-175.7802240237001,9.65085507649162,,
1003,C:\Users\zzang\Desktop\workspace\Python\golf\src\golfdb-master\learning_video\golfdb_720p_slice\1003.mp4,2,Mid-backswing,232,mediapipe,True,163.08696264802575,148.49548165348864,145.5050313667862,179.60881936624654,9.353402845260693,,
1003,C:\Users\zzang\Desktop\workspace\Python\golf\src\golfdb-master\learning_video\golfdb_720p_slice\1003.mp4,3,Top,242,mediapipe,True,,89.2559025626696,179.1838301093189,-179.1464583870931,2.802380044571995,trail_elbow_angle,missing_features:trail_elbow_angle
1003,C:\Users\zzang\Desktop\workspace\Python\golf\src\golfdb-master\learning_video\golfdb_720p_slice\1003.mp4,4,Mid-downswing,247,mediapipe,True,124.7868642760631,146.0411381628443,173.81316050355323,-177.85409241181975,7.530122999141173,,
1003,C:\Users\zzang\Desktop\workspace\Python\golf\src\golfdb-master\learning_video\golfdb_720p_slice\1003.mp4,5,Impact,250,mediapipe,True,143.51622067939746,179.23540913113789,-144.7512669137124,-179.12848077222807,18.044474071633093,,
1003,C:\Users\zzang\Desktop\workspace\Python\golf\src\golfdb-master\learning_video\golfdb_720p_slice\1003.mp4,6,Mid-follow-through,251,mediapipe,True,142.6174298788332,154.53207661717576,-144.26082822867224,-172.64640204638675,23.467384673962805,,
1003,C:\Users\zzang\Desktop\workspace\Python\golf\src\golfdb-master\learning_video\golfdb_720p_slice\1003.mp4,7,Finish,263,mediapipe,True,105.32788051512912,,179.55365486190735,178.34810787513956,5.307207080459917,lead_elbow_angle,missing_features:lead_elbow_angle
1004,C:\Users\zzang\Desktop\workspace\Python\golf\src\golfdb-master\learning_video\golfdb_720p_slice\1004.mp4,0,Address,61,mediapipe,True,169.33728707326696,175.77002369093458,-168.75117543261464,-177.32901606016327,3.857207969246851,,
1004,C:\Users\zzang\Desktop\workspace\Python\golf\src\golfdb-master\learning_video\golfdb_720p_slice\1004.mp4,1,Toe-up,106,mediapipe,True,168.555068235883,166.61489034404266,166.65438774953455,-177.94521183252144,8.689951100059684,,
1004,C:\Users\zzang\Desktop\workspace\Python\golf\src\golfdb-master\learning_video\golfdb_720p_slice\1004.mp4,2,Mid-backswing,125,mediapipe,True,159.5571098181369,147.89933908530404,151.85958619485345,-179.2153550181838,9.107867205028997,,
1004,C:\Users\zzang\Desktop\workspace\Python\golf\src\golfdb-master\learning_video\golfdb_720p_slice\1004.mp4,3,Top,161,mediapipe,True,,84.74415007171214,174.13114635404034,179.911020113894,3.02163064957312,trail_elbow_angle,missing_features:trail_elbow_angle
1004,C:\Users\zzang\Desktop\workspace\Python\golf\src\golfdb-master\learning_video\golfdb_720p_slice\1004.mp4,4,Mid-downswing,182,mediapipe,True,117.14698496824049,148.4954306755772,167.1156534111485,178.08093769054716,4.588475173665549,,
1004,C:\Users\zzang\Desktop\workspace\Python\golf\src\golfdb-master\learning_video\golfdb_720p_slice\1004.mp4,5,Impact,194,mediapipe,True,156.57636841315383,175.3881963375299,-158.4811459841697,-177.54668098093626,19.827314406413983,,
1004,C:\Users\zzang\Desktop\workspace\Python\golf\src\golfdb-master\learning_video\golfdb_720p_slice\1004.mp4,6,Mid-follow-through,201,mediapipe,True,150.3401098531716,151.8789787514874,-140.3765233230426,-172.0435364527769,23.00486793430896,,
1004,C:\Users\zzang\Desktop\workspace\Python\golf\src\golfdb-master\learning_video\golfdb_720p_slice\1004.mp4,7,Finish,249,mediapipe,True,164.5984249100321,117.33976010585204,38.899901110707056,179.5459366542286,7.513636149083513,,
1005,C:\Users\zzang\Desktop\workspace\Python\golf\src\golfdb-master\learning_video\golfdb_720p_slice\1005.mp4,0,Address,150,mediapipe,True,177.5013490037712,176.52809970096337,-169.75014812813404,-177.04498021085263,4.93740935673982,,
1005,C:\Users\zzang\Desktop\workspace\Python\golf\src\golfdb-master\learning_video\golfdb_720p_slice\1005.mp4,1,Toe-up,170,mediapipe,True,,173.77545776657945,164.01154565775767,-179.0361203789169,5.356545267986436,trail_elbow_angle,missing_features:trail_elbow_angle
1005,C:\Users\zzang\Desktop\workspace\Python\golf\src\golfdb-master\learning_video\golfdb_720p_slice\1005.mp4,2,Mid-backswing,174,mediapipe,True,,151.95194024948023,162.56300274409134,179.71748578901082,3.1148888750349313,trail_elbow_angle,missing_features:trail_elbow_angle
1005,C:\Users\zzang\Desktop\workspace\Python\golf\src\golfdb-master\learning_video\golfdb_720p_slice\1005.mp4,3,Top,181,mediapipe,True,,84.51271302030362,164.1335023567146,179.37898004456963,0.4324221797748184,trail_elbow_angle,missing_features:trail_elbow_angle
1005,C:\Users\zzang\Desktop\workspace\Python\golf\src\golfdb-master\learning_video\golfdb_720p_slice\1005.mp4,4,Mid-downswing,185,mediapipe,True,,144.59514290928223,177.40043197403108,-179.40964646763578,1.5118942536747084,trail_elbow_angle,missing_features:trail_elbow_angle
1005,C:\Users\zzang\Desktop\workspace\Python\golf\src\golfdb-master\learning_video\golfdb_720p_slice\1005.mp4,5,Impact,188,mediapipe,True,177.33742214031037,175.96762302046588,-158.36677368801176,-177.93363168710954,9.599958444723732,,
1005,C:\Users\zzang\Desktop\workspace\Python\golf\src\golfdb-master\learning_video\golfdb_720p_slice\1005.mp4,6,Mid-follow-through,191,mediapipe,True,157.45042954897036,179.79719616395607,-151.02897107687582,179.35011184594674,10.765299970851224,,
1005,C:\Users\zzang\Desktop\workspace\Python\golf\src\golfdb-master\learning_video\golfdb_720p_slice\1005.mp4,7,Finish,208,mediapipe,True,41.36631811635895,,176.8539230584271,165.5661351432063,-5.5350254334928914,lead_elbow_angle,missing_features:lead_elbow_angle
1006,C:\Users\zzang\Desktop\workspace\Python\golf\src\golfdb-master\learning_video\golfdb_720p_slice\1006.mp4,0,Address,41,mediapipe,True,178.85293253392703,179.10893519329758,-169.2046846702935,-175.51698169190902,4.9565836403622985,,
1006,C:\Users\zzang\Desktop\workspace\Python\golf\src\golfdb-master\learning_video\golfdb_720p_slice\1006.mp4,1,Toe-up,119,mediapipe,True,,173.02695763736273,167.47398528845187,-178.217321453954,5.361210404843178,trail_elbow_angle,missing_features:trail_elbow_angle
1006,C:\Users\zzang\Desktop\workspace\Python\golf\src\golfdb-master\learning_video\golfdb_720p_slice\1006.mp4,2,Mid-backswing,137,mediapipe,True,,152.9811165962016,160.072742246643,177.8909729829981,3.3004255661690003,trail_elbow_angle,missing_features:trail_elbow_angle
1006,C:\Users\zzang\Desktop\workspace\Python\golf\src\golfdb-master\learning_video\golfdb_720p_slice\1006.mp4,3,Top,166,mediapipe,True,,85.43376075966444,170.2644404694089,-177.38354063181345,2.0051040416117996,trail_elbow_angle,missing_features:trail_elbow_angle
1006,C:\Users\zzang\Desktop\workspace\Python\golf\src\golfdb-master\learning_video\golfdb_720p_slice\1006.mp4,4,Mid-downswing,178,mediapipe,True,,140.3423698280261,168.9142714620979,-178.68640490737877,1.0170001744668298,trail_elbow_angle,missing_features:trail_elbow_angle
1006,C:\Users\zzang\Desktop\workspace\Python\golf\src\golfdb-master\learning_video\golfdb_720p_slice\1006.mp4,5,Impact,193,mediapipe,True,167.28647553315994,167.12321201898814,-152.26836030036156,177.0377474897642,11.010671362407333,,
1006,C:\Users\zzang\Desktop\workspace\Python\golf\src\golfdb-master\learning_video\golfdb_720p_slice\1006.mp4,6,Mid-follow-through,203,mediapipe,True,151.1489293051961,178.70694600865465,-159.34027076184626,179.25239093971052,9.814245281819284,,
1006,C:\Users\zzang\Desktop\workspace\Python\golf\src\golfdb-master\learning_video\golfdb_720p_slice\1006.mp4,7,Finish,272,mediapipe,True,57.0600370636572,,179.8165556937384,164.1854484165652,-4.425426632403503,lead_elbow_angle,missing_features:lead_elbow_angle
1013,C:\Users\zzang\Desktop\workspace\Python\golf\src\golfdb-master\learning_video\golfdb_720p_slice\1013.mp4,0,Address,57,mediapipe,True,162.32691019988698,170.93299185909365,-169.75297485787158,-174.76570008003043,3.7284143539517056,,
1013,C:\Users\zzang\Desktop\workspace\Python\golf\src\golfdb-master\learning_video\golfdb_720p_slice\1013.mp4,1,Toe-up,70,mediapipe,True,143.9116468064086,103.45466982792856,178.62037575424537,-175.2234671423233,6.809099564818009,,
1013,C:\Users\zzang\Desktop\workspace\Python\golf\src\golfdb-master\learning_video\golfdb_720p_slice\1013.mp4,2,Mid-backswing,73,mediapipe,True,136.8864898587048,142.33322092782174,-177.03057634013064,-175.50507872233646,8.45253755137338,,
1013,C:\Users\zzang\Desktop\workspace\Python\golf\src\golfdb-master\learning_video\golfdb_720p_slice\1013.mp4,3,Top,82,mediapipe,True,145.25243568513534,,-175.08976374889875,-174.11437231560126,10.875154707699439,lead_elbow_angle,missing_features:lead_elbow_angle
1013,C:\Users\zzang\Desktop\workspace\Python\golf\src\golfdb-master\learning_video\golfdb_720p_slice\1013.mp4,4,Mid-downswing,87,mediapipe,True,52.34606430362949,,-164.11278289342926,-174.1713496370067,14.368376733137469,lead_elbow_angle,missing_features:lead_elbow_angle
1013,C:\Users\zzang\Desktop\workspace\Python\golf\src\golfdb-master\learning_video\golfdb_720p_slice\1013.mp4,5,Impact,91,mediapipe,True,157.61910757153007,176.71938521264119,-134.1864700470708,-167.63452430264934,21.31487369390522,,
1013,C:\Users\zzang\Desktop\workspace\Python\golf\src\golfdb-master\learning_video\golfdb_720p_slice\1013.mp4,6,Mid-follow-through,93,mediapipe,True,158.00605302325718,161.19735714455672,-158.15118250033467,-169.79621090942481,19.640991906001148,,
1013,C:\Users\zzang\Desktop\workspace\Python\golf\src\golfdb-master\learning_video\golfdb_720p_slice\1013.mp4,7,Finish,109,mediapipe,True,164.07898823616168,,19.500921281195147,167.21875458529763,2.427395691987377,lead_elbow_angle,missing_features:lead_elbow_angle
1018,C:\Users\zzang\Desktop\workspace\Python\golf\src\golfdb-master\learning_video\golfdb_720p_slice\1018.mp4,0,Address,43,mediapipe,True,160.74542075827068,168.07772462841638,-168.444685125818,-175.6726513656205,3.836195469141834,,
1018,C:\Users\zzang\Desktop\workspace\Python\golf\src\golfdb-master\learning_video\golfdb_720p_slice\1018.mp4,1,Toe-up,93,mediapipe,True,155.64193817489962,135.98182362709994,-179.63929592824303,-177.41354005230033,9.88166200569589,,
1018,C:\Users\zzang\Desktop\workspace\Python\golf\src\golfdb-master\learning_video\golfdb_720p_slice\1018.mp4,2,Mid-backswing,109,mediapipe,True,21.483848538391587,136.99002296715156,-169.3980115983787,-174.9225078986028,9.339397746355091,,
1018,C:\Users\zzang\Desktop\workspace\Python\golf\src\golfdb-master\learning_video\golfdb_720p_slice\1018.mp4,3,Top,141,mediapipe,True,166.15472244942163,,-179.85350587683058,-174.332858056539,11.50019368174772,lead_elbow_angle,missing_features:lead_elbow_angle
1018,C:\Users\zzang\Desktop\workspace\Python\golf\src\golfdb-master\learning_video\golfdb_720p_slice\1018.mp4,4,Mid-downswing,164,mediapipe,True,104.4167883024801,124.5021556363,-167.77148305583776,-174.9167580595236,14.178886091569288,,
1018,C:\Users\zzang\Desktop\workspace\Python\golf\src\golfdb-master\learning_video\golfdb_720p_slice\1018.mp4,5,Impact,179,mediapipe,True,167.51743556725143,168.5120159316753,-143.63190991489395,-173.22820343213078,19.684492898458355,,
1018,C:\Users\zzang\Desktop\workspace\Python\golf\src\golfdb-master\learning_video\golfdb_720p_slice\1018.mp4,6,Mid-follow-through,187,mediapipe,True,149.1818691048151,170.99049908295595,-151.82569495434097,-168.68612639223423,21.31457715366334,,
1018,C:\Users\zzang\Desktop\workspace\Python\golf\src\golfdb-master\learning_video\golfdb_720p_slice\1018.mp4,7,Finish,247,mediapipe,True,63.93850455036978,,174.25994830379634,171.41089968221354,3.774635945296137,lead_elbow_angle,missing_features:lead_elbow_angle
1022,C:\Users\zzang\Desktop\workspace\Python\golf\src\golfdb-master\learning_video\golfdb_720p_slice\1022.mp4,0,Address,137,mediapipe,True,163.3721855351966,172.9124116799476,-157.22768412117296,-171.6089711185261,7.132980358344168,,
1022,C:\Users\zzang\Desktop\workspace\Python\golf\src\golfdb-master\learning_video\golfdb_720p_slice\1022.mp4,1,Toe-up,151,mediapipe,True,,162.10406236397765,165.87554114876698,178.84984113821403,11.623677921235968,trail_elbow_angle,missing_features:trail_elbow_angle
1022,C:\Users\zzang\Desktop\workspace\Python\golf\src\golfdb-master\learning_video\golfdb_720p_slice\1022.mp4,2,Mid-backswing,154,mediapipe,True,137.5172664560769,131.14488487008137,-168.75593091477037,-174.21775968982752,11.812409661608944,,
1022,C:\Users\zzang\Desktop\workspace\Python\golf\src\golfdb-master\learning_video\golfdb_720p_slice\1022.mp4,3,Top,163,mediapipe,True,111.88341595947188,165.9040711559992,-171.51140487427676,-174.77255704601234,11.36276263900495,,
1022,C:\Users\zzang\Desktop\workspace\Python\golf\src\golfdb-master\learning_video\golfdb_720p_slice\1022.mp4,4,Mid-downswing,167,mediapipe,True,80.25219457469714,134.49373754590093,172.6807052019392,179.04313399864242,5.787035782515552,,
1022,C:\Users\zzang\Desktop\workspace\Python\golf\src\golfdb-master\learning_video\golfdb_720p_slice\1022.mp4,5,Impact,171,mediapipe,True,134.7025134941027,168.94802004373744,-139.739379944789,-167.97202645598685,18.69958546071183,,
1022,C:\Users\zzang\Desktop\workspace\Python\golf\src\golfdb-master\learning_video\golfdb_720p_slice\1022.mp4,6,Mid-follow-through,172,mediapipe,True,145.4404013846378,171.49573616798224,-135.06156780692055,-162.03564773958598,17.974987009956536,,
1022,C:\Users\zzang\Desktop\workspace\Python\golf\src\golfdb-master\learning_video\golfdb_720p_slice\1022.mp4,7,Finish,189,mediapipe,True,,,6.613027578115086,-3.6611310661747716,-0.5798469351867345,trail_elbow_angle|lead_elbow_angle,missing_features:trail_elbow_angle|lead_elbow_angle
1023,C:\Users\zzang\Desktop\workspace\Python\golf\src\golfdb-master\learning_video\golfdb_720p_slice\1023.mp4,0,Address,50,mediapipe,True,162.0794468265375,172.49807442437478,-156.48036716960266,-173.20324354296798,7.072469744954399,,
1023,C:\Users\zzang\Desktop\workspace\Python\golf\src\golfdb-master\learning_video\golfdb_720p_slice\1023.mp4,1,Toe-up,104,mediapipe,False,,,,,,trail_elbow_angle|lead_elbow_angle|shoulder_tilt|hip_tilt|spine_tilt,pose_not_detected
1023,C:\Users\zzang\Desktop\workspace\Python\golf\src\golfdb-master\learning_video\golfdb_720p_slice\1023.mp4,2,Mid-backswing,116,mediapipe,True,140.68945604033988,151.33775907074306,176.5355319644242,-175.83390493140405,13.368183111675942,,
1023,C:\Users\zzang\Desktop\workspace\Python\golf\src\golfdb-master\learning_video\golfdb_720p_slice\1023.mp4,3,Top,150,mediapipe,True,108.15503211770161,179.87265674131348,-171.63389760165666,-174.82279522654449,11.485613314336685,,
1023,C:\Users\zzang\Desktop\workspace\Python\golf\src\golfdb-master\learning_video\golfdb_720p_slice\1023.mp4,4,Mid-downswing,167,mediapipe,True,,135.26134929099092,169.61945631161302,177.8202264596184,5.8008612910780295,trail_elbow_angle,missing_features:trail_elbow_angle
1023,C:\Users\zzang\Desktop\workspace\Python\golf\src\golfdb-master\learning_video\golfdb_720p_slice\1023.mp4,5,Impact,181,mediapipe,True,145.43052984582422,160.5018225185202,-142.37906263654781,-166.66963717187187,19.66143309010379,,
1023,C:\Users\zzang\Desktop\workspace\Python\golf\src\golfdb-master\learning_video\golfdb_720p_slice\1023.mp4,6,Mid-follow-through,189,mediapipe,True,146.8414344364412,172.13792359620334,-133.34201042242393,-161.90711969812696,18.952402852634968,,
1023,C:\Users\zzang\Desktop\workspace\Python\golf\src\golfdb-master\learning_video\golfdb_720p_slice\1023.mp4,7,Finish,248,mediapipe,True,,,6.6804235526616695,0.7729622435119622,-0.08057513241659064,trail_elbow_angle|lead_elbow_angle,missing_features:trail_elbow_angle|lead_elbow_angle
1028,C:\Users\zzang\Desktop\workspace\Python\golf\src\golfdb-master\learning_video\golfdb_720p_slice\1028.mp4,0,Address,40,mediapipe,True,166.17578949664045,179.04746184333632,-172.7252242202337,-174.60278752127647,2.4103465971185734,,
1028,C:\Users\zzang\Desktop\workspace\Python\golf\src\golfdb-master\learning_video\golfdb_720p_slice\1028.mp4,1,Toe-up,51,mediapipe,True,154.31170141954507,142.9993236592554,171.56782675421488,-177.4400949368694,4.144004502248732,,
1028,C:\Users\zzang\Desktop\workspace\Python\golf\src\golfdb-master\learning_video\golfdb_720p_slice\1028.mp4,2,Mid-backswing,54,mediapipe,True,,161.81412969231855,171.51066272476277,-176.83055870882816,7.1318675559645355,trail_elbow_angle,missing_features:trail_elbow_angle
1028,C:\Users\zzang\Desktop\workspace\Python\golf\src\golfdb-master\learning_video\golfdb_720p_slice\1028.mp4,3,Top,61,mediapipe,True,123.37619358844302,116.09728084261717,175.76466602526358,-176.33230849107397,9.174986891704854,,
1028,C:\Users\zzang\Desktop\workspace\Python\golf\src\golfdb-master\learning_video\golfdb_720p_slice\1028.mp4,4,Mid-downswing,66,mediapipe,True,,134.1168677788032,-176.39178594035818,-174.05295008693795,10.204343312091815,trail_elbow_angle,missing_features:trail_elbow_angle
1028,C:\Users\zzang\Desktop\workspace\Python\golf\src\golfdb-master\learning_video\golfdb_720p_slice\1028.mp4,5,Impact,69,mediapipe,True,151.64245828118757,179.45256992975345,-149.98242184440824,-164.23021262960273,19.8999592525808,,
1028,C:\Users\zzang\Desktop\workspace\Python\golf\src\golfdb-master\learning_video\golfdb_720p_slice\1028.mp4,6,Mid-follow-through,71,mediapipe,True,168.49829207949657,161.81742306482477,-126.27773731761965,-166.67141493605328,10.139783092825434,,
1028,C:\Users\zzang\Desktop\workspace\Python\golf\src\golfdb-master\learning_video\golfdb_720p_slice\1028.mp4,7,Finish,84,mediapipe,True,94.98107072148099,,-167.12184115223232,173.10993470478843,7.517803730808767,lead_elbow_angle,missing_features:lead_elbow_angle
1029,C:\Users\zzang\Desktop\workspace\Python\golf\src\golfdb-master\learning_video\golfdb_720p_slice\1029.mp4,0,Address,13,mediapipe,True,163.69337790122125,176.17677633451004,-173.8629401738286,-172.41773713537853,0.5326357179270883,,
1029,C:\Users\zzang\Desktop\workspace\Python\golf\src\golfdb-master\learning_video\golfdb_720p_slice\1029.mp4,1,Toe-up,54,mediapipe,True,160.27514337322376,167.5491916910467,170.4560643765775,-177.14554107992822,4.072631663075014,,
1029,C:\Users\zzang\Desktop\workspace\Python\golf\src\golfdb-master\learning_video\golfdb_720p_slice\1029.mp4,2,Mid-backswing,66,mediapipe,True,140.3370365937726,153.44939542095327,170.68066213541607,-175.92684590445316,4.895999634683796,,
1029,C:\Users\zzang\Desktop\workspace\Python\golf\src\golfdb-master\learning_video\golfdb_720p_slice\1029.mp4,3,Top,98,mediapipe,True,,129.19312089331603,178.55588485785768,-175.11998966764486,10.014949486845014,trail_elbow_angle,missing_features:trail_elbow_angle
1029,C:\Users\zzang\Desktop\workspace\Python\golf\src\golfdb-master\learning_video\golfdb_720p_slice\1029.mp4,4,Mid-downswing,114,mediapipe,True,,144.6201475365023,175.03069763965962,-176.3842296259604,7.727536920989562,trail_elbow_angle,missing_features:trail_elbow_angle
1029,C:\Users\zzang\Desktop\workspace\Python\golf\src\golfdb-master\learning_video\golfdb_720p_slice\1029.mp4,5,Impact,128,mediapipe,True,151.1931936800778,173.6611949925842,-146.17588943973732,-162.30055887944175,20.630856000331736,,
1029,C:\Users\zzang\Desktop\workspace\Python\golf\src\golfdb-master\learning_video\golfdb_720p_slice\1029.mp4,6,Mid-follow-through,135,mediapipe,True,171.00799261541948,168.7603145058008,-132.6550865334255,-164.7102804354438,12.939315354028254,,
1029,C:\Users\zzang\Desktop\workspace\Python\golf\src\golfdb-master\learning_video\golfdb_720p_slice\1029.mp4,7,Finish,187,mediapipe,True,103.17338569982687,,-166.91879812743758,169.67944453399699,7.044212324185366,lead_elbow_angle,missing_features:lead_elbow_angle
1030,C:\Users\zzang\Desktop\workspace\Python\golf\src\golfdb-master\learning_video\golfdb_720p_slice\1030.mp4,0,Address,238,mediapipe,True,164.5951693714928,178.8968898535201,-164.50866428867636,-170.76040651983183,8.26337157967128,,
1030,C:\Users\zzang\Desktop\workspace\Python\golf\src\golfdb-master\learning_video\golfdb_720p_slice\1030.mp4,1,Toe-up,253,mediapipe,True,160.99303122764783,169.30770150501016,175.6580246781078,-174.5615834594391,12.304998051847175,,
1030,C:\Users\zzang\Desktop\workspace\Python\golf\src\golfdb-master\learning_video\golfdb_720p_slice\1030.mp4,2,Mid-backswing,259,mediapipe,True,175.56840981824277,136.3565751421438,171.64419872226426,-175.1457738299498,12.880213316192426,,
1030,C:\Users\zzang\Desktop\workspace\Python\golf\src\golfdb-master\learning_video\golfdb_720p_slice\1030.mp4,3,Top,267,mediapipe,True,133.9112892930159,145.68511835185336,176.45568482370112,178.41901080199526,12.71592345044058,,
1030,C:\Users\zzang\Desktop\workspace\Python\golf\src\golfdb-master\learning_video\golfdb_720p_slice\1030.mp4,4,Mid-downswing,271,mediapipe,True,,157.04207707665853,174.34200991258743,-176.045653916675,12.577683742060474,trail_elbow_angle,missing_features:trail_elbow_angle
1030,C:\Users\zzang\Desktop\workspace\Python\golf\src\golfdb-master\learning_video\golfdb_720p_slice\1030.mp4,5,Impact,275,mediapipe,True,164.53647651321654,173.2848836947654,-144.16707533098176,-168.06998899400486,24.397226030610653,,
1030,C:\Users\zzang\Desktop\workspace\Python\golf\src\golfdb-master\learning_video\golfdb_720p_slice\1030.mp4,6,Mid-follow-through,277,mediapipe,True,150.34648446579772,172.72641947138126,-137.08351441163654,-171.82585788595793,22.15668346512242,,
1030,C:\Users\zzang\Desktop\workspace\Python\golf\src\golfdb-master\learning_video\golfdb_720p_slice\1030.mp4,7,Finish,298,mediapipe,True,65.07984814656378,66.47062860718486,34.16081752258443,-62.46404448321747,1.3843969710083648,,
1031,C:\Users\zzang\Desktop\workspace\Python\golf\src\golfdb-master\learning_video\golfdb_720p_slice\1031.mp4,0,Address,29,mediapipe,True,164.4451896479271,179.22276978205554,-165.21005101068832,-170.89600544631173,8.021450709689933,,
1031,C:\Users\zzang\Desktop\workspace\Python\golf\src\golfdb-master\learning_video\golfdb_720p_slice\1031.mp4,1,Toe-up,90,mediapipe,True,160.39940151193665,170.26601070736686,170.6840418750981,-175.4706100964461,12.46066809437212,,
1031,C:\Users\zzang\Desktop\workspace\Python\golf\src\golfdb-master\learning_video\golfdb_720p_slice\1031.mp4,2,Mid-backswing,112,mediapipe,True,174.51714536141426,141.07122584244314,166.3877539776596,-173.86567927345735,13.627793499296748,,
1031,C:\Users\zzang\Desktop\workspace\Python\golf\src\golfdb-master\learning_video\golfdb_720p_slice\1031.mp4,3,Top,142,mediapipe,True,140.9396218667533,143.32710441196096,-177.35197465611293,-178.63140281320523,11.965157769475772,,
1031,C:\Users\zzang\Desktop\workspace\Python\golf\src\golfdb-master\learning_video\golfdb_720p_slice\1031.mp4,4,Mid-downswing,161,mediapipe,True,154.5158123351482,144.34211722671787,173.49206053796792,-175.89825120690574,13.211880925214949,,
1031,C:\Users\zzang\Desktop\workspace\Python\golf\src\golfdb-master\learning_video\golfdb_720p_slice\1031.mp4,5,Impact,175,mediapipe,True,178.44843386250406,168.53126420579173,28.247774883667596,20.088629605398342,21.098353346175195,,
1031,C:\Users\zzang\Desktop\workspace\Python\golf\src\golfdb-master\learning_video\golfdb_720p_slice\1031.mp4,6,Mid-follow-through,185,mediapipe,True,148.47480299943498,132.7858577967502,-144.11890360117968,-170.11014004090816,22.999450742284147,,
1031,C:\Users\zzang\Desktop\workspace\Python\golf\src\golfdb-master\learning_video\golfdb_720p_slice\1031.mp4,7,Finish,267,mediapipe,True,40.469875967466045,,-170.8893765324863,174.31921430136197,2.2928322786606445,lead_elbow_angle,missing_features:lead_elbow_angle
1032,C:\Users\zzang\Desktop\workspace\Python\golf\src\golfdb-master\learning_video\golfdb_720p_slice\1032.mp4,0,Address,468,mediapipe,True,174.59645110932925,178.80884912601562,-171.04999416400136,-176.60051816511108,1.539831638634473,,
1032,C:\Users\zzang\Desktop\workspace\Python\golf\src\golfdb-master\learning_video\golfdb_720p_slice\1032.mp4,1,Toe-up,497,mediapipe,True,,179.21745103376185,158.15715666708425,177.99752542694486,4.902568960437322,trail_elbow_angle,missing_features:trail_elbow_angle
1032,C:\Users\zzang\Desktop\workspace\Python\golf\src\golfdb-master\learning_video\golfdb_720p_slice\1032.mp4,2,Mid-backswing,503,mediapipe,True,,156.93723457302235,150.84214603418113,177.18669269875267,5.894856591818592,trail_elbow_angle,missing_features:trail_elbow_angle
1032,C:\Users\zzang\Desktop\workspace\Python\golf\src\golfdb-master\learning_video\golfdb_720p_slice\1032.mp4,3,Top,512,mediapipe,True,,,-173.8921034779791,-178.0914764887359,4.716961361211215,trail_elbow_angle|lead_elbow_angle,missing_features:trail_elbow_angle|lead_elbow_angle
1032,C:\Users\zzang\Desktop\workspace\Python\golf\src\golfdb-master\learning_video\golfdb_720p_slice\1032.mp4,4,Mid-downswing,516,mediapipe,True,110.76889133271716,153.15764278099525,167.6180842720732,178.60107490345516,7.335151844362336,,
1032,C:\Users\zzang\Desktop\workspace\Python\golf\src\golfdb-master\learning_video\golfdb_720p_slice\1032.mp4,5,Impact,520,mediapipe,True,160.3607100422258,171.37885107085074,-149.64532532269794,-174.06420406617835,14.765942364485875,,
1032,C:\Users\zzang\Desktop\workspace\Python\golf\src\golfdb-master\learning_video\golfdb_720p_slice\1032.mp4,6,Mid-follow-through,522,mediapipe,True,158.97808847960275,103.6491027276109,-145.85707948338927,-172.12391597088236,15.93996401819455,,
1032,C:\Users\zzang\Desktop\workspace\Python\golf\src\golfdb-master\learning_video\golfdb_720p_slice\1032.mp4,7,Finish,542,mediapipe,True,72.4000020082821,,179.25406596940473,177.04805839965354,-2.2988162140981747,lead_elbow_angle,missing_features:lead_elbow_angle
1034,C:\Users\zzang\Desktop\workspace\Python\golf\src\golfdb-master\learning_video\golfdb_720p_slice\1034.mp4,0,Address,74,mediapipe,True,175.14796608941546,174.57198399517722,-174.06879118546956,-177.63955126541595,1.238200550436423,,
1034,C:\Users\zzang\Desktop\workspace\Python\golf\src\golfdb-master\learning_video\golfdb_720p_slice\1034.mp4,1,Toe-up,102,mediapipe,True,,178.47292321362244,157.21452750403324,178.06471559949108,5.5379660464241125,trail_elbow_angle,missing_features:trail_elbow_angle
1034,C:\Users\zzang\Desktop\workspace\Python\golf\src\golfdb-master\learning_video\golfdb_720p_slice\1034.mp4,2,Mid-backswing,108,mediapipe,True,35.71709614773507,154.38764070509777,159.3612672014896,178.2042639547708,5.296906960593196,,
1034,C:\Users\zzang\Desktop\workspace\Python\golf\src\golfdb-master\learning_video\golfdb_720p_slice\1034.mp4,3,Top,117,mediapipe,True,,,-178.3416784896479,-179.09948521635158,4.215276089178362,trail_elbow_angle|lead_elbow_angle,missing_features:trail_elbow_angle|lead_elbow_angle
1034,C:\Users\zzang\Desktop\workspace\Python\golf\src\golfdb-master\learning_video\golfdb_720p_slice\1034.mp4,4,Mid-downswing,122,mediapipe,True,102.27224914141394,51.87660765507639,-178.7386952747964,-179.0512436367806,8.795848801994856,,
1034,C:\Users\zzang\Desktop\workspace\Python\golf\src\golfdb-master\learning_video\golfdb_720p_slice\1034.mp4,5,Impact,125,mediapipe,True,158.0547621348259,178.78119733743725,-148.9985812762674,-175.22334163762082,16.510117832908765,,
1034,C:\Users\zzang\Desktop\workspace\Python\golf\src\golfdb-master\learning_video\golfdb_720p_slice\1034.mp4,6,Mid-follow-through,127,mediapipe,True,151.96710341685286,140.781919854705,-144.72539665902417,-173.04251361542197,16.061393440684288,,
1034,C:\Users\zzang\Desktop\workspace\Python\golf\src\golfdb-master\learning_video\golfdb_720p_slice\1034.mp4,7,Finish,147,mediapipe,True,70.32569190569878,157.64405343867125,-176.70109085602158,-178.3435651999491,-2.287872597436401,,
1040,C:\Users\zzang\Desktop\workspace\Python\golf\src\golfdb-master\learning_video\golfdb_720p_slice\1040.mp4,0,Address,41,mediapipe,True,179.81932260418262,173.98523248925807,-165.12786181364137,-169.93429217649987,7.991258632477579,,
1040,C:\Users\zzang\Desktop\workspace\Python\golf\src\golfdb-master\learning_video\golfdb_720p_slice\1040.mp4,1,Toe-up,51,mediapipe,True,152.35804092787973,169.71825424258532,176.6866373137019,179.6510948014897,11.343917186024917,,
1040,C:\Users\zzang\Desktop\workspace\Python\golf\src\golfdb-master\learning_video\golfdb_720p_slice\1040.mp4,2,Mid-backswing,55,mediapipe,True,,151.55074301967633,142.6984584908814,177.06349185922684,13.101411071529036,trail_elbow_angle,missing_features:trail_elbow_angle
1040,C:\Users\zzang\Desktop\workspace\Python\golf\src\golfdb-master\learning_video\golfdb_720p_slice\1040.mp4,3,Top,61,mediapipe,True,,82.65356218137899,175.35655009373016,179.79411586772127,12.931772668418482,trail_elbow_angle,missing_features:trail_elbow_angle
1040,C:\Users\zzang\Desktop\workspace\Python\golf\src\golfdb-master\learning_video\golfdb_720p_slice\1040.mp4,4,Mid-downswing,66,mediapipe,True,,152.02639473966914,-177.34655456413284,-176.45438675546782,11.263990356142425,trail_elbow_angle,missing_features:trail_elbow_angle
1040,C:\Users\zzang\Desktop\workspace\Python\golf\src\golfdb-master\learning_video\golfdb_720p_slice\1040.mp4,5,Impact,69,mediapipe,True,171.14485152103043,177.79343478786956,-160.0058200660853,-170.84685059149186,18.036387621459205,,
1040,C:\Users\zzang\Desktop\workspace\Python\golf\src\golfdb-master\learning_video\golfdb_720p_slice\1040.mp4,6,Mid-follow-through,71,mediapipe,True,172.8752480840415,165.14993279261668,-144.80180115250752,-173.38487839972447,20.828240834198255,,
1040,C:\Users\zzang\Desktop\workspace\Python\golf\src\golfdb-master\learning_video\golfdb_720p_slice\1040.mp4,7,Finish,87,mediapipe,True,32.583572411273984,,-175.3403669708031,171.59977347691697,7.810082777868994,lead_elbow_angle,missing_features:lead_elbow_angle
1041,C:\Users\zzang\Desktop\workspace\Python\golf\src\golfdb-master\learning_video\golfdb_720p_slice\1041.mp4,0,Address,103,mediapipe,True,175.98507329146167,175.72720748680638,-164.01407916667418,-171.48434841982225,8.9290714707784,,
1041,C:\Users\zzang\Desktop\workspace\Python\golf\src\golfdb-master\learning_video\golfdb_720p_slice\1041.mp4,1,Toe-up,140,mediapipe,True,162.2465212466268,172.22324889720005,176.64965232490067,-178.2630456104885,11.916323293770812,,
1041,C:\Users\zzang\Desktop\workspace\Python\golf\src\golfdb-master\learning_video\golfdb_720p_slice\1041.mp4,2,Mid-backswing,157,mediapipe,True,,153.31191079381117,157.5026939407324,179.36827350141655,12.006121683436756,trail_elbow_angle,missing_features:trail_elbow_angle
1041,C:\Users\zzang\Desktop\workspace\Python\golf\src\golfdb-master\learning_video\golfdb_720p_slice\1041.mp4,3,Top,181,mediapipe,True,,93.63929842781896,178.19784522358373,178.9315762639231,12.391166614757644,trail_elbow_angle,missing_features:trail_elbow_angle
1041,C:\Users\zzang\Desktop\workspace\Python\golf\src\golfdb-master\learning_video\golfdb_720p_slice\1041.mp4,4,Mid-downswing,200,mediapipe,True,,147.92984738460785,179.08399061031858,-178.39466113990534,12.301388614838007,trail_elbow_angle,missing_features:trail_elbow_angle
1041,C:\Users\zzang\Desktop\workspace\Python\golf\src\golfdb-master\learning_video\golfdb_720p_slice\1041.mp4,5,Impact,212,mediapipe,True,164.6297672365435,172.9766139650252,-164.31818922343433,-174.22241640344936,16.003277751191813,,
1041,C:\Users\zzang\Desktop\workspace\Python\golf\src\golfdb-master\learning_video\golfdb_720p_slice\1041.mp4,6,Mid-follow-through,222,mediapipe,True,175.89235572389828,168.81111215369162,-140.9730333701102,-174.55830279831636,20.336664318967376,,
1041,C:\Users\zzang\Desktop\workspace\Python\golf\src\golfdb-master\learning_video\golfdb_720p_slice\1041.mp4,7,Finish,283,mediapipe,True,24.660909182108345,,-177.15252451162317,173.2309073857337,7.173092691872247,lead_elbow_angle,missing_features:lead_elbow_angle
1044,C:\Users\zzang\Desktop\workspace\Python\golf\src\golfdb-master\learning_video\golfdb_720p_slice\1044.mp4,0,Address,116,mediapipe,True,167.26800954683654,179.9353852416112,-168.01102930211817,-174.87959588355827,6.99641857622584,,
1044,C:\Users\zzang\Desktop\workspace\Python\golf\src\golfdb-master\learning_video\golfdb_720p_slice\1044.mp4,1,Toe-up,129,mediapipe,True,159.82557903786994,176.07584622824356,166.26652072308988,-179.63134536033138,9.393690404710489,,
1044,C:\Users\zzang\Desktop\workspace\Python\golf\src\golfdb-master\learning_video\golfdb_720p_slice\1044.mp4,2,Mid-backswing,134,mediapipe,True,,137.9143488552707,129.36228302057359,177.43823255260216,7.93608874824563,trail_elbow_angle,missing_features:trail_elbow_angle
1044,C:\Users\zzang\Desktop\workspace\Python\golf\src\golfdb-master\learning_video\golfdb_720p_slice\1044.mp4,3,Top,141,mediapipe,True,,94.14739775228334,-172.71982861141757,-174.86453867350085,5.602128705393697,trail_elbow_angle,missing_features:trail_elbow_angle
1044,C:\Users\zzang\Desktop\workspace\Python\golf\src\golfdb-master\learning_video\golfdb_720p_slice\1044.mp4,4,Mid-downswing,146,mediapipe,True,,156.62275405028709,177.47348310735228,-173.75341792871075,5.361293269966597,trail_elbow_angle,missing_features:trail_elbow_angle
1044,C:\Users\zzang\Desktop\workspace\Python\golf\src\golfdb-master\learning_video\golfdb_720p_slice\1044.mp4,5,Impact,150,mediapipe,True,150.0561775589731,175.59139335954197,-148.39849929223834,-168.68009475321512,19.077865367126822,,
1044,C:\Users\zzang\Desktop\workspace\Python\golf\src\golfdb-master\learning_video\golfdb_720p_slice\1044.mp4,6,Mid-follow-through,153,mediapipe,True,164.61360767247947,174.36284103820466,-125.74558347057592,-167.8953651236105,22.110459210243086,,
1044,C:\Users\zzang\Desktop\workspace\Python\golf\src\golfdb-master\learning_video\golfdb_720p_slice\1044.mp4,7,Finish,175,mediapipe,True,101.83596975890815,,3.9678710346352113,-15.061258920469724,6.876744898680908,lead_elbow_angle,missing_features:lead_elbow_angle
1045,C:\Users\zzang\Desktop\workspace\Python\golf\src\golfdb-master\learning_video\golfdb_720p_slice\1045.mp4,0,Address,46,mediapipe,True,162.36007505762382,176.9434568605053,-168.352190648143,-172.82715121609704,6.8020623947117524,,
1045,C:\Users\zzang\Desktop\workspace\Python\golf\src\golfdb-master\learning_video\golfdb_720p_slice\1045.mp4,1,Toe-up,98,mediapipe,True,156.13163184392116,175.33954558080868,165.6927613813705,-179.1253329430323,9.437689049952914,,
1045,C:\Users\zzang\Desktop\workspace\Python\golf\src\golfdb-master\learning_video\golfdb_720p_slice\1045.mp4,2,Mid-backswing,116,mediapipe,True,,148.88548944888944,161.01756970060183,179.0978894298795,7.349801997442563,trail_elbow_angle,missing_features:trail_elbow_angle
1045,C:\Users\zzang\Desktop\workspace\Python\golf\src\golfdb-master\learning_video\golfdb_720p_slice\1045.mp4,3,Top,148,mediapipe,True,,96.69244361452782,-173.94320126185048,-173.6803729912579,5.0651956211289875,trail_elbow_angle,missing_features:trail_elbow_angle
1045,C:\Users\zzang\Desktop\workspace\Python\golf\src\golfdb-master\learning_video\golfdb_720p_slice\1045.mp4,4,Mid-downswing,167,mediapipe,True,17.495284167500383,153.28070133881525,-179.40225270138666,-174.59184083802813,6.9625914383269025,,
1045,C:\Users\zzang\Desktop\workspace\Python\golf\src\golfdb-master\learning_video\golfdb_720p_slice\1045.mp4,5,Impact,182,mediapipe,True,141.96680073279785,178.1473434703238,-153.41079312047896,-170.69962408314805,17.360511580210574,,
1045,C:\Users\zzang\Desktop\workspace\Python\golf\src\golfdb-master\learning_video\golfdb_720p_slice\1045.mp4,6,Mid-follow-through,191,mediapipe,True,177.30316470512642,174.67259636859632,-132.55076713098495,-169.75819176444327,23.622694965392874,,
1045,C:\Users\zzang\Desktop\workspace\Python\golf\src\golfdb-master\learning_video\golfdb_720p_slice\1045.mp4,7,Finish,266,mediapipe,True,91.51638841412277,130.2276403838089,-152.84095711713363,-170.8826001744967,6.32799133919715,,
1075,C:\Users\zzang\Desktop\workspace\Python\golf\src\golfdb-master\learning_video\golfdb_720p_slice\1075.mp4,0,Address,89,mediapipe,True,167.35901088860956,163.83168851881,-175.63760265207384,-178.8283543970501,0.20839813182683065,,
1075,C:\Users\zzang\Desktop\workspace\Python\golf\src\golfdb-master\learning_video\golfdb_720p_slice\1075.mp4,1,Toe-up,112,mediapipe,True,153.98409280029242,171.33862224163124,175.4199599158405,-178.69753768996716,6.9365950168105845,,
1075,C:\Users\zzang\Desktop\workspace\Python\golf\src\golfdb-master\learning_video\golfdb_720p_slice\1075.mp4,2,Mid-backswing,117,mediapipe,True,,115.38745067647392,17.495265501584782,-0.4591948000394329,5.690232241932238,trail_elbow_angle,missing_features:trail_elbow_angle
1075,C:\Users\zzang\Desktop\workspace\Python\golf\src\golfdb-master\learning_video\golfdb_720p_slice\1075.mp4,3,Top,122,mediapipe,True,,81.82937596326238,48.65216262292652,159.66396930972329,7.536167878593709,trail_elbow_angle,missing_features:trail_elbow_angle
1075,C:\Users\zzang\Desktop\workspace\Python\golf\src\golfdb-master\learning_video\golfdb_720p_slice\1075.mp4,4,Mid-downswing,127,mediapipe,True,64.81330000019351,151.923778960774,174.521775828611,177.33706111927034,3.1483333520600967,,
1075,C:\Users\zzang\Desktop\workspace\Python\golf\src\golfdb-master\learning_video\golfdb_720p_slice\1075.mp4,5,Impact,130,mediapipe,True,151.73457125841293,166.73206569935516,-174.21364730893245,-176.96835218877615,3.4078506615334443,,
1075,C:\Users\zzang\Desktop\workspace\Python\golf\src\golfdb-master\learning_video\golfdb_720p_slice\1075.mp4,6,Mid-follow-through,133,mediapipe,True,156.3497991969769,147.22690916503248,-160.57599724673116,-172.8020686145421,6.09326000605456,,
1075,C:\Users\zzang\Desktop\workspace\Python\golf\src\golfdb-master\learning_video\golfdb_720p_slice\1075.mp4,7,Finish,142,mediapipe,True,,,14.833937906174205,162.0805172828481,-1.3861554957232802,trail_elbow_angle|lead_elbow_angle,missing_features:trail_elbow_angle|lead_elbow_angle
1076,C:\Users\zzang\Desktop\workspace\Python\golf\src\golfdb-master\learning_video\golfdb_720p_slice\1076.mp4,0,Address,3,mediapipe,True,167.00133130682624,165.43395715516866,-176.1631006892466,179.13558926049834,-0.01675996285153234,,
1076,C:\Users\zzang\Desktop\workspace\Python\golf\src\golfdb-master\learning_video\golfdb_720p_slice\1076.mp4,1,Toe-up,86,mediapipe,True,146.77993815818425,168.19687104355197,164.5564920503567,177.39592717134082,6.859821963668633,,
1076,C:\Users\zzang\Desktop\workspace\Python\golf\src\golfdb-master\learning_video\golfdb_720p_slice\1076.mp4,2,Mid-backswing,107,mediapipe,True,,105.82920453632086,18.63776467696305,13.107439854067653,6.791304641702441,trail_elbow_angle,missing_features:trail_elbow_angle
1076,C:\Users\zzang\Desktop\workspace\Python\golf\src\golfdb-master\learning_video\golfdb_720p_slice\1076.mp4,3,Top,129,mediapipe,True,129.47782859838705,104.90073364419628,-176.50240168955835,173.85902718679318,7.620000149300303,,
1076,C:\Users\zzang\Desktop\workspace\Python\golf\src\golfdb-master\learning_video\golfdb_720p_slice\1076.mp4,4,Mid-downswing,145,mediapipe,True,118.54963048559769,147.28695010416357,176.29349364080903,177.59320406688477,2.4356963592756813,,
1076,C:\Users\zzang\Desktop\workspace\Python\golf\src\golfdb-master\learning_video\golfdb_720p_slice\1076.mp4,5,Impact,158,mediapipe,True,150.01464383686852,167.07222889673147,-173.47853995311544,-175.94933062738417,2.8398780181571643,,
1076,C:\Users\zzang\Desktop\workspace\Python\golf\src\golfdb-master\learning_video\golfdb_720p_slice\1076.mp4,6,Mid-follow-through,168,mediapipe,True,150.33458012493256,168.35368853553223,-156.22993041834232,-174.01786054366622,3.8537954740606293,,
1076,C:\Users\zzang\Desktop\workspace\Python\golf\src\golfdb-master\learning_video\golfdb_720p_slice\1076.mp4,7,Finish,207,mediapipe,True,,,13.889017710896947,8.315588943026077,-1.9176941290529788,trail_elbow_angle|lead_elbow_angle,missing_features:trail_elbow_angle|lead_elbow_angle
1078,C:\Users\zzang\Desktop\workspace\Python\golf\src\golfdb-master\learning_video\golfdb_720p_slice\1078.mp4,0,Address,30,mediapipe,True,171.75781841964852,173.90604548171663,178.58072312749493,176.45705090553943,-8.682272128783683,,
1078,C:\Users\zzang\Desktop\workspace\Python\golf\src\golfdb-master\learning_video\golfdb_720p_slice\1078.mp4,1,Toe-up,43,mediapipe,True,172.18104622659516,159.58471529135386,153.1714613640505,173.90237593453196,0.3123682004981771,,
1078,C:\Users\zzang\Desktop\workspace\Python\golf\src\golfdb-master\learning_video\golfdb_720p_slice\1078.mp4,2,Mid-backswing,47,mediapipe,True,,161.06811764200776,139.68709537640342,172.550924582628,-1.2365000402581618,trail_elbow_angle,missing_features:trail_elbow_angle
1078,C:\Users\zzang\Desktop\workspace\Python\golf\src\golfdb-master\learning_video\golfdb_720p_slice\1078.mp4,3,Top,56,mediapipe,True,,,172.6827037204251,-179.3491494204015,0.5276700496142749,trail_elbow_angle|lead_elbow_angle,missing_features:trail_elbow_angle|lead_elbow_angle
1078,C:\Users\zzang\Desktop\workspace\Python\golf\src\golfdb-master\learning_video\golfdb_720p_slice\1078.mp4,4,Mid-downswing,60,mediapipe,True,,141.21189372320876,-176.0341989920653,-178.86239850082092,1.3240441995646717,trail_elbow_angle,missing_features:trail_elbow_angle
1078,C:\Users\zzang\Desktop\workspace\Python\golf\src\golfdb-master\learning_video\golfdb_720p_slice\1078.mp4,5,Impact,63,mediapipe,True,160.81044604032041,,-144.0788556530099,-177.5377717083905,5.172152271215505,lead_elbow_angle,missing_features:lead_elbow_angle
1078,C:\Users\zzang\Desktop\workspace\Python\golf\src\golfdb-master\learning_video\golfdb_720p_slice\1078.mp4,6,Mid-follow-through,65,mediapipe,True,170.9415136445196,,-129.25185869536202,-178.6239177207382,5.566996642880362,lead_elbow_angle,missing_features:lead_elbow_angle
1078,C:\Users\zzang\Desktop\workspace\Python\golf\src\golfdb-master\learning_video\golfdb_720p_slice\1078.mp4,7,Finish,89,mediapipe,True,52.274341411470544,,178.11909200097614,169.4175161746501,-2.105052714605495,lead_elbow_angle,missing_features:lead_elbow_angle
1080,C:\Users\zzang\Desktop\workspace\Python\golf\src\golfdb-master\learning_video\golfdb_720p_slice\1080.mp4,0,Address,23,mediapipe,True,172.73024964297457,175.43518966673258,-177.07208913871037,177.42276181578742,-8.416360738909988,,
1080,C:\Users\zzang\Desktop\workspace\Python\golf\src\golfdb-master\learning_video\golfdb_720p_slice\1080.mp4,1,Toe-up,59,mediapipe,True,167.19237442988734,161.54388424122047,153.78622084566427,172.01486275164115,0.41677591366982286,,
1080,C:\Users\zzang\Desktop\workspace\Python\golf\src\golfdb-master\learning_video\golfdb_720p_slice\1080.mp4,2,Mid-backswing,72,mediapipe,True,144.23910136251627,151.7375231399363,150.85939078982724,172.53957375840815,-1.2286550756436665,,
1080,C:\Users\zzang\Desktop\workspace\Python\golf\src\golfdb-master\learning_video\golfdb_720p_slice\1080.mp4,3,Top,97,mediapipe,True,,,170.57174491031682,-179.29701689428717,-0.36999026887254194,trail_elbow_angle|lead_elbow_angle,missing_features:trail_elbow_angle|lead_elbow_angle
1080,C:\Users\zzang\Desktop\workspace\Python\golf\src\golfdb-master\learning_video\golfdb_720p_slice\1080.mp4,4,Mid-downswing,109,mediapipe,True,,136.78545569352093,162.62325877879016,179.27694400582627,0.34465835052162425,trail_elbow_angle,missing_features:trail_elbow_angle
1080,C:\Users\zzang\Desktop\workspace\Python\golf\src\golfdb-master\learning_video\golfdb_720p_slice\1080.mp4,5,Impact,119,mediapipe,True,156.2666331201807,,-143.1558267482123,-178.75805082777146,5.332776918199535,lead_elbow_angle,missing_features:lead_elbow_angle
1080,C:\Users\zzang\Desktop\workspace\Python\golf\src\golfdb-master\learning_video\golfdb_720p_slice\1080.mp4,6,Mid-follow-through,126,mediapipe,True,172.710946534348,173.03297818308042,-128.20116604148572,-178.85581508380395,6.239124922203382,,
1080,C:\Users\zzang\Desktop\workspace\Python\golf\src\golfdb-master\learning_video\golfdb_720p_slice\1080.mp4,7,Finish,187,mediapipe,True,78.74364481799914,,-169.5179653747226,172.96933245808665,-0.7223953520510901,lead_elbow_angle,missing_features:lead_elbow_angle
1088,C:\Users\zzang\Desktop\workspace\Python\golf\src\golfdb-master\learning_video\golfdb_720p_slice\1088.mp4,0,Address,152,mediapipe,True,161.52519356771964,168.77949521302344,-165.2826825693948,-173.66908217675746,8.74885833645024,,
1088,C:\Users\zzang\Desktop\workspace\Python\golf\src\golfdb-master\learning_video\golfdb_720p_slice\1088.mp4,1,Toe-up,169,mediapipe,True,172.45167116579546,173.0235205714164,172.64819680916224,-177.82212129597082,6.691755574847568,,
1088,C:\Users\zzang\Desktop\workspace\Python\golf\src\golfdb-master\learning_video\golfdb_720p_slice\1088.mp4,2,Mid-backswing,174,mediapipe,True,145.35017982716212,156.84042102677518,149.27712282565358,179.16758929151476,5.978594222329016,,
1088,C:\Users\zzang\Desktop\workspace\Python\golf\src\golfdb-master\learning_video\golfdb_720p_slice\1088.mp4,3,Top,182,mediapipe,True,,98.26556948286888,-178.59613855289814,-177.05692788606186,6.279280109960301,trail_elbow_angle,missing_features:trail_elbow_angle
1088,C:\Users\zzang\Desktop\workspace\Python\golf\src\golfdb-master\learning_video\golfdb_720p_slice\1088.mp4,4,Mid-downswing,189,mediapipe,True,,134.00671932722057,175.21151195282758,-176.42128917636222,6.269865126493622,trail_elbow_angle,missing_features:trail_elbow_angle
1088,C:\Users\zzang\Desktop\workspace\Python\golf\src\golfdb-master\learning_video\golfdb_720p_slice\1088.mp4,5,Impact,192,mediapipe,True,160.5960779701371,149.3780763243264,-157.25817579353492,-173.47029399777824,17.39029737693445,,
1088,C:\Users\zzang\Desktop\workspace\Python\golf\src\golfdb-master\learning_video\golfdb_720p_slice\1088.mp4,6,Mid-follow-through,194,mediapipe,True,154.6042229016937,159.08358340141538,-135.09253426341598,-169.4299273445749,18.578674954206587,,
1088,C:\Users\zzang\Desktop\workspace\Python\golf\src\golfdb-master\learning_video\golfdb_720p_slice\1088.mp4,7,Finish,218,mediapipe,True,,29.49691972903931,10.936068419249114,-4.525546151420448,-3.8696134976738326,trail_elbow_angle,missing_features:trail_elbow_angle
1089,C:\Users\zzang\Desktop\workspace\Python\golf\src\golfdb-master\learning_video\golfdb_720p_slice\1089.mp4,0,Address,54,mediapipe,True,162.796146493275,170.9768566712175,-165.06415170465306,-172.76349384605598,8.640282109643588,,
1089,C:\Users\zzang\Desktop\workspace\Python\golf\src\golfdb-master\learning_video\golfdb_720p_slice\1089.mp4,1,Toe-up,118,mediapipe,True,168.9342182419307,173.89536418336021,168.18353512036552,-179.10809065204603,7.236540387130516,,
1089,C:\Users\zzang\Desktop\workspace\Python\golf\src\golfdb-master\learning_video\golfdb_720p_slice\1089.mp4,2,Mid-backswing,137,mediapipe,True,140.03066727479867,152.54917608695735,161.46049820555945,-179.69199192542175,7.118835747196307,,
1089,C:\Users\zzang\Desktop\workspace\Python\golf\src\golfdb-master\learning_video\golfdb_720p_slice\1089.mp4,3,Top,170,mediapipe,True,,99.56484883191641,175.6350279928362,-177.0366676548736,6.920250432498939,trail_elbow_angle,missing_features:trail_elbow_angle
1089,C:\Users\zzang\Desktop\workspace\Python\golf\src\golfdb-master\learning_video\golfdb_720p_slice\1089.mp4,4,Mid-downswing,194,mediapipe,True,,133.6256246622458,171.61778827183497,-176.58647712340368,6.404180273814027,trail_elbow_angle,missing_features:trail_elbow_angle
1089,C:\Users\zzang\Desktop\workspace\Python\golf\src\golfdb-master\learning_video\golfdb_720p_slice\1089.mp4,5,Impact,208,mediapipe,True,152.73883424677263,155.7037342736551,-147.99586831319257,-171.09369806663162,18.622418787874718,,
1089,C:\Users\zzang\Desktop\workspace\Python\golf\src\golfdb-master\learning_video\golfdb_720p_slice\1089.mp4,6,Mid-follow-through,217,mediapipe,True,154.0322198078828,179.9464677581063,-135.38330568720005,-168.1372433582532,18.666490295632162,,
1089,C:\Users\zzang\Desktop\workspace\Python\golf\src\golfdb-master\learning_video\golfdb_720p_slice\1089.mp4,7,Finish,311,mediapipe,True,,32.47795679074526,11.235647005854332,-5.595366877973688,-4.113582622821947,trail_elbow_angle,missing_features:trail_elbow_angle
1104,C:\Users\zzang\Desktop\workspace\Python\golf\src\golfdb-master\learning_video\golfdb_720p_slice\1104.mp4,0,Address,212,mediapipe,True,178.30944245187348,171.07898690122485,-170.53842298892653,-178.51733880805799,6.730007873210189,,
1104,C:\Users\zzang\Desktop\workspace\Python\golf\src\golfdb-master\learning_video\golfdb_720p_slice\1104.mp4,1,Toe-up,224,mediapipe,True,,179.32348995360096,162.83582051449815,174.01847906473384,8.013505040544352,trail_elbow_angle,missing_features:trail_elbow_angle
1104,C:\Users\zzang\Desktop\workspace\Python\golf\src\golfdb-master\learning_video\golfdb_720p_slice\1104.mp4,2,Mid-backswing,227,mediapipe,True,141.0277182668006,136.888164127933,167.4349777449299,177.01227879242558,7.580249666441131,,
1104,C:\Users\zzang\Desktop\workspace\Python\golf\src\golfdb-master\learning_video\golfdb_720p_slice\1104.mp4,3,Top,234,mediapipe,True,128.167123748293,92.3782932662054,-162.10791503734058,-176.3547226052542,12.262909580912039,,
1104,C:\Users\zzang\Desktop\workspace\Python\golf\src\golfdb-master\learning_video\golfdb_720p_slice\1104.mp4,4,Mid-downswing,238,mediapipe,True,129.31854154053917,153.9014416309747,176.41725687160366,179.89864227659024,13.62744385248432,,
1104,C:\Users\zzang\Desktop\workspace\Python\golf\src\golfdb-master\learning_video\golfdb_720p_slice\1104.mp4,5,Impact,241,mediapipe,True,159.08754737491824,168.43676704863879,-148.4161602790836,-171.94752227507445,13.453213014376349,,
1104,C:\Users\zzang\Desktop\workspace\Python\golf\src\golfdb-master\learning_video\golfdb_720p_slice\1104.mp4,6,Mid-follow-through,243,mediapipe,True,147.0767633727876,166.18627183860622,-141.7798316015981,-171.78519888931112,16.28141125699103,,
1104,C:\Users\zzang\Desktop\workspace\Python\golf\src\golfdb-master\learning_video\golfdb_720p_slice\1104.mp4,7,Finish,260,mediapipe,True,77.88213833180224,66.23064209698035,3.8044876638390988,169.7997563840003,-1.3842251723587637,,
1105,C:\Users\zzang\Desktop\workspace\Python\golf\src\golfdb-master\learning_video\golfdb_720p_slice\1105.mp4,0,Address,87,mediapipe,True,166.9844105596129,172.84180673488453,-172.61338155070464,-173.10021484767918,-0.10777162103150302,,
1105,C:\Users\zzang\Desktop\workspace\Python\golf\src\golfdb-master\learning_video\golfdb_720p_slice\1105.mp4,1,Toe-up,99,mediapipe,True,162.81070762014593,172.10989240546908,167.61818186845477,179.02538363026818,0.6643935572864261,,
1105,C:\Users\zzang\Desktop\workspace\Python\golf\src\golfdb-master\learning_video\golfdb_720p_slice\1105.mp4,2,Mid-backswing,103,mediapipe,True,144.3238606543631,158.93948168067146,178.44650938263163,178.73300576066848,-2.724193261374648,,
1105,C:\Users\zzang\Desktop\workspace\Python\golf\src\golfdb-master\learning_video\golfdb_720p_slice\1105.mp4,3,Top,113,mediapipe,True,138.88211679388786,129.61285596586941,166.22128241713241,174.111865058156,-1.476971658943105,,
1105,C:\Users\zzang\Desktop\workspace\Python\golf\src\golfdb-master\learning_video\golfdb_720p_slice\1105.mp4,4,Mid-downswing,118,mediapipe,True,78.2347718033975,154.28775715105402,176.11190571784462,-177.67623456744627,4.551750013421368,,
1105,C:\Users\zzang\Desktop\workspace\Python\golf\src\golfdb-master\learning_video\golfdb_720p_slice\1105.mp4,5,Impact,122,mediapipe,True,167.23246823536616,179.34615941595993,-155.9688390457028,-171.04097987988195,14.429538037169513,,
1105,C:\Users\zzang\Desktop\workspace\Python\golf\src\golfdb-master\learning_video\golfdb_720p_slice\1105.mp4,6,Mid-follow-through,124,mediapipe,True,138.87686120788544,166.91775372600705,-159.93216032177048,-169.92052608143806,10.350158950789398,,
1105,C:\Users\zzang\Desktop\workspace\Python\golf\src\golfdb-master\learning_video\golfdb_720p_slice\1105.mp4,7,Finish,138,mediapipe,True,64.62196058493275,,176.80396985585435,-99.88394291208756,0.18682840022287553,lead_elbow_angle,missing_features:lead_elbow_angle
1106,C:\Users\zzang\Desktop\workspace\Python\golf\src\golfdb-master\learning_video\golfdb_720p_slice\1106.mp4,0,Address,9,mediapipe,True,166.56113274661462,170.13929306096975,-173.90732070689165,-174.88027339153695,-0.5057455483372874,,
1106,C:\Users\zzang\Desktop\workspace\Python\golf\src\golfdb-master\learning_video\golfdb_720p_slice\1106.mp4,1,Toe-up,56,mediapipe,True,171.37956945556942,174.1959504482858,169.54370030956304,-178.865952616822,2.0618875597698536,,
1106,C:\Users\zzang\Desktop\workspace\Python\golf\src\golfdb-master\learning_video\golfdb_720p_slice\1106.mp4,2,Mid-backswing,76,mediapipe,True,140.30363173512845,157.04597808580144,178.60942420059553,178.56018809014023,-1.9064169481264635,,
1106,C:\Users\zzang\Desktop\workspace\Python\golf\src\golfdb-master\learning_video\golfdb_720p_slice\1106.mp4,3,Top,111,mediapipe,True,140.11368430166183,128.18749312467338,171.4247132105049,174.72120164698208,-3.4273755640208385,,
1106,C:\Users\zzang\Desktop\workspace\Python\golf\src\golfdb-master\learning_video\golfdb_720p_slice\1106.mp4,4,Mid-downswing,134,mediapipe,True,73.36655434057039,146.77394990679045,172.65085585958656,179.2487509035736,1.9092928084819512,,
1106,C:\Users\zzang\Desktop\workspace\Python\golf\src\golfdb-master\learning_video\golfdb_720p_slice\1106.mp4,5,Impact,148,mediapipe,True,148.39531021615943,176.39401244420893,-159.37771134148886,-171.51976763055237,14.117797629076861,,
1106,C:\Users\zzang\Desktop\workspace\Python\golf\src\golfdb-master\learning_video\golfdb_720p_slice\1106.mp4,6,Mid-follow-through,156,mediapipe,True,172.14452577053703,174.7358407967382,-154.89009024045816,-173.6350908297412,12.662374095424456,,
1106,C:\Users\zzang\Desktop\workspace\Python\golf\src\golfdb-master\learning_video\golfdb_720p_slice\1106.mp4,7,Finish,212,mediapipe,True,63.75591411458197,,177.75142726307027,-179.18676994320336,-1.7747860543986067,lead_elbow_angle,missing_features:lead_elbow_angle
1113,C:\Users\zzang\Desktop\workspace\Python\golf\src\golfdb-master\learning_video\golfdb_720p_slice\1113.mp4,0,Address,178,mediapipe,True,164.7728349406059,176.719818938126,-168.06020207810454,-179.51091233910967,-0.7336440031457752,,
1113,C:\Users\zzang\Desktop\workspace\Python\golf\src\golfdb-master\learning_video\golfdb_720p_slice\1113.mp4,1,Toe-up,217,mediapipe,True,156.19280927610274,170.5227920715376,169.88774884213828,177.82986813172445,1.366541139583855,,
1113,C:\Users\zzang\Desktop\workspace\Python\golf\src\golfdb-master\learning_video\golfdb_720p_slice\1113.mp4,2,Mid-backswing,222,mediapipe,True,,162.04323615213377,169.13545771994617,176.80331541334587,0.8881273905410444,trail_elbow_angle,missing_features:trail_elbow_angle
1113,C:\Users\zzang\Desktop\workspace\Python\golf\src\golfdb-master\learning_video\golfdb_720p_slice\1113.mp4,3,Top,247,mediapipe,True,140.7994829743017,137.42808429837785,145.9707586841761,178.64621709403193,1.5932053929747207,,
1113,C:\Users\zzang\Desktop\workspace\Python\golf\src\golfdb-master\learning_video\golfdb_720p_slice\1113.mp4,4,Mid-downswing,255,mediapipe,True,123.66379931029873,157.0330397229278,-169.92323824930287,-177.67566161954906,6.051177579254506,,
1113,C:\Users\zzang\Desktop\workspace\Python\golf\src\golfdb-master\learning_video\golfdb_720p_slice\1113.mp4,5,Impact,258,mediapipe,True,156.2224838537059,163.91681265741033,-148.3237395053711,-168.1337490480758,19.009925124509,,
1113,C:\Users\zzang\Desktop\workspace\Python\golf\src\golfdb-master\learning_video\golfdb_720p_slice\1113.mp4,6,Mid-follow-through,260,mediapipe,True,167.3422009677183,173.16750479789854,-140.01387862711337,-171.09297028080343,20.332354999972605,,
1113,C:\Users\zzang\Desktop\workspace\Python\golf\src\golfdb-master\learning_video\golfdb_720p_slice\1113.mp4,7,Finish,289,mediapipe,True,55.86588398257876,108.90724571996867,-162.82449489452003,-164.15601075664762,5.24248038457568,,
1114,C:\Users\zzang\Desktop\workspace\Python\golf\src\golfdb-master\learning_video\golfdb_720p_slice\1114.mp4,0,Address,90,mediapipe,True,164.30069138691812,174.04285226585094,-170.56435275838362,-178.47996283218652,-0.9379468872806884,,
1114,C:\Users\zzang\Desktop\workspace\Python\golf\src\golfdb-master\learning_video\golfdb_720p_slice\1114.mp4,1,Toe-up,247,mediapipe,True,158.60999154303107,165.19452841745758,174.12687243539415,178.27113782889688,1.6222248725798378,,
1114,C:\Users\zzang\Desktop\workspace\Python\golf\src\golfdb-master\learning_video\golfdb_720p_slice\1114.mp4,2,Mid-backswing,265,mediapipe,True,,165.07757691550458,166.40429883216345,175.2351955365204,0.4463132707103046,trail_elbow_angle,missing_features:trail_elbow_angle
1114,C:\Users\zzang\Desktop\workspace\Python\golf\src\golfdb-master\learning_video\golfdb_720p_slice\1114.mp4,3,Top,366,mediapipe,True,,114.13994637736721,171.8519080354248,177.87639197817927,0.220916946350376,trail_elbow_angle,missing_features:trail_elbow_angle
1114,C:\Users\zzang\Desktop\workspace\Python\golf\src\golfdb-master\learning_video\golfdb_720p_slice\1114.mp4,4,Mid-downswing,396,mediapipe,True,28.437250739488118,159.31439995669623,-165.93485627397067,-177.36057415667682,4.708453814130281,,
1114,C:\Users\zzang\Desktop\workspace\Python\golf\src\golfdb-master\learning_video\golfdb_720p_slice\1114.mp4,5,Impact,409,mediapipe,True,158.41006703253726,171.01183065841704,-149.11238477363258,-166.71616947517757,19.273642476694388,,
1114,C:\Users\zzang\Desktop\workspace\Python\golf\src\golfdb-master\learning_video\golfdb_720p_slice\1114.mp4,6,Mid-follow-through,420,mediapipe,True,170.61688318481174,167.1714715175359,-137.32408184792894,-171.2583373385064,21.354282168395102,,
1114,C:\Users\zzang\Desktop\workspace\Python\golf\src\golfdb-master\learning_video\golfdb_720p_slice\1114.mp4,7,Finish,527,mediapipe,True,110.37595644002943,47.49251746412394,4.479193948555028,-17.17913665251153,5.100089216059595,,
1125,C:\Users\zzang\Desktop\workspace\Python\golf\src\golfdb-master\learning_video\golfdb_720p_slice\1125.mp4,0,Address,545,mediapipe,True,171.19305112795792,165.93789633848078,-170.97939071826445,-175.00741599252035,-0.39597464458508586,,
1125,C:\Users\zzang\Desktop\workspace\Python\golf\src\golfdb-master\learning_video\golfdb_720p_slice\1125.mp4,1,Toe-up,563,mediapipe,True,168.0871674515371,153.3401910837924,166.94425903332558,-178.92689681109098,8.36883909433767,,
1125,C:\Users\zzang\Desktop\workspace\Python\golf\src\golfdb-master\learning_video\golfdb_720p_slice\1125.mp4,2,Mid-backswing,571,mediapipe,True,170.3883305648073,148.65468594257504,143.8059671435193,178.51434279082676,7.9150987641953945,,
1125,C:\Users\zzang\Desktop\workspace\Python\golf\src\golfdb-master\learning_video\golfdb_720p_slice\1125.mp4,3,Top,579,mediapipe,True,,86.23861008043944,-174.6860985239831,-176.1593830787216,10.312069826857552,trail_elbow_angle,missing_features:trail_elbow_angle
1125,C:\Users\zzang\Desktop\workspace\Python\golf\src\golfdb-master\learning_video\golfdb_720p_slice\1125.mp4,4,Mid-downswing,582,mediapipe,True,,138.3350607017416,149.49924677858198,-179.69861633894257,12.629511206848704,trail_elbow_angle,missing_features:trail_elbow_angle
1125,C:\Users\zzang\Desktop\workspace\Python\golf\src\golfdb-master\learning_video\golfdb_720p_slice\1125.mp4,5,Impact,585,mediapipe,True,154.49253347414188,132.0039562239974,-161.37333594058506,-174.20082323943925,22.0618661952037,,
1125,C:\Users\zzang\Desktop\workspace\Python\golf\src\golfdb-master\learning_video\golfdb_720p_slice\1125.mp4,6,Mid-follow-through,587,mediapipe,True,154.69310573937622,158.40984728640862,-139.76248155976208,-170.6189100871798,26.126777594337963,,
1125,C:\Users\zzang\Desktop\workspace\Python\golf\src\golfdb-master\learning_video\golfdb_720p_slice\1125.mp4,7,Finish,611,mediapipe,True,7.507979467916893,,62.42313814618238,156.47687788103292,0.39475339535166076,lead_elbow_angle,missing_features:lead_elbow_angle
1126,C:\Users\zzang\Desktop\workspace\Python\golf\src\golfdb-master\learning_video\golfdb_720p_slice\1126.mp4,0,Address,71,mediapipe,True,169.87491804678845,169.25216491946006,-172.07622367268408,-175.55503791272648,1.7137925112581065,,
1126,C:\Users\zzang\Desktop\workspace\Python\golf\src\golfdb-master\learning_video\golfdb_720p_slice\1126.mp4,1,Toe-up,118,mediapipe,True,168.49623688146332,158.38210319847758,163.11234972189297,179.63520894473004,8.53739619903945,,
1126,C:\Users\zzang\Desktop\workspace\Python\golf\src\golfdb-master\learning_video\golfdb_720p_slice\1126.mp4,2,Mid-backswing,148,mediapipe,True,,148.1555022606902,138.50682957727693,177.67475520282613,6.817908012063598,trail_elbow_angle,missing_features:trail_elbow_angle
1126,C:\Users\zzang\Desktop\workspace\Python\golf\src\golfdb-master\learning_video\golfdb_720p_slice\1126.mp4,3,Top,176,mediapipe,True,,93.36858380284372,168.51546842094487,178.72551741423413,8.873773679788181,trail_elbow_angle,missing_features:trail_elbow_angle
1126,C:\Users\zzang\Desktop\workspace\Python\golf\src\golfdb-master\learning_video\golfdb_720p_slice\1126.mp4,4,Mid-downswing,193,mediapipe,True,122.05923453737455,144.67586379061538,153.024885845511,178.78213106175414,13.432770255861962,,
1126,C:\Users\zzang\Desktop\workspace\Python\golf\src\golfdb-master\learning_video\golfdb_720p_slice\1126.mp4,5,Impact,206,mediapipe,True,153.23393141769807,136.28411415213333,-151.0692265183294,-172.03945521347742,24.57194121815954,,
1126,C:\Users\zzang\Desktop\workspace\Python\golf\src\golfdb-master\learning_video\golfdb_720p_slice\1126.mp4,6,Mid-follow-through,214,mediapipe,True,144.3711008976675,177.0149567490923,-146.779097550133,-170.58823965848748,24.773358312693734,,
1126,C:\Users\zzang\Desktop\workspace\Python\golf\src\golfdb-master\learning_video\golfdb_720p_slice\1126.mp4,7,Finish,308,mediapipe,True,45.79326047174437,,33.02452163220957,164.72919964004984,0.8312953861045076,lead_elbow_angle,missing_features:lead_elbow_angle
1162,C:\Users\zzang\Desktop\workspace\Python\golf\src\golfdb-master\learning_video\golfdb_720p_slice\1162.mp4,0,Address,90,mediapipe,True,178.5335698854186,175.2396945326273,-172.25846465757692,-175.60314026279008,6.600854662366258,,
1162,C:\Users\zzang\Desktop\workspace\Python\golf\src\golfdb-master\learning_video\golfdb_720p_slice\1162.mp4,1,Toe-up,113,mediapipe,True,161.84805700790753,175.8177829974016,169.74635484122078,-179.29435840245205,13.595999785330083,,
1162,C:\Users\zzang\Desktop\workspace\Python\golf\src\golfdb-master\learning_video\golfdb_720p_slice\1162.mp4,2,Mid-backswing,120,mediapipe,True,,127.22047772741512,148.96015651127655,-178.75501506517577,13.341703873212204,trail_elbow_angle,missing_features:trail_elbow_angle
1162,C:\Users\zzang\Desktop\workspace\Python\golf\src\golfdb-master\learning_video\golfdb_720p_slice\1162.mp4,3,Top,128,mediapipe,True,,51.22110232775574,175.27625851207424,-179.9168401641044,8.340492179617481,trail_elbow_angle,missing_features:trail_elbow_angle
1162,C:\Users\zzang\Desktop\workspace\Python\golf\src\golfdb-master\learning_video\golfdb_720p_slice\1162.mp4,4,Mid-downswing,135,mediapipe,True,,149.50794336625083,179.84033362286667,-177.12690403970862,6.606611745483653,trail_elbow_angle,missing_features:trail_elbow_angle
1162,C:\Users\zzang\Desktop\workspace\Python\golf\src\golfdb-master\learning_video\golfdb_720p_slice\1162.mp4,5,Impact,138,mediapipe,True,179.6532056481156,171.50643295706777,-153.6495113654004,-173.56059805059968,14.189624281477137,,
1162,C:\Users\zzang\Desktop\workspace\Python\golf\src\golfdb-master\learning_video\golfdb_720p_slice\1162.mp4,6,Mid-follow-through,141,mediapipe,True,164.575816100995,164.26134889538216,-134.82308318739658,-174.98291680755503,9.329044799960105,,
1162,C:\Users\zzang\Desktop\workspace\Python\golf\src\golfdb-master\learning_video\golfdb_720p_slice\1162.mp4,7,Finish,159,mediapipe,True,164.75990444253412,108.57691178483415,5.670152801168874,5.761201823872379,0.6126772156524063,,
1163,C:\Users\zzang\Desktop\workspace\Python\golf\src\golfdb-master\learning_video\golfdb_720p_slice\1163.mp4,0,Address,43,mediapipe,True,178.4900107123332,176.4137089853186,-172.14286092152068,-177.4328138369415,6.498085962347686,,
1163,C:\Users\zzang\Desktop\workspace\Python\golf\src\golfdb-master\learning_video\golfdb_720p_slice\1163.mp4,1,Toe-up,133,mediapipe,True,163.17430488860637,176.04659279350363,167.1718093553709,-179.4961847049255,12.641006657919773,,
1163,C:\Users\zzang\Desktop\workspace\Python\golf\src\golfdb-master\learning_video\golfdb_720p_slice\1163.mp4,2,Mid-backswing,162,mediapipe,True,,129.0944441978175,149.85823453426127,-179.85539259473606,15.505049321839996,trail_elbow_angle,missing_features:trail_elbow_angle
1163,C:\Users\zzang\Desktop\workspace\Python\golf\src\golfdb-master\learning_video\golfdb_720p_slice\1163.mp4,3,Top,197,mediapipe,True,,106.06324428985155,178.7314937993412,-179.32344230335426,8.82572550199004,trail_elbow_angle,missing_features:trail_elbow_angle
1163,C:\Users\zzang\Desktop\workspace\Python\golf\src\golfdb-master\learning_video\golfdb_720p_slice\1163.mp4,4,Mid-downswing,221,mediapipe,True,,145.41100164794722,175.69470283999914,-176.87949648146676,6.384682590137971,trail_elbow_angle,missing_features:trail_elbow_angle
1163,C:\Users\zzang\Desktop\workspace\Python\golf\src\golfdb-master\learning_video\golfdb_720p_slice\1163.mp4,5,Impact,235,mediapipe,True,169.49576351769733,159.03961823583472,-150.38543265399858,-175.0841031052713,13.163446778840658,,
1163,C:\Users\zzang\Desktop\workspace\Python\golf\src\golfdb-master\learning_video\golfdb_720p_slice\1163.mp4,6,Mid-follow-through,244,mediapipe,True,177.9462086044404,166.93609300639085,-135.75438659477174,-175.30537130578116,9.508657477829141,,
1163,C:\Users\zzang\Desktop\workspace\Python\golf\src\golfdb-master\learning_video\golfdb_720p_slice\1163.mp4,7,Finish,317,mediapipe,True,162.0172759930677,100.78636843477253,13.9102331226456,13.695282473195649,1.6499609799895065,,
1164,C:\Users\zzang\Desktop\workspace\Python\golf\src\golfdb-master\learning_video\golfdb_720p_slice\1164.mp4,0,Address,276,mediapipe,True,167.17213161939284,175.18533220545586,-168.91632794202323,-178.01593784488324,1.3466920373133933,,
1164,C:\Users\zzang\Desktop\workspace\Python\golf\src\golfdb-master\learning_video\golfdb_720p_slice\1164.mp4,1,Toe-up,293,mediapipe,True,,167.71622694523472,170.3612784228152,176.12827456945243,4.208823307100792,trail_elbow_angle,missing_features:trail_elbow_angle
1164,C:\Users\zzang\Desktop\workspace\Python\golf\src\golfdb-master\learning_video\golfdb_720p_slice\1164.mp4,2,Mid-backswing,296,mediapipe,True,152.9780687730251,151.96984975219527,165.48614849563947,173.37510115034604,1.4946894986219086,,
1164,C:\Users\zzang\Desktop\workspace\Python\golf\src\golfdb-master\learning_video\golfdb_720p_slice\1164.mp4,3,Top,303,mediapipe,True,,113.98728282445303,-170.31291657447474,178.23196438265325,1.1747288430145681,trail_elbow_angle,missing_features:trail_elbow_angle
1164,C:\Users\zzang\Desktop\workspace\Python\golf\src\golfdb-master\learning_video\golfdb_720p_slice\1164.mp4,4,Mid-downswing,309,mediapipe,True,94.05046754334299,145.7153912773918,-171.48309874544032,-178.0948362250025,8.463074596833856,,
1164,C:\Users\zzang\Desktop\workspace\Python\golf\src\golfdb-master\learning_video\golfdb_720p_slice\1164.mp4,5,Impact,312,mediapipe,True,166.38720796099653,179.95730433843877,-142.01567230002422,-174.9892575566523,15.275461974926863,,
1164,C:\Users\zzang\Desktop\workspace\Python\golf\src\golfdb-master\learning_video\golfdb_720p_slice\1164.mp4,6,Mid-follow-through,314,mediapipe,True,167.70912581962202,163.37108859262932,-136.41161873181622,-170.50664197264337,10.99655183916842,,
1164,C:\Users\zzang\Desktop\workspace\Python\golf\src\golfdb-master\learning_video\golfdb_720p_slice\1164.mp4,7,Finish,330,mediapipe,True,,92.79436779962239,7.150328282745614,-7.47978688574963,1.500422795124052,trail_elbow_angle,missing_features:trail_elbow_angle
1165,C:\Users\zzang\Desktop\workspace\Python\golf\src\golfdb-master\learning_video\golfdb_720p_slice\1165.mp4,0,Address,19,mediapipe,True,167.74758053372554,176.37874758062662,-168.54610615383118,-175.91469195747868,2.4045649353123677,,
1165,C:\Users\zzang\Desktop\workspace\Python\golf\src\golfdb-master\learning_video\golfdb_720p_slice\1165.mp4,1,Toe-up,81,mediapipe,True,165.06710019966079,169.94108913695425,171.0789568994908,-179.21953019573647,4.088932031843044,,
1165,C:\Users\zzang\Desktop\workspace\Python\golf\src\golfdb-master\learning_video\golfdb_720p_slice\1165.mp4,2,Mid-backswing,91,mediapipe,True,,161.09879276088856,168.10088789572225,175.57050219236478,3.0873988083739876,trail_elbow_angle,missing_features:trail_elbow_angle
1165,C:\Users\zzang\Desktop\workspace\Python\golf\src\golfdb-master\learning_video\golfdb_720p_slice\1165.mp4,3,Top,125,mediapipe,True,,90.19119767261529,-172.0862978174647,176.60433107951582,0.5807203502808287,trail_elbow_angle,missing_features:trail_elbow_angle
1165,C:\Users\zzang\Desktop\workspace\Python\golf\src\golfdb-master\learning_video\golfdb_720p_slice\1165.mp4,4,Mid-downswing,144,mediapipe,True,,149.17483273967488,179.5913666377355,175.82262997894344,4.869736247876979,trail_elbow_angle,missing_features:trail_elbow_angle
1165,C:\Users\zzang\Desktop\workspace\Python\golf\src\golfdb-master\learning_video\golfdb_720p_slice\1165.mp4,5,Impact,155,mediapipe,True,145.06626971457644,172.74872549597475,-158.11385787108821,179.3142336158543,9.6014294095781,,
1165,C:\Users\zzang\Desktop\workspace\Python\golf\src\golfdb-master\learning_video\golfdb_720p_slice\1165.mp4,6,Mid-follow-through,165,mediapipe,True,166.69621940792112,156.65521321439846,-143.24989688088343,-170.93921179547132,12.96331309868202,,
1165,C:\Users\zzang\Desktop\workspace\Python\golf\src\golfdb-master\learning_video\golfdb_720p_slice\1165.mp4,7,Finish,229,mediapipe,True,41.653361089717585,97.14865672838035,6.814816959305337,-13.544339312465949,2.2963204973590243,,
1166,C:\Users\zzang\Desktop\workspace\Python\golf\src\golfdb-master\learning_video\golfdb_720p_slice\1166.mp4,0,Address,117,mediapipe,True,169.61514848033042,166.29171972411422,-172.22006766125364,179.50035777826545,1.9695363259473908,,
1166,C:\Users\zzang\Desktop\workspace\Python\golf\src\golfdb-master\learning_video\golfdb_720p_slice\1166.mp4,1,Toe-up,135,mediapipe,True,146.3127693427996,161.5456475089736,163.00201811856442,178.3184517450029,10.040640718959082,,
1166,C:\Users\zzang\Desktop\workspace\Python\golf\src\golfdb-master\learning_video\golfdb_720p_slice\1166.mp4,2,Mid-backswing,139,mediapipe,True,,144.54181275192423,159.13507008614994,179.67805862845464,14.170329901833956,trail_elbow_angle,missing_features:trail_elbow_angle
1166,C:\Users\zzang\Desktop\workspace\Python\golf\src\golfdb-master\learning_video\golfdb_720p_slice\1166.mp4,3,Top,147,mediapipe,True,,99.75027011561195,177.8222050451946,-176.94727785431073,15.596483443131566,trail_elbow_angle,missing_features:trail_elbow_angle
1166,C:\Users\zzang\Desktop\workspace\Python\golf\src\golfdb-master\learning_video\golfdb_720p_slice\1166.mp4,4,Mid-downswing,152,mediapipe,True,,128.88229289612514,-174.06662398661712,-176.17773780442872,9.794583873617386,trail_elbow_angle,missing_features:trail_elbow_angle
1166,C:\Users\zzang\Desktop\workspace\Python\golf\src\golfdb-master\learning_video\golfdb_720p_slice\1166.mp4,5,Impact,155,mediapipe,True,156.26582357129016,172.95909696899452,-151.58918091929672,-175.93612506661688,10.927560112221975,,
1166,C:\Users\zzang\Desktop\workspace\Python\golf\src\golfdb-master\learning_video\golfdb_720p_slice\1166.mp4,6,Mid-follow-through,157,mediapipe,True,164.46763297594495,,-145.25074477366783,-177.76736482006282,10.309620398527365,lead_elbow_angle,missing_features:lead_elbow_angle
1166,C:\Users\zzang\Desktop\workspace\Python\golf\src\golfdb-master\learning_video\golfdb_720p_slice\1166.mp4,7,Finish,181,mediapipe,True,47.982248478501404,18.51612526998181,18.336175546703938,163.8698656109816,5.262055963685497,,
1167,C:\Users\zzang\Desktop\workspace\Python\golf\src\golfdb-master\learning_video\golfdb_720p_slice\1167.mp4,0,Address,58,mediapipe,True,167.83939158430573,167.4062350197133,-169.2599540262835,-179.12074262799766,2.18895433066744,,
1167,C:\Users\zzang\Desktop\workspace\Python\golf\src\golfdb-master\learning_video\golfdb_720p_slice\1167.mp4,1,Toe-up,129,mediapipe,True,152.5509858832164,165.7200125325145,162.62933748606682,178.87412676592245,10.559418980303498,,
1167,C:\Users\zzang\Desktop\workspace\Python\golf\src\golfdb-master\learning_video\golfdb_720p_slice\1167.mp4,2,Mid-backswing,145,mediapipe,True,,145.81716462708172,163.16245125986293,179.95246410230595,13.084497630921089,trail_elbow_angle,missing_features:trail_elbow_angle
1167,C:\Users\zzang\Desktop\workspace\Python\golf\src\golfdb-master\learning_video\golfdb_720p_slice\1167.mp4,3,Top,177,mediapipe,True,,81.3352900795217,-178.30068075311948,-175.75559429260863,14.123536673211838,trail_elbow_angle,missing_features:trail_elbow_angle
1167,C:\Users\zzang\Desktop\workspace\Python\golf\src\golfdb-master\learning_video\golfdb_720p_slice\1167.mp4,4,Mid-downswing,195,mediapipe,True,,137.68238237551796,177.43271651451354,179.1550573971426,10.638645705024588,trail_elbow_angle,missing_features:trail_elbow_angle
1167,C:\Users\zzang\Desktop\workspace\Python\golf\src\golfdb-master\learning_video\golfdb_720p_slice\1167.mp4,5,Impact,209,mediapipe,True,154.7063084125609,168.38100459765505,-156.2425114164908,-172.63462143463167,9.660327542465824,,
1167,C:\Users\zzang\Desktop\workspace\Python\golf\src\golfdb-master\learning_video\golfdb_720p_slice\1167.mp4,6,Mid-follow-through,218,mediapipe,True,165.11582073090176,160.84119219668543,-146.5229042229701,-176.48677325761764,9.602735224027061,,
1167,C:\Users\zzang\Desktop\workspace\Python\golf\src\golfdb-master\learning_video\golfdb_720p_slice\1167.mp4,7,Finish,312,mediapipe,True,,19.108233806477543,18.225332687441526,9.435838130582868,5.8856469676594845,trail_elbow_angle,missing_features:trail_elbow_angle
1181,C:\Users\zzang\Desktop\workspace\Python\golf\src\golfdb-master\learning_video\golfdb_720p_slice\1181.mp4,0,Address,124,mediapipe,True,165.86607233914899,174.69381927284218,-174.03424250038782,-174.28375619047765,1.844913044728207,,
1181,C:\Users\zzang\Desktop\workspace\Python\golf\src\golfdb-master\learning_video\golfdb_720p_slice\1181.mp4,1,Toe-up,135,mediapipe,True,129.88294970200548,137.24784366430958,-178.88149953607086,-177.00017341494936,7.541343091889622,,
1181,C:\Users\zzang\Desktop\workspace\Python\golf\src\golfdb-master\learning_video\golfdb_720p_slice\1181.mp4,2,Mid-backswing,138,mediapipe,True,126.39786142165686,137.74825886340014,179.60241696803695,-175.92083995544422,8.034318951633322,,
1181,C:\Users\zzang\Desktop\workspace\Python\golf\src\golfdb-master\learning_video\golfdb_720p_slice\1181.mp4,3,Top,144,mediapipe,True,135.38665810594114,113.54559916609553,167.50220232842258,179.48613456341238,5.894986218963949,,
1181,C:\Users\zzang\Desktop\workspace\Python\golf\src\golfdb-master\learning_video\golfdb_720p_slice\1181.mp4,4,Mid-downswing,148,mediapipe,True,,144.70778386627583,-170.91378126181488,-177.28047777446056,11.033142281976351,trail_elbow_angle,missing_features:trail_elbow_angle
1181,C:\Users\zzang\Desktop\workspace\Python\golf\src\golfdb-master\learning_video\golfdb_720p_slice\1181.mp4,5,Impact,151,mediapipe,True,153.5738878770583,177.77959633942686,-149.6585384153795,-171.48452703409748,19.278925990571366,,
1181,C:\Users\zzang\Desktop\workspace\Python\golf\src\golfdb-master\learning_video\golfdb_720p_slice\1181.mp4,6,Mid-follow-through,153,mediapipe,True,156.59833639714304,155.81246157730044,-134.4781048452386,-169.347915534272,18.277342413701266,,
1181,C:\Users\zzang\Desktop\workspace\Python\golf\src\golfdb-master\learning_video\golfdb_720p_slice\1181.mp4,7,Finish,174,mediapipe,True,60.312150272706184,,12.362601468075189,-45.171017911586254,1.7505949392048195,lead_elbow_angle,missing_features:lead_elbow_angle
1184,C:\Users\zzang\Desktop\workspace\Python\golf\src\golfdb-master\learning_video\golfdb_720p_slice\1184.mp4,0,Address,278,mediapipe,True,170.8247980872221,176.46304016266942,-167.342535713332,-176.82518715284652,3.3753017010498447,,
1184,C:\Users\zzang\Desktop\workspace\Python\golf\src\golfdb-master\learning_video\golfdb_720p_slice\1184.mp4,1,Toe-up,294,mediapipe,True,,159.48860429904605,173.5751309544237,-178.9255895122925,7.971423453204497,trail_elbow_angle,missing_features:trail_elbow_angle
1184,C:\Users\zzang\Desktop\workspace\Python\golf\src\golfdb-master\learning_video\golfdb_720p_slice\1184.mp4,2,Mid-backswing,297,mediapipe,True,,144.6819660088286,161.35948321146896,179.62881822559132,5.725637042977281,trail_elbow_angle,missing_features:trail_elbow_angle
1184,C:\Users\zzang\Desktop\workspace\Python\golf\src\golfdb-master\learning_video\golfdb_720p_slice\1184.mp4,3,Top,303,mediapipe,True,,121.77141940207562,179.77226828284537,177.52382094016195,4.254615194441268,trail_elbow_angle,missing_features:trail_elbow_angle
1184,C:\Users\zzang\Desktop\workspace\Python\golf\src\golfdb-master\learning_video\golfdb_720p_slice\1184.mp4,4,Mid-downswing,307,mediapipe,True,,151.72649989140857,-177.59952171350247,-175.96378715874926,11.505648424488323,trail_elbow_angle,missing_features:trail_elbow_angle
1184,C:\Users\zzang\Desktop\workspace\Python\golf\src\golfdb-master\learning_video\golfdb_720p_slice\1184.mp4,5,Impact,311,mediapipe,True,162.81683268335115,177.64590898348365,-144.06322892965053,-162.51390429672315,20.668765293172136,,
1184,C:\Users\zzang\Desktop\workspace\Python\golf\src\golfdb-master\learning_video\golfdb_720p_slice\1184.mp4,6,Mid-follow-through,313,mediapipe,True,154.95145604182983,,-133.20094021781685,-161.46520634665882,23.690775169592893,lead_elbow_angle,missing_features:lead_elbow_angle
1184,C:\Users\zzang\Desktop\workspace\Python\golf\src\golfdb-master\learning_video\golfdb_720p_slice\1184.mp4,7,Finish,334,mediapipe,True,,,8.128294707073131,-15.759585086186174,3.665544118377512,trail_elbow_angle|lead_elbow_angle,missing_features:trail_elbow_angle|lead_elbow_angle
1187,C:\Users\zzang\Desktop\workspace\Python\golf\src\golfdb-master\learning_video\golfdb_720p_slice\1187.mp4,0,Address,349,mediapipe,True,163.18458145431842,170.22027587864085,-171.99710777878335,-178.95123284520264,2.352068470961469,,
1187,C:\Users\zzang\Desktop\workspace\Python\golf\src\golfdb-master\learning_video\golfdb_720p_slice\1187.mp4,1,Toe-up,368,mediapipe,True,,,169.49821114689823,-178.8341952697127,10.83693890166449,trail_elbow_angle|lead_elbow_angle,missing_features:trail_elbow_angle|lead_elbow_angle
1187,C:\Users\zzang\Desktop\workspace\Python\golf\src\golfdb-master\learning_video\golfdb_720p_slice\1187.mp4,2,Mid-backswing,371,mediapipe,True,,135.03522231478553,166.56236804825988,179.91593502546968,10.910804858775885,trail_elbow_angle,missing_features:trail_elbow_angle
1187,C:\Users\zzang\Desktop\workspace\Python\golf\src\golfdb-master\learning_video\golfdb_720p_slice\1187.mp4,3,Top,377,mediapipe,True,49.16242546041262,124.65938132869567,-141.26018011586802,-175.27543200634173,13.225046493941932,,
1187,C:\Users\zzang\Desktop\workspace\Python\golf\src\golfdb-master\learning_video\golfdb_720p_slice\1187.mp4,4,Mid-downswing,381,mediapipe,True,,,-171.40043398765218,-178.44425949123067,12.506725166110446,trail_elbow_angle|lead_elbow_angle,missing_features:trail_elbow_angle|lead_elbow_angle
1187,C:\Users\zzang\Desktop\workspace\Python\golf\src\golfdb-master\learning_video\golfdb_720p_slice\1187.mp4,5,Impact,384,mediapipe,True,153.5238955945294,179.06098995536567,-150.7323216967227,-171.42318843758844,18.571855825937877,,
1187,C:\Users\zzang\Desktop\workspace\Python\golf\src\golfdb-master\learning_video\golfdb_720p_slice\1187.mp4,6,Mid-follow-through,386,mediapipe,True,157.76727328853508,163.57934163980227,-134.6926617960217,-166.41545894248273,18.980037180688416,,
1187,C:\Users\zzang\Desktop\workspace\Python\golf\src\golfdb-master\learning_video\golfdb_720p_slice\1187.mp4,7,Finish,411,mediapipe,True,34.26171656997361,,9.693173340897738,-170.06346540750246,0.13162771637081777,lead_elbow_angle,missing_features:lead_elbow_angle
1190,C:\Users\zzang\Desktop\workspace\Python\golf\src\golfdb-master\learning_video\golfdb_720p_slice\1190.mp4,0,Address,39,mediapipe,True,166.07282531329625,179.36717892899665,-172.90135538290323,-174.8556636599644,1.9479964350880234,,
1190,C:\Users\zzang\Desktop\workspace\Python\golf\src\golfdb-master\learning_video\golfdb_720p_slice\1190.mp4,1,Toe-up,86,mediapipe,True,139.6779546634377,131.1134874108038,-179.5469391262755,-176.79589307251197,7.636139233343779,,
1190,C:\Users\zzang\Desktop\workspace\Python\golf\src\golfdb-master\learning_video\golfdb_720p_slice\1190.mp4,2,Mid-backswing,100,mediapipe,True,132.41868023744306,152.80764554717064,179.77299182791722,-178.3550096125351,6.8310936737201295,,
1190,C:\Users\zzang\Desktop\workspace\Python\golf\src\golfdb-master\learning_video\golfdb_720p_slice\1190.mp4,3,Top,122,mediapipe,True,131.62739440053255,156.74004310025907,179.7199980892082,-177.9677743368489,6.282671942037668,,
1190,C:\Users\zzang\Desktop\workspace\Python\golf\src\golfdb-master\learning_video\golfdb_720p_slice\1190.mp4,4,Mid-downswing,138,mediapipe,True,104.11801583763705,140.31386449386602,-166.47284575793608,-176.50226365682568,8.063354406716542,,
1190,C:\Users\zzang\Desktop\workspace\Python\golf\src\golfdb-master\learning_video\golfdb_720p_slice\1190.mp4,5,Impact,152,mediapipe,True,166.50982515296735,172.6774266911514,-151.79154684194856,-173.7025878611257,17.908278685388993,,
1190,C:\Users\zzang\Desktop\workspace\Python\golf\src\golfdb-master\learning_video\golfdb_720p_slice\1190.mp4,6,Mid-follow-through,160,mediapipe,True,139.83613473055,158.56817061476232,-147.14950182101654,-173.80584734101893,19.714768898365627,,
1190,C:\Users\zzang\Desktop\workspace\Python\golf\src\golfdb-master\learning_video\golfdb_720p_slice\1190.mp4,7,Finish,234,mediapipe,True,,,27.541443776675706,175.38676766372967,2.1416161347310068,trail_elbow_angle|lead_elbow_angle,missing_features:trail_elbow_angle|lead_elbow_angle
1191,C:\Users\zzang\Desktop\workspace\Python\golf\src\golfdb-master\learning_video\golfdb_720p_slice\1191.mp4,0,Address,27,mediapipe,True,168.92642370713952,171.1679004341835,-170.17826034729742,-176.1173669648492,3.029140761801429,,
1191,C:\Users\zzang\Desktop\workspace\Python\golf\src\golfdb-master\learning_video\golfdb_720p_slice\1191.mp4,1,Toe-up,86,mediapipe,True,,148.77642325324206,165.13663020655255,178.40282507933318,9.69792699230788,trail_elbow_angle,missing_features:trail_elbow_angle
1191,C:\Users\zzang\Desktop\workspace\Python\golf\src\golfdb-master\learning_video\golfdb_720p_slice\1191.mp4,2,Mid-backswing,100,mediapipe,True,,136.79873722896406,163.64805380680255,174.03342943110795,11.293704139051501,trail_elbow_angle,missing_features:trail_elbow_angle
1191,C:\Users\zzang\Desktop\workspace\Python\golf\src\golfdb-master\learning_video\golfdb_720p_slice\1191.mp4,3,Top,120,mediapipe,True,,108.19900772851493,157.8171696214465,-178.96703849525133,7.575116545895729,trail_elbow_angle,missing_features:trail_elbow_angle
1191,C:\Users\zzang\Desktop\workspace\Python\golf\src\golfdb-master\learning_video\golfdb_720p_slice\1191.mp4,4,Mid-downswing,137,mediapipe,True,,152.6086421824383,163.97287250555746,172.00102143811364,9.626170103415792,trail_elbow_angle,missing_features:trail_elbow_angle
1191,C:\Users\zzang\Desktop\workspace\Python\golf\src\golfdb-master\learning_video\golfdb_720p_slice\1191.mp4,5,Impact,151,mediapipe,True,168.2671376870052,164.56218688884832,-154.54176178873138,-170.70964017281753,20.866441232385906,,
1191,C:\Users\zzang\Desktop\workspace\Python\golf\src\golfdb-master\learning_video\golfdb_720p_slice\1191.mp4,6,Mid-follow-through,160,mediapipe,True,159.5956937696789,161.22316322518287,-137.94380837435256,-170.68528052493622,19.09041739853359,,
1191,C:\Users\zzang\Desktop\workspace\Python\golf\src\golfdb-master\learning_video\golfdb_720p_slice\1191.mp4,7,Finish,250,mediapipe,True,28.836407672664173,,8.65893983257156,-71.85133381566179,1.018852987157202,lead_elbow_angle,missing_features:lead_elbow_angle
1195,C:\Users\zzang\Desktop\workspace\Python\golf\src\golfdb-master\learning_video\golfdb_720p_slice\1195.mp4,0,Address,373,mediapipe,True,170.22388397165014,179.11273520191185,-166.33328884611436,-175.43320172542226,5.819824451868323,,
1195,C:\Users\zzang\Desktop\workspace\Python\golf\src\golfdb-master\learning_video\golfdb_720p_slice\1195.mp4,1,Toe-up,396,mediapipe,True,,161.40491096591182,174.1329314435358,-175.20394426109974,12.253051316945438,trail_elbow_angle,missing_features:trail_elbow_angle
1195,C:\Users\zzang\Desktop\workspace\Python\golf\src\golfdb-master\learning_video\golfdb_720p_slice\1195.mp4,2,Mid-backswing,403,mediapipe,True,,131.89484360824858,-162.6644701254504,-170.49709954751467,13.304604072166038,trail_elbow_angle,missing_features:trail_elbow_angle
1195,C:\Users\zzang\Desktop\workspace\Python\golf\src\golfdb-master\learning_video\golfdb_720p_slice\1195.mp4,3,Top,411,mediapipe,True,,90.41705090699483,-158.67545282508178,-173.97458003174984,12.871026209660945,trail_elbow_angle,missing_features:trail_elbow_angle
1195,C:\Users\zzang\Desktop\workspace\Python\golf\src\golfdb-master\learning_video\golfdb_720p_slice\1195.mp4,4,Mid-downswing,415,mediapipe,True,168.90205096524545,144.8508656017074,174.79945100901946,-174.41965379484017,8.81450864375458,,
1195,C:\Users\zzang\Desktop\workspace\Python\golf\src\golfdb-master\learning_video\golfdb_720p_slice\1195.mp4,5,Impact,419,mediapipe,True,151.1369616770679,168.60361407666758,-152.751735810459,-173.0480519188498,16.464759267146576,,
1195,C:\Users\zzang\Desktop\workspace\Python\golf\src\golfdb-master\learning_video\golfdb_720p_slice\1195.mp4,6,Mid-follow-through,422,mediapipe,True,176.67105774282274,,-134.002840608993,-170.9267275287326,11.356407147177004,lead_elbow_angle,missing_features:lead_elbow_angle
1195,C:\Users\zzang\Desktop\workspace\Python\golf\src\golfdb-master\learning_video\golfdb_720p_slice\1195.mp4,7,Finish,443,mediapipe,True,82.85155091843866,,-170.9125052893847,174.69036207001892,3.362494387346813,lead_elbow_angle,missing_features:lead_elbow_angle
1196,C:\Users\zzang\Desktop\workspace\Python\golf\src\golfdb-master\learning_video\golfdb_720p_slice\1196.mp4,0,Address,35,mediapipe,True,165.8737012935208,178.8405707029904,-164.9115657724934,-174.93297477706145,5.604401365800412,,
1196,C:\Users\zzang\Desktop\workspace\Python\golf\src\golfdb-master\learning_video\golfdb_720p_slice\1196.mp4,1,Toe-up,122,mediapipe,True,,168.44340437017482,173.6943948179497,-176.50367626365363,12.72504308985611,trail_elbow_angle,missing_features:trail_elbow_angle
1196,C:\Users\zzang\Desktop\workspace\Python\golf\src\golfdb-master\learning_video\golfdb_720p_slice\1196.mp4,2,Mid-backswing,150,mediapipe,True,,134.55046081293395,-173.11947015474206,-176.2238795193398,12.319363114035934,trail_elbow_angle,missing_features:trail_elbow_angle
1196,C:\Users\zzang\Desktop\workspace\Python\golf\src\golfdb-master\learning_video\golfdb_720p_slice\1196.mp4,3,Top,179,mediapipe,True,,89.84223808671697,-165.23765504445055,-177.49530768925462,11.17532746544241,trail_elbow_angle,missing_features:trail_elbow_angle
1196,C:\Users\zzang\Desktop\workspace\Python\golf\src\golfdb-master\learning_video\golfdb_720p_slice\1196.mp4,4,Mid-downswing,199,mediapipe,True,,143.39695319769334,169.8391336292563,-175.05813911972274,7.8580632386581275,trail_elbow_angle,missing_features:trail_elbow_angle
1196,C:\Users\zzang\Desktop\workspace\Python\golf\src\golfdb-master\learning_video\golfdb_720p_slice\1196.mp4,5,Impact,214,mediapipe,True,150.39197426578113,169.85525489340054,-152.55558569416803,-171.41140831784992,17.027106978141603,,
1196,C:\Users\zzang\Desktop\workspace\Python\golf\src\golfdb-master\learning_video\golfdb_720p_slice\1196.mp4,6,Mid-follow-through,225,mediapipe,True,177.18106535619566,,-143.34009554255516,-170.79942779584934,14.31931760562264,lead_elbow_angle,missing_features:lead_elbow_angle
1196,C:\Users\zzang\Desktop\workspace\Python\golf\src\golfdb-master\learning_video\golfdb_720p_slice\1196.mp4,7,Finish,306,mediapipe,True,103.9641283382012,,-170.2438220192793,172.1876634327859,2.0992810075475647,lead_elbow_angle,missing_features:lead_elbow_angle
1199,C:\Users\zzang\Desktop\workspace\Python\golf\src\golfdb-master\learning_video\golfdb_720p_slice\1199.mp4,0,Address,284,mediapipe,True,176.2573057441588,173.49614490723388,-174.8430971746424,-178.46381712427248,-0.3254404535485659,,
1199,C:\Users\zzang\Desktop\workspace\Python\golf\src\golfdb-master\learning_video\golfdb_720p_slice\1199.mp4,1,Toe-up,300,mediapipe,True,173.91976635745613,164.21688698172636,152.56800548239696,172.91711073219955,1.1615632499564885,,
1199,C:\Users\zzang\Desktop\workspace\Python\golf\src\golfdb-master\learning_video\golfdb_720p_slice\1199.mp4,2,Mid-backswing,304,mediapipe,True,,159.953313749415,151.376147794037,174.21787049504204,1.2181128474507446,trail_elbow_angle,missing_features:trail_elbow_angle
1199,C:\Users\zzang\Desktop\workspace\Python\golf\src\golfdb-master\learning_video\golfdb_720p_slice\1199.mp4,3,Top,313,mediapipe,True,147.51658411848547,123.78438085634944,165.89637289414065,177.3754901804596,-1.6619300852986811,,
1199,C:\Users\zzang\Desktop\workspace\Python\golf\src\golfdb-master\learning_video\golfdb_720p_slice\1199.mp4,4,Mid-downswing,317,mediapipe,True,136.61825254152805,141.03543712756635,176.5020809352651,177.59461410914398,0.2094309716629828,,
1199,C:\Users\zzang\Desktop\workspace\Python\golf\src\golfdb-master\learning_video\golfdb_720p_slice\1199.mp4,5,Impact,321,mediapipe,True,171.09324701146073,170.74873560328768,-161.4784416326038,11.073298488591714,11.688924464700666,,
1199,C:\Users\zzang\Desktop\workspace\Python\golf\src\golfdb-master\learning_video\golfdb_720p_slice\1199.mp4,6,Mid-follow-through,323,mediapipe,True,178.69256756018106,,-151.61019836825704,-167.85868389492904,14.898476810749209,lead_elbow_angle,missing_features:lead_elbow_angle
1199,C:\Users\zzang\Desktop\workspace\Python\golf\src\golfdb-master\learning_video\golfdb_720p_slice\1199.mp4,7,Finish,343,mediapipe,True,115.80868389443181,174.9226718010009,176.66112032275925,174.46837116323465,-1.0525378568758945,,
1200,C:\Users\zzang\Desktop\workspace\Python\golf\src\golfdb-master\learning_video\golfdb_720p_slice\1200.mp4,0,Address,38,mediapipe,True,174.44511651044053,175.21738512902778,-174.35268873470292,-176.53452100830907,-0.5833757878434156,,
1200,C:\Users\zzang\Desktop\workspace\Python\golf\src\golfdb-master\learning_video\golfdb_720p_slice\1200.mp4,1,Toe-up,95,mediapipe,True,172.00110392307278,161.58705257309927,154.05078337918505,173.5827278204789,1.0918179439879558,,
1200,C:\Users\zzang\Desktop\workspace\Python\golf\src\golfdb-master\learning_video\golfdb_720p_slice\1200.mp4,2,Mid-backswing,110,mediapipe,True,,161.98295578968788,153.97841283335347,174.6554527090601,0.8033722975993426,trail_elbow_angle,missing_features:trail_elbow_angle
1200,C:\Users\zzang\Desktop\workspace\Python\golf\src\golfdb-master\learning_video\golfdb_720p_slice\1200.mp4,3,Top,149,mediapipe,True,,116.78310079012724,168.4548028636219,176.734544892098,-2.541364636159273,trail_elbow_angle,missing_features:trail_elbow_angle
1200,C:\Users\zzang\Desktop\workspace\Python\golf\src\golfdb-master\learning_video\golfdb_720p_slice\1200.mp4,4,Mid-downswing,164,mediapipe,True,127.16982758787427,138.85858554179924,179.6936361589418,-179.87142592026026,-0.1728055438896192,,
1200,C:\Users\zzang\Desktop\workspace\Python\golf\src\golfdb-master\learning_video\golfdb_720p_slice\1200.mp4,5,Impact,179,mediapipe,True,168.24328135928482,,14.428083118853351,7.089991432765012,11.838456340703527,lead_elbow_angle,missing_features:lead_elbow_angle
1200,C:\Users\zzang\Desktop\workspace\Python\golf\src\golfdb-master\learning_video\golfdb_720p_slice\1200.mp4,6,Mid-follow-through,190,mediapipe,True,163.3025999221683,,-161.22468324940994,-172.88026741599143,16.799645379102426,lead_elbow_angle,missing_features:lead_elbow_angle
1200,C:\Users\zzang\Desktop\workspace\Python\golf\src\golfdb-master\learning_video\golfdb_720p_slice\1200.mp4,7,Finish,269,mediapipe,True,153.96496711188328,152.28933964472935,177.77801043962134,178.11021336423323,-0.5793092215879208,,
1207,C:\Users\zzang\Desktop\workspace\Python\golf\src\golfdb-master\learning_video\golfdb_720p_slice\1207.mp4,0,Address,164,mediapipe,True,165.39272591942026,178.37332812322325,-171.16001219071023,-177.51480009744168,1.04404676949264,,
1207,C:\Users\zzang\Desktop\workspace\Python\golf\src\golfdb-master\learning_video\golfdb_720p_slice\1207.mp4,1,Toe-up,185,mediapipe,True,169.54711489131634,169.70579249700327,163.96008844542817,179.1039591627859,4.504033736125394,,
1207,C:\Users\zzang\Desktop\workspace\Python\golf\src\golfdb-master\learning_video\golfdb_720p_slice\1207.mp4,2,Mid-backswing,193,mediapipe,True,147.01112555071174,151.43733059704184,151.72406654803024,177.49701078504296,4.789503489886023,,
1207,C:\Users\zzang\Desktop\workspace\Python\golf\src\golfdb-master\learning_video\golfdb_720p_slice\1207.mp4,3,Top,203,mediapipe,True,149.7302672065553,,176.03068152584336,-175.94982893854174,2.4138362301360465,lead_elbow_angle,missing_features:lead_elbow_angle
1207,C:\Users\zzang\Desktop\workspace\Python\golf\src\golfdb-master\learning_video\golfdb_720p_slice\1207.mp4,4,Mid-downswing,209,mediapipe,True,112.59427006958863,145.29533594968564,179.0466881415426,-179.70904993782398,1.8477563928199772,,
1207,C:\Users\zzang\Desktop\workspace\Python\golf\src\golfdb-master\learning_video\golfdb_720p_slice\1207.mp4,5,Impact,213,mediapipe,True,146.89670131259018,178.40505440870982,-156.70491855409034,-176.9244232728202,14.285721599425363,,
1207,C:\Users\zzang\Desktop\workspace\Python\golf\src\golfdb-master\learning_video\golfdb_720p_slice\1207.mp4,6,Mid-follow-through,215,mediapipe,True,160.30489097425786,19.604846781501738,-154.02154312883152,-173.59810491140158,16.339467649691976,,
1207,C:\Users\zzang\Desktop\workspace\Python\golf\src\golfdb-master\learning_video\golfdb_720p_slice\1207.mp4,7,Finish,236,mediapipe,True,163.11861610407286,55.594283493616736,8.244958001085154,-9.271432242617411,-0.9126362055881623,,
1208,C:\Users\zzang\Desktop\workspace\Python\golf\src\golfdb-master\learning_video\golfdb_720p_slice\1208.mp4,0,Address,767,mediapipe,True,166.88119077157057,179.82791055671575,-170.94331975407042,-176.72275732121017,0.7156745503020739,,
1208,C:\Users\zzang\Desktop\workspace\Python\golf\src\golfdb-master\learning_video\golfdb_720p_slice\1208.mp4,1,Toe-up,847,mediapipe,True,167.30310463184517,170.25637184153896,161.02085078185956,178.65928924050252,3.42728962232446,,
1208,C:\Users\zzang\Desktop\workspace\Python\golf\src\golfdb-master\learning_video\golfdb_720p_slice\1208.mp4,2,Mid-backswing,876,mediapipe,True,144.69682415768227,159.90860262376694,151.61158973909968,176.8518165660674,5.575196506942996,,
1208,C:\Users\zzang\Desktop\workspace\Python\golf\src\golfdb-master\learning_video\golfdb_720p_slice\1208.mp4,3,Top,921,mediapipe,True,161.0187015624404,29.325706689361965,171.6953632689824,-178.2585944262454,2.751708127482138,,
1208,C:\Users\zzang\Desktop\workspace\Python\golf\src\golfdb-master\learning_video\golfdb_720p_slice\1208.mp4,4,Mid-downswing,943,mediapipe,True,112.46077180588271,134.1149700745948,-178.92429233679985,-178.87364394605402,1.353713011762987,,
1208,C:\Users\zzang\Desktop\workspace\Python\golf\src\golfdb-master\learning_video\golfdb_720p_slice\1208.mp4,5,Impact,956,mediapipe,True,162.0706067370953,168.0404706569755,-150.8582283575336,-172.88470474857522,13.417708579492615,,
1208,C:\Users\zzang\Desktop\workspace\Python\golf\src\golfdb-master\learning_video\golfdb_720p_slice\1208.mp4,6,Mid-follow-through,966,mediapipe,True,161.351287732591,174.66671791977748,-147.6919349241094,-174.0315310470273,17.17292688248948,,
1208,C:\Users\zzang\Desktop\workspace\Python\golf\src\golfdb-master\learning_video\golfdb_720p_slice\1208.mp4,7,Finish,1048,mediapipe,True,150.11608464788893,56.71910347803676,7.0592914022015725,-11.07801105760567,-0.07946852082492624,,
1209,C:\Users\zzang\Desktop\workspace\Python\golf\src\golfdb-master\learning_video\golfdb_720p_slice\1209.mp4,0,Address,140,mediapipe,True,165.3347624707124,174.70306605352832,-171.88894699487707,-178.2017723393565,4.826973371333985,,
1209,C:\Users\zzang\Desktop\workspace\Python\golf\src\golfdb-master\learning_video\golfdb_720p_slice\1209.mp4,1,Toe-up,160,mediapipe,True,165.35195083591802,173.1412477397942,153.33143499920106,176.8185168979026,7.707867340798683,,
1209,C:\Users\zzang\Desktop\workspace\Python\golf\src\golfdb-master\learning_video\golfdb_720p_slice\1209.mp4,2,Mid-backswing,167,mediapipe,True,172.2617137502324,148.85940940846623,147.58722389833383,177.3222191262491,7.083853640271513,,
1209,C:\Users\zzang\Desktop\workspace\Python\golf\src\golfdb-master\learning_video\golfdb_720p_slice\1209.mp4,3,Top,179,mediapipe,True,,122.11390539132144,173.3511153490749,179.14386544718215,6.278635789731221,trail_elbow_angle,missing_features:trail_elbow_angle
1209,C:\Users\zzang\Desktop\workspace\Python\golf\src\golfdb-master\learning_video\golfdb_720p_slice\1209.mp4,4,Mid-downswing,183,mediapipe,True,,138.84854308642832,-178.02391451653472,-176.32727849049485,9.35468566918451,trail_elbow_angle,missing_features:trail_elbow_angle
1209,C:\Users\zzang\Desktop\workspace\Python\golf\src\golfdb-master\learning_video\golfdb_720p_slice\1209.mp4,5,Impact,187,mediapipe,True,153.45695425425131,177.11158021145383,-146.75439772720242,-175.777277579978,19.085567691605025,,
1209,C:\Users\zzang\Desktop\workspace\Python\golf\src\golfdb-master\learning_video\golfdb_720p_slice\1209.mp4,6,Mid-follow-through,189,mediapipe,True,140.0177926655122,144.1458710347947,-148.1147656970975,-175.24169745385848,18.78487791654601,,
1209,C:\Users\zzang\Desktop\workspace\Python\golf\src\golfdb-master\learning_video\golfdb_720p_slice\1209.mp4,7,Finish,210,mediapipe,True,39.635908263639514,,-172.10993478144485,174.30838167775457,3.4830053926545648,lead_elbow_angle,missing_features:lead_elbow_angle
1210,C:\Users\zzang\Desktop\workspace\Python\golf\src\golfdb-master\learning_video\golfdb_720p_slice\1210.mp4,0,Address,682,mediapipe,True,165.01831403756924,172.11230008935013,-170.0067826317642,-178.34205958514394,4.38717109244958,,
1210,C:\Users\zzang\Desktop\workspace\Python\golf\src\golfdb-master\learning_video\golfdb_720p_slice\1210.mp4,1,Toe-up,761,mediapipe,True,169.08027852976923,172.5393369024341,157.21892727902232,176.84814143382033,7.94451511515824,,
1210,C:\Users\zzang\Desktop\workspace\Python\golf\src\golfdb-master\learning_video\golfdb_720p_slice\1210.mp4,2,Mid-backswing,791,mediapipe,True,179.45840968125728,150.43816332098004,144.20552606773197,177.5831585590828,7.67493113997677,,
1210,C:\Users\zzang\Desktop\workspace\Python\golf\src\golfdb-master\learning_video\golfdb_720p_slice\1210.mp4,3,Top,833,mediapipe,True,,91.42618509207293,169.66543520495816,-179.30245743743816,6.527891754714739,trail_elbow_angle,missing_features:trail_elbow_angle
1210,C:\Users\zzang\Desktop\workspace\Python\golf\src\golfdb-master\learning_video\golfdb_720p_slice\1210.mp4,4,Mid-downswing,856,mediapipe,True,,141.91339186590415,174.36762817221677,-178.45285875721217,8.799428646495276,trail_elbow_angle,missing_features:trail_elbow_angle
1210,C:\Users\zzang\Desktop\workspace\Python\golf\src\golfdb-master\learning_video\golfdb_720p_slice\1210.mp4,5,Impact,870,mediapipe,True,165.9029127865904,155.7764587093597,-155.85875944091208,179.72954328976485,15.867799845528307,,
1210,C:\Users\zzang\Desktop\workspace\Python\golf\src\golfdb-master\learning_video\golfdb_720p_slice\1210.mp4,6,Mid-follow-through,880,mediapipe,True,153.53168490521352,156.8358506030151,-141.89428035587687,-172.52072634574884,18.465325677815585,,
1210,C:\Users\zzang\Desktop\workspace\Python\golf\src\golfdb-master\learning_video\golfdb_720p_slice\1210.mp4,7,Finish,964,mediapipe,True,35.748421985962054,,-173.30439096482897,175.47509770851337,4.2357697777371826,lead_elbow_angle,missing_features:lead_elbow_angle
1217,C:\Users\zzang\Desktop\workspace\Python\golf\src\golfdb-master\learning_video\golfdb_720p_slice\1217.mp4,0,Address,131,mediapipe,True,171.91483248066174,178.91084795639298,-167.3762914654855,-176.91020462639185,5.3667587648845165,,
1217,C:\Users\zzang\Desktop\workspace\Python\golf\src\golfdb-master\learning_video\golfdb_720p_slice\1217.mp4,1,Toe-up,145,mediapipe,True,165.41341341774282,175.76916909236215,172.87391314345447,-178.0578013727014,10.145659328342424,,
1217,C:\Users\zzang\Desktop\workspace\Python\golf\src\golfdb-master\learning_video\golfdb_720p_slice\1217.mp4,2,Mid-backswing,150,mediapipe,True,,156.76041788506942,173.74002679708695,178.7142126833963,11.896046039939089,trail_elbow_angle,missing_features:trail_elbow_angle
1217,C:\Users\zzang\Desktop\workspace\Python\golf\src\golfdb-master\learning_video\golfdb_720p_slice\1217.mp4,3,Top,158,mediapipe,True,149.97560763894867,102.4853449446219,-177.3349788594807,-179.8769051657355,9.001272231551509,,
1217,C:\Users\zzang\Desktop\workspace\Python\golf\src\golfdb-master\learning_video\golfdb_720p_slice\1217.mp4,4,Mid-downswing,164,mediapipe,True,,146.0670557515471,175.8507784426162,179.87228162579544,7.001106779795243,trail_elbow_angle,missing_features:trail_elbow_angle
1217,C:\Users\zzang\Desktop\workspace\Python\golf\src\golfdb-master\learning_video\golfdb_720p_slice\1217.mp4,5,Impact,167,mediapipe,True,155.73626921673076,161.93195640605785,-147.02355578011213,-168.7474121113554,18.81220320123353,,
1217,C:\Users\zzang\Desktop\workspace\Python\golf\src\golfdb-master\learning_video\golfdb_720p_slice\1217.mp4,6,Mid-follow-through,169,mediapipe,True,153.95363494374806,156.22748835045144,-137.37898863966637,-177.23445505474686,19.079633241878494,,
1217,C:\Users\zzang\Desktop\workspace\Python\golf\src\golfdb-master\learning_video\golfdb_720p_slice\1217.mp4,7,Finish,188,mediapipe,True,128.77049315059804,71.15921775835295,163.89067975962735,178.24793084078652,7.314697826776409,,
1218,C:\Users\zzang\Desktop\workspace\Python\golf\src\golfdb-master\learning_video\golfdb_720p_slice\1218.mp4,0,Address,35,mediapipe,True,172.28927300342326,179.67754862239667,-166.37553947186822,-177.04143404443423,5.645641973210058,,
1218,C:\Users\zzang\Desktop\workspace\Python\golf\src\golfdb-master\learning_video\golfdb_720p_slice\1218.mp4,1,Toe-up,93,mediapipe,True,158.75996067552947,170.98815596528735,163.67063398198772,178.6846259385108,9.965852785291878,,
1218,C:\Users\zzang\Desktop\workspace\Python\golf\src\golfdb-master\learning_video\golfdb_720p_slice\1218.mp4,2,Mid-backswing,112,mediapipe,True,,154.2682119250134,175.93356248073815,-179.70434444201942,12.23766672210442,trail_elbow_angle,missing_features:trail_elbow_angle
1218,C:\Users\zzang\Desktop\workspace\Python\golf\src\golfdb-master\learning_video\golfdb_720p_slice\1218.mp4,3,Top,147,mediapipe,True,150.57409793514012,98.04027988824048,-175.8933553230137,-179.30434742898998,7.855790140858793,,
1218,C:\Users\zzang\Desktop\workspace\Python\golf\src\golfdb-master\learning_video\golfdb_720p_slice\1218.mp4,4,Mid-downswing,165,mediapipe,True,116.42918306109348,145.31665268167131,175.89066187862215,-179.7495963301604,7.0109109612781335,,
1218,C:\Users\zzang\Desktop\workspace\Python\golf\src\golfdb-master\learning_video\golfdb_720p_slice\1218.mp4,5,Impact,177,mediapipe,True,156.43674379075742,162.5865352569298,-148.1575357235679,-173.46828131907424,18.144468950890207,,
1218,C:\Users\zzang\Desktop\workspace\Python\golf\src\golfdb-master\learning_video\golfdb_720p_slice\1218.mp4,6,Mid-follow-through,186,mediapipe,True,152.5084747426397,152.53720255471399,-139.6139641698172,-178.51974715361862,18.92268388412363,,
1218,C:\Users\zzang\Desktop\workspace\Python\golf\src\golfdb-master\learning_video\golfdb_720p_slice\1218.mp4,7,Finish,248,mediapipe,True,108.23440353063094,82.63465357513728,131.34935565320475,176.48900829245076,9.140511189499088,,
1235,C:\Users\zzang\Desktop\workspace\Python\golf\src\golfdb-master\learning_video\golfdb_720p_slice\1235.mp4,0,Address,370,mediapipe,True,173.15891942477288,177.85755999226157,-164.42924353751226,-172.67848746974713,2.207911613246875,,
1235,C:\Users\zzang\Desktop\workspace\Python\golf\src\golfdb-master\learning_video\golfdb_720p_slice\1235.mp4,1,Toe-up,402,mediapipe,True,154.20997729811918,166.67635022877835,157.5983468388047,179.83143704690016,10.558137414526628,,
1235,C:\Users\zzang\Desktop\workspace\Python\golf\src\golfdb-master\learning_video\golfdb_720p_slice\1235.mp4,2,Mid-backswing,406,mediapipe,True,,147.6944516791138,161.38791942966535,-176.3962318467463,9.794990533643226,trail_elbow_angle,missing_features:trail_elbow_angle
1235,C:\Users\zzang\Desktop\workspace\Python\golf\src\golfdb-master\learning_video\golfdb_720p_slice\1235.mp4,3,Top,415,mediapipe,True,,71.10425282380164,-170.06973944177344,-177.13062112892254,6.357389980333474,trail_elbow_angle,missing_features:trail_elbow_angle
1235,C:\Users\zzang\Desktop\workspace\Python\golf\src\golfdb-master\learning_video\golfdb_720p_slice\1235.mp4,4,Mid-downswing,421,mediapipe,True,,151.66100252710686,-178.52775522012007,-177.55991036437908,7.152476279292662,trail_elbow_angle,missing_features:trail_elbow_angle
1235,C:\Users\zzang\Desktop\workspace\Python\golf\src\golfdb-master\learning_video\golfdb_720p_slice\1235.mp4,5,Impact,424,mediapipe,True,149.1418418811523,179.10351151486634,-141.40925751719956,-166.97171422190596,24.101726275326897,,
1235,C:\Users\zzang\Desktop\workspace\Python\golf\src\golfdb-master\learning_video\golfdb_720p_slice\1235.mp4,6,Mid-follow-through,426,mediapipe,True,153.56445496368525,151.57415906330738,-115.12755890615122,-163.34391041928185,21.053812498797654,,
1235,C:\Users\zzang\Desktop\workspace\Python\golf\src\golfdb-master\learning_video\golfdb_720p_slice\1235.mp4,7,Finish,438,mediapipe,True,,59.38827899801663,15.448271946949253,4.0118655805982115,7.755014272840127,trail_elbow_angle,missing_features:trail_elbow_angle
1236,C:\Users\zzang\Desktop\workspace\Python\golf\src\golfdb-master\learning_video\golfdb_720p_slice\1236.mp4,0,Address,30,mediapipe,True,169.09770549299006,177.73185920427932,-166.83337049310165,-172.82700070715345,1.009206022025427,,
1236,C:\Users\zzang\Desktop\workspace\Python\golf\src\golfdb-master\learning_video\golfdb_720p_slice\1236.mp4,1,Toe-up,79,mediapipe,True,158.49678263794445,167.63470989385718,156.58318171019866,178.55957531655562,9.847242370493253,,
1236,C:\Users\zzang\Desktop\workspace\Python\golf\src\golfdb-master\learning_video\golfdb_720p_slice\1236.mp4,2,Mid-backswing,98,mediapipe,True,136.4785993158306,145.82278959184632,163.63118294026222,-178.6682554070477,10.62960678969822,,
1236,C:\Users\zzang\Desktop\workspace\Python\golf\src\golfdb-master\learning_video\golfdb_720p_slice\1236.mp4,3,Top,134,mediapipe,True,,80.07526649350947,-173.19774253889133,-177.11287617292936,6.721295969011568,trail_elbow_angle,missing_features:trail_elbow_angle
1236,C:\Users\zzang\Desktop\workspace\Python\golf\src\golfdb-master\learning_video\golfdb_720p_slice\1236.mp4,4,Mid-downswing,157,mediapipe,True,,147.07726493900395,173.47212329998035,-178.67843583135587,8.290908573334459,trail_elbow_angle,missing_features:trail_elbow_angle
1236,C:\Users\zzang\Desktop\workspace\Python\golf\src\golfdb-master\learning_video\golfdb_720p_slice\1236.mp4,5,Impact,169,mediapipe,True,152.23461478458682,179.13940834733395,-143.32693512410128,-170.477109644891,23.775671314779995,,
1236,C:\Users\zzang\Desktop\workspace\Python\golf\src\golfdb-master\learning_video\golfdb_720p_slice\1236.mp4,6,Mid-follow-through,176,mediapipe,True,142.67112758762394,162.6126693750147,-119.02576301909512,-157.37475165190116,26.59296432474835,,
1236,C:\Users\zzang\Desktop\workspace\Python\golf\src\golfdb-master\learning_video\golfdb_720p_slice\1236.mp4,7,Finish,231,mediapipe,True,,47.467570675994494,18.02089846572072,1.7237675530319267,8.436164621961783,trail_elbow_angle,missing_features:trail_elbow_angle
1237,C:\Users\zzang\Desktop\workspace\Python\golf\src\golfdb-master\learning_video\golfdb_720p_slice\1237.mp4,0,Address,217,mediapipe,True,161.31082670151923,173.30082665652432,-175.50174113956177,-172.17077799120685,7.147996208189277,,
1237,C:\Users\zzang\Desktop\workspace\Python\golf\src\golfdb-master\learning_video\golfdb_720p_slice\1237.mp4,1,Toe-up,227,mediapipe,True,,153.5489693434791,159.50843296492837,178.22810482687646,11.81756334906484,trail_elbow_angle,missing_features:trail_elbow_angle
1237,C:\Users\zzang\Desktop\workspace\Python\golf\src\golfdb-master\learning_video\golfdb_720p_slice\1237.mp4,2,Mid-backswing,232,mediapipe,True,,90.08896051792125,163.9600814730849,177.91566354710034,15.253566601386915,trail_elbow_angle,missing_features:trail_elbow_angle
1237,C:\Users\zzang\Desktop\workspace\Python\golf\src\golfdb-master\learning_video\golfdb_720p_slice\1237.mp4,3,Top,238,mediapipe,True,,11.401717606334884,171.00089329680108,179.0767724375271,15.579611880192283,trail_elbow_angle,missing_features:trail_elbow_angle
1237,C:\Users\zzang\Desktop\workspace\Python\golf\src\golfdb-master\learning_video\golfdb_720p_slice\1237.mp4,4,Mid-downswing,242,mediapipe,True,0.6129080048503627,135.94385656942663,164.13927644173003,-177.9712177299023,12.521339895621336,,
1237,C:\Users\zzang\Desktop\workspace\Python\golf\src\golfdb-master\learning_video\golfdb_720p_slice\1237.mp4,5,Impact,245,mediapipe,True,161.52780625835103,157.20786857605574,-158.36561977111324,-166.83933834056057,21.32364414616468,,
1237,C:\Users\zzang\Desktop\workspace\Python\golf\src\golfdb-master\learning_video\golfdb_720p_slice\1237.mp4,6,Mid-follow-through,247,mediapipe,True,64.93445489736321,151.89957978654303,-149.7781633306706,-174.2763730784666,16.489147229779203,,
1237,C:\Users\zzang\Desktop\workspace\Python\golf\src\golfdb-master\learning_video\golfdb_720p_slice\1237.mp4,7,Finish,265,mediapipe,False,,,,,,trail_elbow_angle|lead_elbow_angle|shoulder_tilt|hip_tilt|spine_tilt,pose_not_detected
1238,C:\Users\zzang\Desktop\workspace\Python\golf\src\golfdb-master\learning_video\golfdb_720p_slice\1238.mp4,0,Address,138,mediapipe,True,162.97026318582974,168.75804930786137,-173.6847670459849,-170.86466906899045,8.816820150408768,,
1238,C:\Users\zzang\Desktop\workspace\Python\golf\src\golfdb-master\learning_video\golfdb_720p_slice\1238.mp4,1,Toe-up,179,mediapipe,True,,171.14576351749687,165.78275492438596,-179.66396133075034,12.191291442025603,trail_elbow_angle,missing_features:trail_elbow_angle
1238,C:\Users\zzang\Desktop\workspace\Python\golf\src\golfdb-master\learning_video\golfdb_720p_slice\1238.mp4,2,Mid-backswing,198,mediapipe,True,,134.32405926629036,163.6103904646402,177.47661633793706,15.05573602757072,trail_elbow_angle,missing_features:trail_elbow_angle
1238,C:\Users\zzang\Desktop\workspace\Python\golf\src\golfdb-master\learning_video\golfdb_720p_slice\1238.mp4,3,Top,221,mediapipe,True,,2.757136134813457,174.09402408171033,-179.56555285327855,16.43838279977135,trail_elbow_angle,missing_features:trail_elbow_angle
1238,C:\Users\zzang\Desktop\workspace\Python\golf\src\golfdb-master\learning_video\golfdb_720p_slice\1238.mp4,4,Mid-downswing,236,mediapipe,True,,148.2003911072295,154.6115174255134,174.97957668057734,8.153887663903504,trail_elbow_angle,missing_features:trail_elbow_angle
1238,C:\Users\zzang\Desktop\workspace\Python\golf\src\golfdb-master\learning_video\golfdb_720p_slice\1238.mp4,5,Impact,249,mediapipe,True,160.95757850871902,146.4107504109595,-157.4868420166735,-170.98312834055713,19.288913837018693,,
1238,C:\Users\zzang\Desktop\workspace\Python\golf\src\golfdb-master\learning_video\golfdb_720p_slice\1238.mp4,6,Mid-follow-through,256,mediapipe,True,,168.54921084670625,-156.01599384961202,-171.2094642456629,20.801507977978392,trail_elbow_angle,missing_features:trail_elbow_angle
1238,C:\Users\zzang\Desktop\workspace\Python\golf\src\golfdb-master\learning_video\golfdb_720p_slice\1238.mp4,7,Finish,325,mediapipe,True,65.10535821947798,164.02892630910375,-177.92171580321315,176.66384088188047,2.0121834852261644,,
1249,C:\Users\zzang\Desktop\workspace\Python\golf\src\golfdb-master\learning_video\golfdb_720p_slice\1249.mp4,0,Address,195,mediapipe,True,169.9019293541878,174.82044509848313,-170.08459714349056,-177.30428493300798,2.570958603674102,,
1249,C:\Users\zzang\Desktop\workspace\Python\golf\src\golfdb-master\learning_video\golfdb_720p_slice\1249.mp4,1,Toe-up,213,mediapipe,True,169.8673381843406,164.83657754407656,-179.75022364610282,-177.1247203221594,7.4036909475418184,,
1249,C:\Users\zzang\Desktop\workspace\Python\golf\src\golfdb-master\learning_video\golfdb_720p_slice\1249.mp4,2,Mid-backswing,225,mediapipe,True,,136.7648611171205,142.25699224166712,-177.55703179883398,10.170349535409377,trail_elbow_angle,missing_features:trail_elbow_angle
1249,C:\Users\zzang\Desktop\workspace\Python\golf\src\golfdb-master\learning_video\golfdb_720p_slice\1249.mp4,3,Top,233,mediapipe,True,,71.8338103277353,170.76159120304027,-176.7744025206305,10.756354062326052,trail_elbow_angle,missing_features:trail_elbow_angle
1249,C:\Users\zzang\Desktop\workspace\Python\golf\src\golfdb-master\learning_video\golfdb_720p_slice\1249.mp4,4,Mid-downswing,237,mediapipe,True,,141.95306980959512,160.61177550784714,179.36799300377186,5.783984031688257,trail_elbow_angle,missing_features:trail_elbow_angle
1249,C:\Users\zzang\Desktop\workspace\Python\golf\src\golfdb-master\learning_video\golfdb_720p_slice\1249.mp4,5,Impact,241,mediapipe,True,151.1535709586708,176.66731459782807,-162.9933095927267,-173.11893501457365,9.598895345421568,,
1249,C:\Users\zzang\Desktop\workspace\Python\golf\src\golfdb-master\learning_video\golfdb_720p_slice\1249.mp4,6,Mid-follow-through,243,mediapipe,True,156.6140332635449,163.0728336753215,-156.63015245337118,-176.07877289914705,11.65719150209747,,
1249,C:\Users\zzang\Desktop\workspace\Python\golf\src\golfdb-master\learning_video\golfdb_720p_slice\1249.mp4,7,Finish,262,mediapipe,True,107.56462190349849,45.36731078377768,7.588131359551225,-87.83324918458791,5.25301375508436,,
1250,C:\Users\zzang\Desktop\workspace\Python\golf\src\golfdb-master\learning_video\golfdb_720p_slice\1250.mp4,0,Address,15,mediapipe,True,167.86649261282392,178.48842531879478,-170.32432635223833,-175.25029148585807,1.6924494397341683,,
1250,C:\Users\zzang\Desktop\workspace\Python\golf\src\golfdb-master\learning_video\golfdb_720p_slice\1250.mp4,1,Toe-up,79,mediapipe,True,168.7688524825428,161.53383257848256,179.25270141583695,-176.7711947158076,8.112058740601144,,
1250,C:\Users\zzang\Desktop\workspace\Python\golf\src\golfdb-master\learning_video\golfdb_720p_slice\1250.mp4,2,Mid-backswing,129,mediapipe,True,,141.57037375788963,44.48707521614282,-176.92593963371834,10.803555947236728,trail_elbow_angle,missing_features:trail_elbow_angle
1250,C:\Users\zzang\Desktop\workspace\Python\golf\src\golfdb-master\learning_video\golfdb_720p_slice\1250.mp4,3,Top,161,mediapipe,True,,138.88599757558356,179.63661446512623,-175.51410618339665,11.274036191930865,trail_elbow_angle,missing_features:trail_elbow_angle
1250,C:\Users\zzang\Desktop\workspace\Python\golf\src\golfdb-master\learning_video\golfdb_720p_slice\1250.mp4,4,Mid-downswing,176,mediapipe,True,,148.35852777959838,155.26656910727883,179.7529047243484,7.783686095242094,trail_elbow_angle,missing_features:trail_elbow_angle
1250,C:\Users\zzang\Desktop\workspace\Python\golf\src\golfdb-master\learning_video\golfdb_720p_slice\1250.mp4,5,Impact,192,mediapipe,True,151.9611587189798,171.84197155527548,-162.6545220371117,-172.95348147468292,9.3254036232428,,
1250,C:\Users\zzang\Desktop\workspace\Python\golf\src\golfdb-master\learning_video\golfdb_720p_slice\1250.mp4,6,Mid-follow-through,202,mediapipe,True,162.96791803726626,163.5160222279959,-154.25401636425806,-173.35995729986715,9.690489658030398,,
1250,C:\Users\zzang\Desktop\workspace\Python\golf\src\golfdb-master\learning_video\golfdb_720p_slice\1250.mp4,7,Finish,278,mediapipe,True,53.66652577474025,,-169.78988966402636,-178.2623265259318,5.03306401494901,lead_elbow_angle,missing_features:lead_elbow_angle
1253,C:\Users\zzang\Desktop\workspace\Python\golf\src\golfdb-master\learning_video\golfdb_720p_slice\1253.mp4,0,Address,278,mediapipe,True,175.8739748831891,171.51104678814988,-169.67565067349767,-177.2745865339026,6.068757312647285,,
1253,C:\Users\zzang\Desktop\workspace\Python\golf\src\golfdb-master\learning_video\golfdb_720p_slice\1253.mp4,1,Toe-up,296,mediapipe,True,161.45311616971205,166.92679970925101,162.1319092073821,178.20434102687523,13.753420597971033,,
1253,C:\Users\zzang\Desktop\workspace\Python\golf\src\golfdb-master\learning_video\golfdb_720p_slice\1253.mp4,2,Mid-backswing,300,mediapipe,True,,150.55974688854073,155.79379136597493,-178.09217934450197,13.229177908415691,trail_elbow_angle,missing_features:trail_elbow_angle
1253,C:\Users\zzang\Desktop\workspace\Python\golf\src\golfdb-master\learning_video\golfdb_720p_slice\1253.mp4,3,Top,310,mediapipe,True,,102.74144585113255,175.44248017451534,-177.33111530777904,8.69394194686707,trail_elbow_angle,missing_features:trail_elbow_angle
1253,C:\Users\zzang\Desktop\workspace\Python\golf\src\golfdb-master\learning_video\golfdb_720p_slice\1253.mp4,4,Mid-downswing,313,mediapipe,True,,145.9531010841096,166.27021768281804,177.70026746193207,11.869378602569508,trail_elbow_angle,missing_features:trail_elbow_angle
1253,C:\Users\zzang\Desktop\workspace\Python\golf\src\golfdb-master\learning_video\golfdb_720p_slice\1253.mp4,5,Impact,317,mediapipe,True,152.49447721737698,165.62953952800086,-148.6315889686865,-170.23414041425488,18.627162661343483,,
1253,C:\Users\zzang\Desktop\workspace\Python\golf\src\golfdb-master\learning_video\golfdb_720p_slice\1253.mp4,6,Mid-follow-through,319,mediapipe,True,167.51545594195017,177.62728721461716,-119.50643370139305,-164.32094509884197,30.206812393054328,,
1253,C:\Users\zzang\Desktop\workspace\Python\golf\src\golfdb-master\learning_video\golfdb_720p_slice\1253.mp4,7,Finish,336,mediapipe,True,126.51982301568067,171.775236525209,-158.31580134052834,-175.3038687970952,13.58069595892408,,
1254,C:\Users\zzang\Desktop\workspace\Python\golf\src\golfdb-master\learning_video\golfdb_720p_slice\1254.mp4,0,Address,27,mediapipe,True,174.5853180399848,167.3931595505265,-169.06789309709288,-174.95086093276873,3.7565609681919403,,
1254,C:\Users\zzang\Desktop\workspace\Python\golf\src\golfdb-master\learning_video\golfdb_720p_slice\1254.mp4,1,Toe-up,99,mediapipe,True,159.23225133828947,168.45301326897987,156.20450621064626,179.4992514366769,14.075683950112632,,
1254,C:\Users\zzang\Desktop\workspace\Python\golf\src\golfdb-master\learning_video\golfdb_720p_slice\1254.mp4,2,Mid-backswing,114,mediapipe,True,,148.7234867957199,159.46646659053704,-178.5171503142769,13.310480585565438,trail_elbow_angle,missing_features:trail_elbow_angle
1254,C:\Users\zzang\Desktop\workspace\Python\golf\src\golfdb-master\learning_video\golfdb_720p_slice\1254.mp4,3,Top,150,mediapipe,True,,121.34033505621146,178.38420532137053,177.37243666134853,9.881561104058632,trail_elbow_angle,missing_features:trail_elbow_angle
1254,C:\Users\zzang\Desktop\workspace\Python\golf\src\golfdb-master\learning_video\golfdb_720p_slice\1254.mp4,4,Mid-downswing,166,mediapipe,True,,153.33664196566178,165.107287001665,-179.569611342261,11.041888175201532,trail_elbow_angle,missing_features:trail_elbow_angle
1254,C:\Users\zzang\Desktop\workspace\Python\golf\src\golfdb-master\learning_video\golfdb_720p_slice\1254.mp4,5,Impact,182,mediapipe,True,156.22278664587787,162.8339675590269,-145.62263300340936,-169.08445167701996,19.102396278888783,,
1254,C:\Users\zzang\Desktop\workspace\Python\golf\src\golfdb-master\learning_video\golfdb_720p_slice\1254.mp4,6,Mid-follow-through,191,mediapipe,True,158.00644497329873,170.4937496472313,-124.61226267184722,-166.44436640123186,28.027199473502026,,
1254,C:\Users\zzang\Desktop\workspace\Python\golf\src\golfdb-master\learning_video\golfdb_720p_slice\1254.mp4,7,Finish,253,mediapipe,True,98.93138817654706,172.99909326417725,-157.44047152946146,-176.48662066459937,14.937665210910383,,
1258,C:\Users\zzang\Desktop\workspace\Python\golf\src\golfdb-master\learning_video\golfdb_720p_slice\1258.mp4,0,Address,298,mediapipe,True,173.56089383438712,175.65363807163027,-169.2440770414863,-173.03906365674888,4.248350358197444,,
1258,C:\Users\zzang\Desktop\workspace\Python\golf\src\golfdb-master\learning_video\golfdb_720p_slice\1258.mp4,1,Toe-up,308,mediapipe,True,,175.2964337065033,155.02240899219524,175.8035807677872,10.758273177129208,trail_elbow_angle,missing_features:trail_elbow_angle
1258,C:\Users\zzang\Desktop\workspace\Python\golf\src\golfdb-master\learning_video\golfdb_720p_slice\1258.mp4,2,Mid-backswing,312,mediapipe,True,,136.2803626603867,151.46129339034704,175.4649354466162,11.556528826233901,trail_elbow_angle,missing_features:trail_elbow_angle
1258,C:\Users\zzang\Desktop\workspace\Python\golf\src\golfdb-master\learning_video\golfdb_720p_slice\1258.mp4,3,Top,316,mediapipe,True,,114.08191689681854,172.06069067236186,179.4679270638103,13.781101777833323,trail_elbow_angle,missing_features:trail_elbow_angle
1258,C:\Users\zzang\Desktop\workspace\Python\golf\src\golfdb-master\learning_video\golfdb_720p_slice\1258.mp4,4,Mid-downswing,319,mediapipe,True,111.9154698943088,140.76287063629613,-178.8146016540927,-179.39035690444373,14.232462566545617,,
1258,C:\Users\zzang\Desktop\workspace\Python\golf\src\golfdb-master\learning_video\golfdb_720p_slice\1258.mp4,5,Impact,323,mediapipe,True,157.51753321487845,178.6635327754051,-143.70514094174396,-170.47701990960311,21.452434037055127,,
1258,C:\Users\zzang\Desktop\workspace\Python\golf\src\golfdb-master\learning_video\golfdb_720p_slice\1258.mp4,6,Mid-follow-through,325,mediapipe,True,171.76599230022606,,-145.80471497838417,-173.0210290660631,17.170851563607766,lead_elbow_angle,missing_features:lead_elbow_angle
1258,C:\Users\zzang\Desktop\workspace\Python\golf\src\golfdb-master\learning_video\golfdb_720p_slice\1258.mp4,7,Finish,342,mediapipe,True,9.70025636244179,,-176.39081297034463,177.06102813349884,5.3998003621276975,lead_elbow_angle,missing_features:lead_elbow_angle
1259,C:\Users\zzang\Desktop\workspace\Python\golf\src\golfdb-master\learning_video\golfdb_720p_slice\1259.mp4,0,Address,56,mediapipe,True,177.72420274711598,178.28458488060548,-168.59144611650316,-171.1473615514313,3.6156407908550348,,
1259,C:\Users\zzang\Desktop\workspace\Python\golf\src\golfdb-master\learning_video\golfdb_720p_slice\1259.mp4,1,Toe-up,92,mediapipe,True,163.17030361330202,175.90519666312576,159.6455894256761,178.18185335873648,8.542428494163707,,
1259,C:\Users\zzang\Desktop\workspace\Python\golf\src\golfdb-master\learning_video\golfdb_720p_slice\1259.mp4,2,Mid-backswing,109,mediapipe,True,,140.55974379373095,150.72425306859145,175.8269658685663,12.563724419081659,trail_elbow_angle,missing_features:trail_elbow_angle
1259,C:\Users\zzang\Desktop\workspace\Python\golf\src\golfdb-master\learning_video\golfdb_720p_slice\1259.mp4,3,Top,125,mediapipe,True,,110.38717708600265,159.203906916069,177.3852747911033,12.896068363168341,trail_elbow_angle,missing_features:trail_elbow_angle
1259,C:\Users\zzang\Desktop\workspace\Python\golf\src\golfdb-master\learning_video\golfdb_720p_slice\1259.mp4,4,Mid-downswing,139,mediapipe,True,107.75103290824167,142.34605019956786,-174.7004973630634,-176.55460221697146,12.498851173667374,,
1259,C:\Users\zzang\Desktop\workspace\Python\golf\src\golfdb-master\learning_video\golfdb_720p_slice\1259.mp4,5,Impact,153,mediapipe,True,151.57436347121512,177.75509894892176,-148.74359625224747,-169.97321026534163,20.15918545120946,,
1259,C:\Users\zzang\Desktop\workspace\Python\golf\src\golfdb-master\learning_video\golfdb_720p_slice\1259.mp4,6,Mid-follow-through,161,mediapipe,True,178.3604137402732,165.5380031958897,-136.1411285245169,-170.89104541686737,21.238874793565014,,
1259,C:\Users\zzang\Desktop\workspace\Python\golf\src\golfdb-master\learning_video\golfdb_720p_slice\1259.mp4,7,Finish,224,mediapipe,True,61.22167093944942,,-175.9471110273196,177.02976679260752,4.733674298023524,lead_elbow_angle,missing_features:lead_elbow_angle
1278,C:\Users\zzang\Desktop\workspace\Python\golf\src\golfdb-master\learning_video\golfdb_720p_slice\1278.mp4,0,Address,204,mediapipe,True,166.00339813425572,174.00909817380983,-166.45825485839168,-176.98239941428008,3.934873012652333,,
1278,C:\Users\zzang\Desktop\workspace\Python\golf\src\golfdb-master\learning_video\golfdb_720p_slice\1278.mp4,1,Toe-up,238,mediapipe,True,149.74017887752404,167.9470852877563,175.43087819092062,179.41109006398872,12.13270256001296,,
1278,C:\Users\zzang\Desktop\workspace\Python\golf\src\golfdb-master\learning_video\golfdb_720p_slice\1278.mp4,2,Mid-backswing,243,mediapipe,False,,,,,,trail_elbow_angle|lead_elbow_angle|shoulder_tilt|hip_tilt|spine_tilt,pose_not_detected
1278,C:\Users\zzang\Desktop\workspace\Python\golf\src\golfdb-master\learning_video\golfdb_720p_slice\1278.mp4,3,Top,248,mediapipe,True,125.59321381165286,116.17064752744054,158.17259888897874,178.77120673421553,12.20612207640771,,
1278,C:\Users\zzang\Desktop\workspace\Python\golf\src\golfdb-master\learning_video\golfdb_720p_slice\1278.mp4,4,Mid-downswing,250,mediapipe,True,120.1561450944994,114.99953235698686,-172.9700187983406,-178.27513236074074,9.87067822675509,,
1278,C:\Users\zzang\Desktop\workspace\Python\golf\src\golfdb-master\learning_video\golfdb_720p_slice\1278.mp4,5,Impact,254,mediapipe,True,163.62667310102705,171.37056523955928,-142.01180896200353,-170.36078254455057,19.885424639057955,,
1278,C:\Users\zzang\Desktop\workspace\Python\golf\src\golfdb-master\learning_video\golfdb_720p_slice\1278.mp4,6,Mid-follow-through,255,mediapipe,True,156.54026736309038,177.1367739723012,-137.53774453255912,-168.2513025632237,19.067355170981468,,
1278,C:\Users\zzang\Desktop\workspace\Python\golf\src\golfdb-master\learning_video\golfdb_720p_slice\1278.mp4,7,Finish,272,mediapipe,False,,,,,,trail_elbow_angle|lead_elbow_angle|shoulder_tilt|hip_tilt|spine_tilt,pose_not_detected
1279,C:\Users\zzang\Desktop\workspace\Python\golf\src\golfdb-master\learning_video\golfdb_720p_slice\1279.mp4,0,Address,29,mediapipe,True,165.72428668192174,175.6894234898461,-165.5894421405116,-176.66620057515203,4.253027370680578,,
1279,C:\Users\zzang\Desktop\workspace\Python\golf\src\golfdb-master\learning_video\golfdb_720p_slice\1279.mp4,1,Toe-up,159,mediapipe,True,152.24255023058018,169.62388569118903,-179.29544154934203,-178.02442030610496,11.769063529328951,,
1279,C:\Users\zzang\Desktop\workspace\Python\golf\src\golfdb-master\learning_video\golfdb_720p_slice\1279.mp4,2,Mid-backswing,182,mediapipe,True,131.2821298620723,174.85263206075226,164.08587170077547,178.9320010380932,12.642393260608294,,
1279,C:\Users\zzang\Desktop\workspace\Python\golf\src\golfdb-master\learning_video\golfdb_720p_slice\1279.mp4,3,Top,200,mediapipe,True,117.67919289613896,111.81830136089583,167.35990224289307,-179.99366448250055,12.134675617388032,,
1279,C:\Users\zzang\Desktop\workspace\Python\golf\src\golfdb-master\learning_video\golfdb_720p_slice\1279.mp4,4,Mid-downswing,209,mediapipe,True,104.47759391820813,117.23454907231944,179.57009919384697,177.61708249209735,7.357476380287338,,
1279,C:\Users\zzang\Desktop\workspace\Python\golf\src\golfdb-master\learning_video\golfdb_720p_slice\1279.mp4,5,Impact,223,mediapipe,True,163.89060741370727,172.98410440326924,-153.023282561635,-175.99398925817297,19.082352803556997,,
1279,C:\Users\zzang\Desktop\workspace\Python\golf\src\golfdb-master\learning_video\golfdb_720p_slice\1279.mp4,6,Mid-follow-through,231,mediapipe,True,162.6929808155532,171.3237470957894,-140.92009319149977,-169.2063253834118,17.850254724062513,,
1279,C:\Users\zzang\Desktop\workspace\Python\golf\src\golfdb-master\learning_video\golfdb_720p_slice\1279.mp4,7,Finish,297,mediapipe,True,75.98403577086715,55.36367368366329,5.737778770795656,-3.7087213025121697,6.4427491757318345,,
1290,C:\Users\zzang\Desktop\workspace\Python\golf\src\golfdb-master\learning_video\golfdb_720p_slice\1290.mp4,0,Address,134,mediapipe,True,175.68472078721322,175.4495420164326,-170.43994180466674,179.21934416403795,-2.6520007501271263,,
1290,C:\Users\zzang\Desktop\workspace\Python\golf\src\golfdb-master\learning_video\golfdb_720p_slice\1290.mp4,1,Toe-up,146,mediapipe,True,152.41122023917072,172.727284992854,163.7117031784286,178.13214636823668,6.214326846011561,,
1290,C:\Users\zzang\Desktop\workspace\Python\golf\src\golfdb-master\learning_video\golfdb_720p_slice\1290.mp4,2,Mid-backswing,150,mediapipe,True,128.07648903427867,150.24238945673883,153.083592379542,178.7200598583386,5.367515189094338,,
1290,C:\Users\zzang\Desktop\workspace\Python\golf\src\golfdb-master\learning_video\golfdb_720p_slice\1290.mp4,3,Top,156,mediapipe,True,,137.42213977770925,175.01694869839034,-178.2616833899361,4.4003821413828454,trail_elbow_angle,missing_features:trail_elbow_angle
1290,C:\Users\zzang\Desktop\workspace\Python\golf\src\golfdb-master\learning_video\golfdb_720p_slice\1290.mp4,4,Mid-downswing,161,mediapipe,True,,158.98642666866928,173.8520270064183,-176.52311704693926,4.656709049550752,trail_elbow_angle,missing_features:trail_elbow_angle
1290,C:\Users\zzang\Desktop\workspace\Python\golf\src\golfdb-master\learning_video\golfdb_720p_slice\1290.mp4,5,Impact,164,mediapipe,True,161.03345188162177,178.9865180519549,-135.09778428529194,168.67689708038236,18.9370074972006,,
1290,C:\Users\zzang\Desktop\workspace\Python\golf\src\golfdb-master\learning_video\golfdb_720p_slice\1290.mp4,6,Mid-follow-through,166,mediapipe,True,160.6836807724813,164.52785548449566,-127.13541264424708,-177.047887699628,20.61705907712598,,
1290,C:\Users\zzang\Desktop\workspace\Python\golf\src\golfdb-master\learning_video\golfdb_720p_slice\1290.mp4,7,Finish,178,mediapipe,True,144.6800330249211,,-165.64295859264888,-175.15359826051647,10.513885427378703,lead_elbow_angle,missing_features:lead_elbow_angle
1291,C:\Users\zzang\Desktop\workspace\Python\golf\src\golfdb-master\learning_video\golfdb_720p_slice\1291.mp4,0,Address,83,mediapipe,True,172.7345996003241,175.24786435836148,-169.08806569833928,-179.7300023426658,-2.4555864413980006,,
1291,C:\Users\zzang\Desktop\workspace\Python\golf\src\golfdb-master\learning_video\golfdb_720p_slice\1291.mp4,1,Toe-up,130,mediapipe,True,158.56043356452187,170.26090470147713,168.00964636426292,178.08936516580428,7.344079977289164,,
1291,C:\Users\zzang\Desktop\workspace\Python\golf\src\golfdb-master\learning_video\golfdb_720p_slice\1291.mp4,2,Mid-backswing,148,mediapipe,True,131.69115794814184,153.32680871701442,153.1802757978799,179.01846574611434,5.46144838388066,,
1291,C:\Users\zzang\Desktop\workspace\Python\golf\src\golfdb-master\learning_video\golfdb_720p_slice\1291.mp4,3,Top,174,mediapipe,True,,125.96338349192155,168.6592545519462,-178.4025241324774,4.220454363766938,trail_elbow_angle,missing_features:trail_elbow_angle
1291,C:\Users\zzang\Desktop\workspace\Python\golf\src\golfdb-master\learning_video\golfdb_720p_slice\1291.mp4,4,Mid-downswing,190,mediapipe,True,74.72321223778268,155.96737868055837,169.3039271606032,-177.42248253148796,3.1558461130264885,,
1291,C:\Users\zzang\Desktop\workspace\Python\golf\src\golfdb-master\learning_video\golfdb_720p_slice\1291.mp4,5,Impact,204,mediapipe,True,165.80698827233223,173.41624324168276,-138.99884120127982,-174.75640990988444,20.761778141244957,,
1291,C:\Users\zzang\Desktop\workspace\Python\golf\src\golfdb-master\learning_video\golfdb_720p_slice\1291.mp4,6,Mid-follow-through,213,mediapipe,True,161.48044697262955,158.30882337113002,-134.11823130647915,-178.2226177461691,22.871678084115477,,
1291,C:\Users\zzang\Desktop\workspace\Python\golf\src\golfdb-master\learning_video\golfdb_720p_slice\1291.mp4,7,Finish,263,mediapipe,True,165.102331928652,,43.47704250344236,-159.63517261013905,11.792266315442125,lead_elbow_angle,missing_features:lead_elbow_angle
1292,C:\Users\zzang\Desktop\workspace\Python\golf\src\golfdb-master\learning_video\golfdb_720p_slice\1292.mp4,0,Address,37,mediapipe,True,173.04508949968,177.63089400806828,-171.2932261389302,176.2480238623433,-2.9607845446640995,,
1292,C:\Users\zzang\Desktop\workspace\Python\golf\src\golfdb-master\learning_video\golfdb_720p_slice\1292.mp4,1,Toe-up,122,mediapipe,True,159.05208415299688,170.4664147063699,166.44612950086233,178.0322651851219,6.920334270275555,,
1292,C:\Users\zzang\Desktop\workspace\Python\golf\src\golfdb-master\learning_video\golfdb_720p_slice\1292.mp4,2,Mid-backswing,155,mediapipe,True,131.01860817627556,155.23252454050916,151.93681117367979,178.2966500119954,4.618776441375886,,
1292,C:\Users\zzang\Desktop\workspace\Python\golf\src\golfdb-master\learning_video\golfdb_720p_slice\1292.mp4,3,Top,203,mediapipe,True,,107.52431508822123,173.54871356885718,-178.22462002711316,3.5598104219365627,trail_elbow_angle,missing_features:trail_elbow_angle
1292,C:\Users\zzang\Desktop\workspace\Python\golf\src\golfdb-master\learning_video\golfdb_720p_slice\1292.mp4,4,Mid-downswing,232,mediapipe,True,104.052395517982,155.49102073562707,171.3090745419717,-177.08979967296182,4.042338609785872,,
1292,C:\Users\zzang\Desktop\workspace\Python\golf\src\golfdb-master\learning_video\golfdb_720p_slice\1292.mp4,5,Impact,259,mediapipe,True,173.30940729896014,179.02684367234156,-140.7405037897586,-173.81501328670987,20.514955438909997,,
1292,C:\Users\zzang\Desktop\workspace\Python\golf\src\golfdb-master\learning_video\golfdb_720p_slice\1292.mp4,6,Mid-follow-through,276,mediapipe,True,167.2743444341015,159.54612606550597,-134.4315471705954,-178.3036207368705,22.313036344383345,,
1292,C:\Users\zzang\Desktop\workspace\Python\golf\src\golfdb-master\learning_video\golfdb_720p_slice\1292.mp4,7,Finish,363,mediapipe,True,157.65768039333832,,-165.68864908416077,-176.35097188800833,11.184708443633047,lead_elbow_angle,missing_features:lead_elbow_angle
1293,C:\Users\zzang\Desktop\workspace\Python\golf\src\golfdb-master\learning_video\golfdb_720p_slice\1293.mp4,0,Address,63,mediapipe,True,161.27655094939985,178.25089047971215,-159.96639447370492,-170.7519363121965,1.1808108549131893,,
1293,C:\Users\zzang\Desktop\workspace\Python\golf\src\golfdb-master\learning_video\golfdb_720p_slice\1293.mp4,1,Toe-up,75,mediapipe,True,148.30050644708174,172.33579985013066,170.25540373674954,176.64695521972178,7.992280379092536,,
1293,C:\Users\zzang\Desktop\workspace\Python\golf\src\golfdb-master\learning_video\golfdb_720p_slice\1293.mp4,2,Mid-backswing,80,mediapipe,True,,140.00584581383558,159.27490468073285,-179.61401144810523,9.588672954934639,trail_elbow_angle,missing_features:trail_elbow_angle
1293,C:\Users\zzang\Desktop\workspace\Python\golf\src\golfdb-master\learning_video\golfdb_720p_slice\1293.mp4,3,Top,88,mediapipe,True,,70.92357991793469,-174.99220366098538,-179.51605913339796,7.054253031015151,trail_elbow_angle,missing_features:trail_elbow_angle
1293,C:\Users\zzang\Desktop\workspace\Python\golf\src\golfdb-master\learning_video\golfdb_720p_slice\1293.mp4,4,Mid-downswing,94,mediapipe,True,154.65533793667421,,-172.6468974107434,-173.5402279892722,18.763908478871123,lead_elbow_angle,missing_features:lead_elbow_angle
1293,C:\Users\zzang\Desktop\workspace\Python\golf\src\golfdb-master\learning_video\golfdb_720p_slice\1293.mp4,5,Impact,97,mediapipe,True,149.93599014308916,173.62161726491593,-153.1506034077825,-169.55238462663684,23.095032922290827,,
1293,C:\Users\zzang\Desktop\workspace\Python\golf\src\golfdb-master\learning_video\golfdb_720p_slice\1293.mp4,6,Mid-follow-through,98,mediapipe,True,135.59473322412038,162.10981390128381,-154.57937789552707,-169.97211676122956,23.386937609031545,,
1293,C:\Users\zzang\Desktop\workspace\Python\golf\src\golfdb-master\learning_video\golfdb_720p_slice\1293.mp4,7,Finish,111,mediapipe,True,,61.17697343691753,11.180341467093776,1.4146702156950977,3.1592457169150907,trail_elbow_angle,missing_features:trail_elbow_angle
1294,C:\Users\zzang\Desktop\workspace\Python\golf\src\golfdb-master\learning_video\golfdb_720p_slice\1294.mp4,0,Address,29,mediapipe,True,162.08971833250578,179.15231275663447,-164.22261696015963,-174.09106770702994,0.4963081874224909,,
1294,C:\Users\zzang\Desktop\workspace\Python\golf\src\golfdb-master\learning_video\golfdb_720p_slice\1294.mp4,1,Toe-up,74,mediapipe,True,161.87216379529818,169.26769087799943,169.79589325048693,179.8489106623337,7.06601414356231,,
1294,C:\Users\zzang\Desktop\workspace\Python\golf\src\golfdb-master\learning_video\golfdb_720p_slice\1294.mp4,2,Mid-backswing,93,mediapipe,True,,154.921452319677,160.915505677168,179.2757730516171,9.450380375561181,trail_elbow_angle,missing_features:trail_elbow_angle
1294,C:\Users\zzang\Desktop\workspace\Python\golf\src\golfdb-master\learning_video\golfdb_720p_slice\1294.mp4,3,Top,118,mediapipe,True,,73.9097816475941,-168.88138559248904,-178.4260422044226,6.160533361085993,trail_elbow_angle,missing_features:trail_elbow_angle
1294,C:\Users\zzang\Desktop\workspace\Python\golf\src\golfdb-master\learning_video\golfdb_720p_slice\1294.mp4,4,Mid-downswing,149,mediapipe,True,117.14359105769488,152.10146176256399,172.8427179192807,-177.72097894250695,8.32052742356092,,
1294,C:\Users\zzang\Desktop\workspace\Python\golf\src\golfdb-master\learning_video\golfdb_720p_slice\1294.mp4,5,Impact,161,mediapipe,True,166.987820212609,174.97613031045015,-154.00813488894886,-172.86776357579862,21.515448862062648,,
1294,C:\Users\zzang\Desktop\workspace\Python\golf\src\golfdb-master\learning_video\golfdb_720p_slice\1294.mp4,6,Mid-follow-through,168,mediapipe,True,148.96671551279206,164.83164746202658,-153.32558668977535,-173.55434481420258,22.92577145414186,,
1294,C:\Users\zzang\Desktop\workspace\Python\golf\src\golfdb-master\learning_video\golfdb_720p_slice\1294.mp4,7,Finish,215,mediapipe,True,,74.37587593605684,10.599790935749935,-3.6675618388590423,5.275033957313209,trail_elbow_angle,missing_features:trail_elbow_angle
1323,C:\Users\zzang\Desktop\workspace\Python\golf\src\golfdb-master\learning_video\golfdb_720p_slice\1323.mp4,0,Address,131,mediapipe,True,174.5527186150273,179.90234923593636,-168.8681978140826,-175.16012085125092,4.141336858126786,,
1323,C:\Users\zzang\Desktop\workspace\Python\golf\src\golfdb-master\learning_video\golfdb_720p_slice\1323.mp4,1,Toe-up,151,mediapipe,True,150.7872597694788,166.77698627720187,167.59322540799602,-177.63239216315742,10.154816420344924,,
1323,C:\Users\zzang\Desktop\workspace\Python\golf\src\golfdb-master\learning_video\golfdb_720p_slice\1323.mp4,2,Mid-backswing,158,mediapipe,True,,137.10426348446387,159.94406429817266,-178.4813846211013,9.082791961829958,trail_elbow_angle,missing_features:trail_elbow_angle
1323,C:\Users\zzang\Desktop\workspace\Python\golf\src\golfdb-master\learning_video\golfdb_720p_slice\1323.mp4,3,Top,166,mediapipe,True,,109.91158485344137,173.6093500956709,-179.4848647126019,7.761749090919233,trail_elbow_angle,missing_features:trail_elbow_angle
1323,C:\Users\zzang\Desktop\workspace\Python\golf\src\golfdb-master\learning_video\golfdb_720p_slice\1323.mp4,4,Mid-downswing,171,mediapipe,True,,140.87522936026315,179.82596450191997,-176.79223906393625,5.582859143554471,trail_elbow_angle,missing_features:trail_elbow_angle
1323,C:\Users\zzang\Desktop\workspace\Python\golf\src\golfdb-master\learning_video\golfdb_720p_slice\1323.mp4,5,Impact,175,mediapipe,True,157.97460737112698,161.01363549566167,-151.75705933194882,-169.07526944752908,13.801120886819474,,
1323,C:\Users\zzang\Desktop\workspace\Python\golf\src\golfdb-master\learning_video\golfdb_720p_slice\1323.mp4,6,Mid-follow-through,178,mediapipe,True,137.4547623130126,157.4561608898089,-132.49212630446178,-168.05503705013018,16.866917057514968,,
1323,C:\Users\zzang\Desktop\workspace\Python\golf\src\golfdb-master\learning_video\golfdb_720p_slice\1323.mp4,7,Finish,197,mediapipe,True,169.81411546932802,125.8410428630821,3.428827501598418,-163.65471396346013,-0.5901196319639407,,
1324,C:\Users\zzang\Desktop\workspace\Python\golf\src\golfdb-master\learning_video\golfdb_720p_slice\1324.mp4,0,Address,18,mediapipe,True,176.07143499805628,179.18546189071515,-167.12418246386906,-176.11173807951613,3.299903059583141,,
1324,C:\Users\zzang\Desktop\workspace\Python\golf\src\golfdb-master\learning_video\golfdb_720p_slice\1324.mp4,1,Toe-up,96,mediapipe,True,154.88317020906172,177.60322435957104,172.97764302661426,-176.85789430744958,9.946905680267918,,
1324,C:\Users\zzang\Desktop\workspace\Python\golf\src\golfdb-master\learning_video\golfdb_720p_slice\1324.mp4,2,Mid-backswing,124,mediapipe,True,,144.78068256198102,168.7420476400159,-177.39536458476488,9.044001536571182,trail_elbow_angle,missing_features:trail_elbow_angle
1324,C:\Users\zzang\Desktop\workspace\Python\golf\src\golfdb-master\learning_video\golfdb_720p_slice\1324.mp4,3,Top,157,mediapipe,True,,109.55527143997024,170.84258027273137,179.21074359014156,6.5826675788432425,trail_elbow_angle,missing_features:trail_elbow_angle
1324,C:\Users\zzang\Desktop\workspace\Python\golf\src\golfdb-master\learning_video\golfdb_720p_slice\1324.mp4,4,Mid-downswing,177,mediapipe,True,87.88001300285889,142.96892110760757,172.2971040181082,-176.24484803466115,6.0886338963997355,,
1324,C:\Users\zzang\Desktop\workspace\Python\golf\src\golfdb-master\learning_video\golfdb_720p_slice\1324.mp4,5,Impact,193,mediapipe,True,153.25067143063768,,-156.3720223430687,-174.18317834648832,9.684829031853269,lead_elbow_angle,missing_features:lead_elbow_angle
1324,C:\Users\zzang\Desktop\workspace\Python\golf\src\golfdb-master\learning_video\golfdb_720p_slice\1324.mp4,6,Mid-follow-through,203,mediapipe,True,149.17836417132733,157.78451729719004,-136.00676717164754,-168.74992804218596,15.447371215462693,,
1324,C:\Users\zzang\Desktop\workspace\Python\golf\src\golfdb-master\learning_video\golfdb_720p_slice\1324.mp4,7,Finish,279,mediapipe,True,,,-8.08715760056457,-17.637982455401822,2.833760072089582,trail_elbow_angle|lead_elbow_angle,missing_features:trail_elbow_angle|lead_elbow_angle
1329,C:\Users\zzang\Desktop\workspace\Python\golf\src\golfdb-master\learning_video\golfdb_720p_slice\1329.mp4,0,Address,52,mediapipe,True,173.64478807729333,177.60228673467842,-165.57763511287328,-177.19930745191303,6.122289146135395,,
1329,C:\Users\zzang\Desktop\workspace\Python\golf\src\golfdb-master\learning_video\golfdb_720p_slice\1329.mp4,1,Toe-up,82,mediapipe,True,,171.22631042086223,173.4062871050333,179.81472777466897,5.721214654579545,trail_elbow_angle,missing_features:trail_elbow_angle
1329,C:\Users\zzang\Desktop\workspace\Python\golf\src\golfdb-master\learning_video\golfdb_720p_slice\1329.mp4,2,Mid-backswing,90,mediapipe,True,,148.79750636889352,154.69510480429128,175.56915041966667,3.6287281124953696,trail_elbow_angle,missing_features:trail_elbow_angle
1329,C:\Users\zzang\Desktop\workspace\Python\golf\src\golfdb-master\learning_video\golfdb_720p_slice\1329.mp4,3,Top,110,mediapipe,True,,117.74830713621628,176.94186331981066,178.6153173211095,2.7107292831540546,trail_elbow_angle,missing_features:trail_elbow_angle
1329,C:\Users\zzang\Desktop\workspace\Python\golf\src\golfdb-master\learning_video\golfdb_720p_slice\1329.mp4,4,Mid-downswing,117,mediapipe,True,,150.04027820335972,178.74219535865052,-176.17445817548844,7.184040121686253,trail_elbow_angle,missing_features:trail_elbow_angle
1329,C:\Users\zzang\Desktop\workspace\Python\golf\src\golfdb-master\learning_video\golfdb_720p_slice\1329.mp4,5,Impact,121,mediapipe,True,137.4559079812999,179.97222483430775,-144.7669582901856,-175.55999662344416,21.539662023626573,,
1329,C:\Users\zzang\Desktop\workspace\Python\golf\src\golfdb-master\learning_video\golfdb_720p_slice\1329.mp4,6,Mid-follow-through,123,mediapipe,True,144.14856571915894,162.98067026611335,-136.40153107360675,-179.2162395551436,23.226680949470932,,
1329,C:\Users\zzang\Desktop\workspace\Python\golf\src\golfdb-master\learning_video\golfdb_720p_slice\1329.mp4,7,Finish,158,mediapipe,True,48.66945932090383,0.9258574572502963,-166.47310504341635,-173.440126026362,2.2046823111130873,,
1330,C:\Users\zzang\Desktop\workspace\Python\golf\src\golfdb-master\learning_video\golfdb_720p_slice\1330.mp4,0,Address,38,mediapipe,True,169.8527261453414,178.35673533590827,-166.17303890505127,-177.75820888428944,4.970799647150321,,
1330,C:\Users\zzang\Desktop\workspace\Python\golf\src\golfdb-master\learning_video\golfdb_720p_slice\1330.mp4,1,Toe-up,152,mediapipe,True,159.50963186446168,169.25246987095326,177.22769139505155,-179.66322358237787,6.029835553535343,,
1330,C:\Users\zzang\Desktop\workspace\Python\golf\src\golfdb-master\learning_video\golfdb_720p_slice\1330.mp4,2,Mid-backswing,185,mediapipe,True,,157.0586900672101,157.86922087328242,175.89210327801737,3.68995326932358,trail_elbow_angle,missing_features:trail_elbow_angle
1330,C:\Users\zzang\Desktop\workspace\Python\golf\src\golfdb-master\learning_video\golfdb_720p_slice\1330.mp4,3,Top,261,mediapipe,True,,89.1621041241243,170.81369149399805,178.52810739527723,1.6530906053336223,trail_elbow_angle,missing_features:trail_elbow_angle
1330,C:\Users\zzang\Desktop\workspace\Python\golf\src\golfdb-master\learning_video\golfdb_720p_slice\1330.mp4,4,Mid-downswing,293,mediapipe,True,167.4383569347528,148.79839075594447,173.96400082907033,-177.4175128785899,5.385747296979683,,
1330,C:\Users\zzang\Desktop\workspace\Python\golf\src\golfdb-master\learning_video\golfdb_720p_slice\1330.mp4,5,Impact,308,mediapipe,True,131.03824893334195,176.41633799576599,-147.82942721194257,-173.10070351293965,22.943840375866884,,
1330,C:\Users\zzang\Desktop\workspace\Python\golf\src\golfdb-master\learning_video\golfdb_720p_slice\1330.mp4,6,Mid-follow-through,318,mediapipe,True,47.92442175359316,163.10838225735307,-135.59725383453795,-175.51398932626154,24.232981076054905,,
1330,C:\Users\zzang\Desktop\workspace\Python\golf\src\golfdb-master\learning_video\golfdb_720p_slice\1330.mp4,7,Finish,406,mediapipe,True,156.54455153657918,166.70853641238043,-167.99854706103727,173.55517397640375,0.6185134571612553,,
1340,C:\Users\zzang\Desktop\workspace\Python\golf\src\golfdb-master\learning_video\golfdb_720p_slice\1340.mp4,0,Address,175,mediapipe,True,179.18360242746616,177.35942899500185,-169.25963859388963,-176.7483780626241,5.05589372524283,,
1340,C:\Users\zzang\Desktop\workspace\Python\golf\src\golfdb-master\learning_video\golfdb_720p_slice\1340.mp4,1,Toe-up,197,mediapipe,True,,170.67701745646494,169.81415355152748,-179.46769232800958,4.723442741095646,trail_elbow_angle,missing_features:trail_elbow_angle
1340,C:\Users\zzang\Desktop\workspace\Python\golf\src\golfdb-master\learning_video\golfdb_720p_slice\1340.mp4,2,Mid-backswing,201,mediapipe,True,,153.51777484217564,162.71858023678305,179.14946060002555,2.175117471039211,trail_elbow_angle,missing_features:trail_elbow_angle
1340,C:\Users\zzang\Desktop\workspace\Python\golf\src\golfdb-master\learning_video\golfdb_720p_slice\1340.mp4,3,Top,208,mediapipe,True,,101.316970672576,162.03365227271078,179.96098579732046,3.5930328876234494,trail_elbow_angle,missing_features:trail_elbow_angle
1340,C:\Users\zzang\Desktop\workspace\Python\golf\src\golfdb-master\learning_video\golfdb_720p_slice\1340.mp4,4,Mid-downswing,211,mediapipe,True,,136.96272370107914,172.86207630273427,-178.97518051453545,1.4708699021495744,trail_elbow_angle,missing_features:trail_elbow_angle
1340,C:\Users\zzang\Desktop\workspace\Python\golf\src\golfdb-master\learning_video\golfdb_720p_slice\1340.mp4,5,Impact,215,mediapipe,True,168.3645024684664,171.1106879550024,-153.02754123090034,-179.75729360907124,10.124189902565742,,
1340,C:\Users\zzang\Desktop\workspace\Python\golf\src\golfdb-master\learning_video\golfdb_720p_slice\1340.mp4,6,Mid-follow-through,217,mediapipe,True,162.51216641495418,176.87790505268674,-157.1814011196149,-178.91904536342622,8.915802774744108,,
1340,C:\Users\zzang\Desktop\workspace\Python\golf\src\golfdb-master\learning_video\golfdb_720p_slice\1340.mp4,7,Finish,234,mediapipe,True,63.083815893150685,,-175.70807703843005,169.12616859389945,-4.114354304890333,lead_elbow_angle,missing_features:lead_elbow_angle
1342,C:\Users\zzang\Desktop\workspace\Python\golf\src\golfdb-master\learning_video\golfdb_720p_slice\1342.mp4,0,Address,148,mediapipe,True,171.62704368192541,177.8464562570897,-166.3032904705133,-170.4555554038031,2.898441255009727,,
1342,C:\Users\zzang\Desktop\workspace\Python\golf\src\golfdb-master\learning_video\golfdb_720p_slice\1342.mp4,1,Toe-up,163,mediapipe,True,152.62083396003837,164.785009640884,164.15219076102602,179.0834014617064,8.065575982723555,,
1342,C:\Users\zzang\Desktop\workspace\Python\golf\src\golfdb-master\learning_video\golfdb_720p_slice\1342.mp4,2,Mid-backswing,168,mediapipe,True,,136.2643273875974,152.81299088584103,179.67879347218107,11.458558559381066,trail_elbow_angle,missing_features:trail_elbow_angle
1342,C:\Users\zzang\Desktop\workspace\Python\golf\src\golfdb-master\learning_video\golfdb_720p_slice\1342.mp4,3,Top,175,mediapipe,True,,102.87523906054611,-174.48465531015944,-178.45234922179802,12.029240544628257,trail_elbow_angle,missing_features:trail_elbow_angle
1342,C:\Users\zzang\Desktop\workspace\Python\golf\src\golfdb-master\learning_video\golfdb_720p_slice\1342.mp4,4,Mid-downswing,179,mediapipe,True,,137.38644484150615,171.45368111862024,179.89892053745126,5.894942156680229,trail_elbow_angle,missing_features:trail_elbow_angle
1342,C:\Users\zzang\Desktop\workspace\Python\golf\src\golfdb-master\learning_video\golfdb_720p_slice\1342.mp4,5,Impact,183,mediapipe,True,170.75935607323458,176.84601365591735,-147.38664563761117,-168.81254140527517,15.442288560490333,,
1342,C:\Users\zzang\Desktop\workspace\Python\golf\src\golfdb-master\learning_video\golfdb_720p_slice\1342.mp4,6,Mid-follow-through,185,mediapipe,True,155.09150609213654,166.1882593290657,-135.48980322949015,-171.01576369787873,17.600135981633322,,
1342,C:\Users\zzang\Desktop\workspace\Python\golf\src\golfdb-master\learning_video\golfdb_720p_slice\1342.mp4,7,Finish,208,mediapipe,True,99.5354191347613,47.712830309262564,6.951008096750961,142.95736089668281,-1.3620844513933859,,
1343,C:\Users\zzang\Desktop\workspace\Python\golf\src\golfdb-master\learning_video\golfdb_720p_slice\1343.mp4,0,Address,43,mediapipe,True,170.5910365158881,176.41117070321008,-166.64137772077393,-171.942184137571,3.654170991650273,,
1343,C:\Users\zzang\Desktop\workspace\Python\golf\src\golfdb-master\learning_video\golfdb_720p_slice\1343.mp4,1,Toe-up,102,mediapipe,True,160.7383922990925,169.19409518301927,167.2637820056322,-178.92170833827257,8.157578189625385,,
1343,C:\Users\zzang\Desktop\workspace\Python\golf\src\golfdb-master\learning_video\golfdb_720p_slice\1343.mp4,2,Mid-backswing,121,mediapipe,True,,136.58560857901523,158.19783024794535,178.94455981673096,10.581568829632843,trail_elbow_angle,missing_features:trail_elbow_angle
1343,C:\Users\zzang\Desktop\workspace\Python\golf\src\golfdb-master\learning_video\golfdb_720p_slice\1343.mp4,3,Top,150,mediapipe,True,,107.99418749523299,-172.82880992541348,-179.58881700019427,11.129930339619488,trail_elbow_angle,missing_features:trail_elbow_angle
1343,C:\Users\zzang\Desktop\workspace\Python\golf\src\golfdb-master\learning_video\golfdb_720p_slice\1343.mp4,4,Mid-downswing,168,mediapipe,True,,141.69094668621048,169.36820440257208,-179.58028158839403,6.169841080498166,trail_elbow_angle,missing_features:trail_elbow_angle
1343,C:\Users\zzang\Desktop\workspace\Python\golf\src\golfdb-master\learning_video\golfdb_720p_slice\1343.mp4,5,Impact,183,mediapipe,True,174.7168836407505,177.21302081713594,-147.20953086228457,-166.86347448578155,15.298576133321987,,
1343,C:\Users\zzang\Desktop\workspace\Python\golf\src\golfdb-master\learning_video\golfdb_720p_slice\1343.mp4,6,Mid-follow-through,192,mediapipe,True,158.09890817155417,165.49162855147887,-137.0980518506227,-171.92884576256455,15.965280626285761,,
1343,C:\Users\zzang\Desktop\workspace\Python\golf\src\golfdb-master\learning_video\golfdb_720p_slice\1343.mp4,7,Finish,282,mediapipe,True,94.55841352005174,56.18699008996767,8.39042905665007,148.72867338780532,-1.3192265806854349,,
1348,C:\Users\zzang\Desktop\workspace\Python\golf\src\golfdb-master\learning_video\golfdb_720p_slice\1348.mp4,0,Address,235,mediapipe,True,175.1668047053,170.20130440921116,-165.96138777919364,-169.87522794184454,7.483984908122769,,
1348,C:\Users\zzang\Desktop\workspace\Python\golf\src\golfdb-master\learning_video\golfdb_720p_slice\1348.mp4,1,Toe-up,250,mediapipe,True,,164.60083965514738,167.50862182269012,-177.5243615030649,16.17108029527086,trail_elbow_angle,missing_features:trail_elbow_angle
1348,C:\Users\zzang\Desktop\workspace\Python\golf\src\golfdb-master\learning_video\golfdb_720p_slice\1348.mp4,2,Mid-backswing,255,mediapipe,True,131.80391585313086,,172.35780616749526,-175.413217525301,16.373975248222216,lead_elbow_angle,missing_features:lead_elbow_angle
1348,C:\Users\zzang\Desktop\workspace\Python\golf\src\golfdb-master\learning_video\golfdb_720p_slice\1348.mp4,3,Top,263,mediapipe,True,,94.6069800344706,-169.09463886885968,-177.63529427707334,9.18618710955681,trail_elbow_angle,missing_features:trail_elbow_angle
1348,C:\Users\zzang\Desktop\workspace\Python\golf\src\golfdb-master\learning_video\golfdb_720p_slice\1348.mp4,4,Mid-downswing,269,mediapipe,True,,150.34882895690922,161.90232572281502,176.70866021307248,0.9710856658557065,trail_elbow_angle,missing_features:trail_elbow_angle
1348,C:\Users\zzang\Desktop\workspace\Python\golf\src\golfdb-master\learning_video\golfdb_720p_slice\1348.mp4,5,Impact,272,mediapipe,True,150.50362495322887,164.91459964233582,-158.23039388535125,-174.18466025995454,9.727707568659142,,
1348,C:\Users\zzang\Desktop\workspace\Python\golf\src\golfdb-master\learning_video\golfdb_720p_slice\1348.mp4,6,Mid-follow-through,274,mediapipe,True,161.1957556224353,176.87855958877196,-142.5410801699001,-167.19864846760262,13.969009119897049,,
1348,C:\Users\zzang\Desktop\workspace\Python\golf\src\golfdb-master\learning_video\golfdb_720p_slice\1348.mp4,7,Finish,289,mediapipe,True,,,11.24067772300396,178.49513409227208,3.717205501855355,trail_elbow_angle|lead_elbow_angle,missing_features:trail_elbow_angle|lead_elbow_angle
1349,C:\Users\zzang\Desktop\workspace\Python\golf\src\golfdb-master\learning_video\golfdb_720p_slice\1349.mp4,0,Address,43,mediapipe,True,176.0446186493468,165.92966076396957,-165.16790350658295,-168.80839692384265,8.287603999340456,,
1349,C:\Users\zzang\Desktop\workspace\Python\golf\src\golfdb-master\learning_video\golfdb_720p_slice\1349.mp4,1,Toe-up,101,mediapipe,True,,165.0937289982283,167.637006763612,-179.39945737183547,16.384185185534363,trail_elbow_angle,missing_features:trail_elbow_angle
1349,C:\Users\zzang\Desktop\workspace\Python\golf\src\golfdb-master\learning_video\golfdb_720p_slice\1349.mp4,2,Mid-backswing,125,mediapipe,True,157.09341375881363,,179.99380167070126,-174.83364192357087,15.85549338560933,lead_elbow_angle,missing_features:lead_elbow_angle
1349,C:\Users\zzang\Desktop\workspace\Python\golf\src\golfdb-master\learning_video\golfdb_720p_slice\1349.mp4,3,Top,155,mediapipe,True,130.35777603883065,114.90079353802358,-176.4656655403818,-176.95371333071995,9.039741157198383,,
1349,C:\Users\zzang\Desktop\workspace\Python\golf\src\golfdb-master\learning_video\golfdb_720p_slice\1349.mp4,4,Mid-downswing,177,mediapipe,True,107.48166749981377,145.29737540107183,162.91987705182078,177.87180096662968,1.2662350220817629,,
1349,C:\Users\zzang\Desktop\workspace\Python\golf\src\golfdb-master\learning_video\golfdb_720p_slice\1349.mp4,5,Impact,190,mediapipe,True,152.86304372487044,169.27221051610766,-159.04152204051988,-173.26233943936776,10.301798497913321,,
1349,C:\Users\zzang\Desktop\workspace\Python\golf\src\golfdb-master\learning_video\golfdb_720p_slice\1349.mp4,6,Mid-follow-through,198,mediapipe,True,162.94906535441228,174.81022123190567,-137.717106320984,-166.57301440888057,13.771875003225295,,
1349,C:\Users\zzang\Desktop\workspace\Python\golf\src\golfdb-master\learning_video\golfdb_720p_slice\1349.mp4,7,Finish,253,mediapipe,True,,,12.312899650600507,163.940678578372,3.514403080765863,trail_elbow_angle|lead_elbow_angle,missing_features:trail_elbow_angle|lead_elbow_angle
1352,C:\Users\zzang\Desktop\workspace\Python\golf\src\golfdb-master\learning_video\golfdb_720p_slice\1352.mp4,0,Address,194,mediapipe,True,173.6191490847033,179.48544295234512,-156.7200000368916,-176.08144351486766,9.193734924122605,,
1352,C:\Users\zzang\Desktop\workspace\Python\golf\src\golfdb-master\learning_video\golfdb_720p_slice\1352.mp4,1,Toe-up,211,mediapipe,True,146.2086800946218,169.3149188271893,-176.8165694435481,-174.20245302219698,10.188309938433267,,
1352,C:\Users\zzang\Desktop\workspace\Python\golf\src\golfdb-master\learning_video\golfdb_720p_slice\1352.mp4,2,Mid-backswing,216,mediapipe,True,,134.2625506355963,166.61445939029966,-177.47120965706154,8.463206110238595,trail_elbow_angle,missing_features:trail_elbow_angle
1352,C:\Users\zzang\Desktop\workspace\Python\golf\src\golfdb-master\learning_video\golfdb_720p_slice\1352.mp4,3,Top,223,mediapipe,True,,119.60032959512915,167.99450366179036,179.86108471190008,5.8595476481885465,trail_elbow_angle,missing_features:trail_elbow_angle
1352,C:\Users\zzang\Desktop\workspace\Python\golf\src\golfdb-master\learning_video\golfdb_720p_slice\1352.mp4,4,Mid-downswing,226,mediapipe,True,,155.6474831698578,-175.5489558195933,-178.1472713643226,7.0630456195836295,trail_elbow_angle,missing_features:trail_elbow_angle
1352,C:\Users\zzang\Desktop\workspace\Python\golf\src\golfdb-master\learning_video\golfdb_720p_slice\1352.mp4,5,Impact,230,mediapipe,True,149.27820256413517,176.74428378768454,-146.84079813908997,-172.24722519474975,14.35083891308584,,
1352,C:\Users\zzang\Desktop\workspace\Python\golf\src\golfdb-master\learning_video\golfdb_720p_slice\1352.mp4,6,Mid-follow-through,233,mediapipe,True,161.09204652784751,,-105.28975905476581,-164.4079956600858,8.947316921118638,lead_elbow_angle,missing_features:lead_elbow_angle
1352,C:\Users\zzang\Desktop\workspace\Python\golf\src\golfdb-master\learning_video\golfdb_720p_slice\1352.mp4,7,Finish,252,mediapipe,True,85.15430386466006,35.44901705799594,-3.8076062390333987,-34.592239132622254,-0.8468609007608259,,
1353,C:\Users\zzang\Desktop\workspace\Python\golf\src\golfdb-master\learning_video\golfdb_720p_slice\1353.mp4,0,Address,38,mediapipe,True,171.11150772135298,177.07207171073813,-156.26103008614595,-174.58670634885345,7.786040930781118,,
1353,C:\Users\zzang\Desktop\workspace\Python\golf\src\golfdb-master\learning_video\golfdb_720p_slice\1353.mp4,1,Toe-up,106,mediapipe,True,149.2443050686013,169.90467326627353,-176.41874357267645,-175.69398884268637,9.841975539009898,,
1353,C:\Users\zzang\Desktop\workspace\Python\golf\src\golfdb-master\learning_video\golfdb_720p_slice\1353.mp4,2,Mid-backswing,124,mediapipe,True,,141.35558376188678,173.2382250644041,-176.1271554765044,9.630729464104487,trail_elbow_angle,missing_features:trail_elbow_angle
1353,C:\Users\zzang\Desktop\workspace\Python\golf\src\golfdb-master\learning_video\golfdb_720p_slice\1353.mp4,3,Top,153,mediapipe,True,144.3866761996139,115.4761649442922,-176.66629443270313,-176.09356716395035,5.283756744137385,,
1353,C:\Users\zzang\Desktop\workspace\Python\golf\src\golfdb-master\learning_video\golfdb_720p_slice\1353.mp4,4,Mid-downswing,166,mediapipe,True,104.48447304298817,150.11894237126256,176.1905749747015,178.22008975188402,5.066258538595942,,
1353,C:\Users\zzang\Desktop\workspace\Python\golf\src\golfdb-master\learning_video\golfdb_720p_slice\1353.mp4,5,Impact,181,mediapipe,True,152.77789974545712,177.6586852065601,-144.43583131169174,16.52643622401412,14.159751607353453,,
1353,C:\Users\zzang\Desktop\workspace\Python\golf\src\golfdb-master\learning_video\golfdb_720p_slice\1353.mp4,6,Mid-follow-through,191,mediapipe,True,151.01373853368833,174.01128043209175,-134.72911299950616,-167.0961471242457,9.460741007373356,,
1353,C:\Users\zzang\Desktop\workspace\Python\golf\src\golfdb-master\learning_video\golfdb_720p_slice\1353.mp4,7,Finish,265,mediapipe,True,112.92786475480746,37.14021554409661,1.4087546049839301,-168.70526252226077,2.266803295428141,,
1374,C:\Users\zzang\Desktop\workspace\Python\golf\src\golfdb-master\learning_video\golfdb_720p_slice\1374.mp4,0,Address,269,mediapipe,True,175.55815358537762,175.95649928328,-169.19343255273455,-175.19254895915918,10.105291006879277,,
1374,C:\Users\zzang\Desktop\workspace\Python\golf\src\golfdb-master\learning_video\golfdb_720p_slice\1374.mp4,1,Toe-up,293,mediapipe,True,154.4332692268987,163.55531739351193,173.7659466849275,-172.85831077307756,11.265695270965988,,
1374,C:\Users\zzang\Desktop\workspace\Python\golf\src\golfdb-master\learning_video\golfdb_720p_slice\1374.mp4,2,Mid-backswing,300,mediapipe,True,,137.36077693031692,159.05588694972252,-174.26414484924516,12.193327703653287,trail_elbow_angle,missing_features:trail_elbow_angle
1374,C:\Users\zzang\Desktop\workspace\Python\golf\src\golfdb-master\learning_video\golfdb_720p_slice\1374.mp4,3,Top,308,mediapipe,True,,109.82166292341873,162.05980405920317,-175.7972906503825,9.523099257234248,trail_elbow_angle,missing_features:trail_elbow_angle
1374,C:\Users\zzang\Desktop\workspace\Python\golf\src\golfdb-master\learning_video\golfdb_720p_slice\1374.mp4,4,Mid-downswing,313,mediapipe,True,,138.05612381721264,174.93780553430193,-174.68196127708535,10.881834140823486,trail_elbow_angle,missing_features:trail_elbow_angle
1374,C:\Users\zzang\Desktop\workspace\Python\golf\src\golfdb-master\learning_video\golfdb_720p_slice\1374.mp4,5,Impact,317,mediapipe,True,160.32401510465624,175.8727120852688,-154.32112530771693,-171.46876062101902,14.635897471119703,,
1374,C:\Users\zzang\Desktop\workspace\Python\golf\src\golfdb-master\learning_video\golfdb_720p_slice\1374.mp4,6,Mid-follow-through,320,mediapipe,True,168.07372431413287,154.6358582362109,-128.27233131743534,-166.3094168634011,21.75412776156956,,
1374,C:\Users\zzang\Desktop\workspace\Python\golf\src\golfdb-master\learning_video\golfdb_720p_slice\1374.mp4,7,Finish,340,mediapipe,True,104.07101366956469,117.51823040975731,-150.28822652410025,-170.35039406782073,7.107368851162078,,
1375,C:\Users\zzang\Desktop\workspace\Python\golf\src\golfdb-master\learning_video\golfdb_720p_slice\1375.mp4,0,Address,77,mediapipe,True,178.60168698674508,178.78644994479436,-167.22085653642924,-174.96230369624902,9.696593072296281,,
1375,C:\Users\zzang\Desktop\workspace\Python\golf\src\golfdb-master\learning_video\golfdb_720p_slice\1375.mp4,1,Toe-up,165,mediapipe,True,162.2917291033801,174.82556918892593,170.52109576502014,-176.36734907068902,11.415498298003893,,
1375,C:\Users\zzang\Desktop\workspace\Python\golf\src\golfdb-master\learning_video\golfdb_720p_slice\1375.mp4,2,Mid-backswing,195,mediapipe,True,,135.99281395822877,160.30232282084847,-173.14991351598263,12.400356194447983,trail_elbow_angle,missing_features:trail_elbow_angle
1375,C:\Users\zzang\Desktop\workspace\Python\golf\src\golfdb-master\learning_video\golfdb_720p_slice\1375.mp4,3,Top,228,mediapipe,True,,90.38228290542435,164.4467166595366,-174.72275382694002,8.724526293876764,trail_elbow_angle,missing_features:trail_elbow_angle
1375,C:\Users\zzang\Desktop\workspace\Python\golf\src\golfdb-master\learning_video\golfdb_720p_slice\1375.mp4,4,Mid-downswing,248,mediapipe,True,,136.10119928090242,172.5947623625367,-174.81740824029137,10.79687934093865,trail_elbow_angle,missing_features:trail_elbow_angle
1375,C:\Users\zzang\Desktop\workspace\Python\golf\src\golfdb-master\learning_video\golfdb_720p_slice\1375.mp4,5,Impact,264,mediapipe,True,154.95004013050286,176.70614960419883,-155.06369350785988,-171.86337795801523,14.74274485337901,,
1375,C:\Users\zzang\Desktop\workspace\Python\golf\src\golfdb-master\learning_video\golfdb_720p_slice\1375.mp4,6,Mid-follow-through,274,mediapipe,True,164.48536631971064,155.74476497429436,-130.69651229587663,-167.67520058823467,21.688164391957745,,
1375,C:\Users\zzang\Desktop\workspace\Python\golf\src\golfdb-master\learning_video\golfdb_720p_slice\1375.mp4,7,Finish,351,mediapipe,True,149.32994157040082,,-164.41669794244496,-176.7157644896844,9.329644677279974,lead_elbow_angle,missing_features:lead_elbow_angle
1388,C:\Users\zzang\Desktop\workspace\Python\golf\src\golfdb-master\learning_video\golfdb_720p_slice\1388.mp4,0,Address,44,mediapipe,True,175.0288925685667,175.91002019440623,-165.23623571660158,-175.6305145652007,2.3728337423068973,,
1388,C:\Users\zzang\Desktop\workspace\Python\golf\src\golfdb-master\learning_video\golfdb_720p_slice\1388.mp4,1,Toe-up,54,mediapipe,True,,,-179.96108069820818,-175.80796932240628,7.323150689619388,trail_elbow_angle|lead_elbow_angle,missing_features:trail_elbow_angle|lead_elbow_angle
1388,C:\Users\zzang\Desktop\workspace\Python\golf\src\golfdb-master\learning_video\golfdb_720p_slice\1388.mp4,2,Mid-backswing,59,mediapipe,True,126.34062084530862,149.1691942191788,-178.08625245370322,-177.68028677312986,5.919838426764955,,
1388,C:\Users\zzang\Desktop\workspace\Python\golf\src\golfdb-master\learning_video\golfdb_720p_slice\1388.mp4,3,Top,65,mediapipe,True,,95.60112223718089,-178.65053555607437,-177.13665167235493,6.559704102857497,trail_elbow_angle,missing_features:trail_elbow_angle
1388,C:\Users\zzang\Desktop\workspace\Python\golf\src\golfdb-master\learning_video\golfdb_720p_slice\1388.mp4,4,Mid-downswing,69,mediapipe,True,83.7719997799454,87.99504257536185,174.36841545234333,-179.62815437287983,3.028765693545869,,
1388,C:\Users\zzang\Desktop\workspace\Python\golf\src\golfdb-master\learning_video\golfdb_720p_slice\1388.mp4,5,Impact,73,mediapipe,True,154.8583878342175,179.7586690599566,-166.39254123988383,-175.5037044014645,5.62668826461639,,
1388,C:\Users\zzang\Desktop\workspace\Python\golf\src\golfdb-master\learning_video\golfdb_720p_slice\1388.mp4,6,Mid-follow-through,75,mediapipe,True,166.22714098544006,156.63126615276144,-154.90910457023728,-172.46248443794593,7.980600151642195,,
1388,C:\Users\zzang\Desktop\workspace\Python\golf\src\golfdb-master\learning_video\golfdb_720p_slice\1388.mp4,7,Finish,86,mediapipe,True,,,28.372203794033297,174.18050946985252,1.6221196991951359,trail_elbow_angle|lead_elbow_angle,missing_features:trail_elbow_angle|lead_elbow_angle
1389,C:\Users\zzang\Desktop\workspace\Python\golf\src\golfdb-master\learning_video\golfdb_720p_slice\1389.mp4,0,Address,37,mediapipe,True,170.15813557744772,174.32998317027352,-165.64206405101032,-172.60643000901595,2.9797504268137365,,
1389,C:\Users\zzang\Desktop\workspace\Python\golf\src\golfdb-master\learning_video\golfdb_720p_slice\1389.mp4,1,Toe-up,74,mediapipe,True,174.58081503225512,,-178.49604665463468,-176.33418548305573,6.765993624176759,lead_elbow_angle,missing_features:lead_elbow_angle
1389,C:\Users\zzang\Desktop\workspace\Python\golf\src\golfdb-master\learning_video\golfdb_720p_slice\1389.mp4,2,Mid-backswing,93,mediapipe,True,119.63649108642059,122.20993766858233,-178.2156824917558,-178.19562843563244,5.058240435286323,,
1389,C:\Users\zzang\Desktop\workspace\Python\golf\src\golfdb-master\learning_video\golfdb_720p_slice\1389.mp4,3,Top,119,mediapipe,True,111.24132370418106,93.54792621963429,179.6030217423165,-179.67019883099857,4.96250473122818,,
1389,C:\Users\zzang\Desktop\workspace\Python\golf\src\golfdb-master\learning_video\golfdb_720p_slice\1389.mp4,4,Mid-downswing,136,mediapipe,True,82.2456870340917,117.69786732944253,175.05419259006115,178.32511711102865,1.3931434468516413,,
1389,C:\Users\zzang\Desktop\workspace\Python\golf\src\golfdb-master\learning_video\golfdb_720p_slice\1389.mp4,5,Impact,150,mediapipe,True,151.49777273492649,175.14051046959545,-165.89612934550564,-174.47233313591607,5.936813635455443,,
1389,C:\Users\zzang\Desktop\workspace\Python\golf\src\golfdb-master\learning_video\golfdb_720p_slice\1389.mp4,6,Mid-follow-through,157,mediapipe,True,169.96329730058153,154.0517643105321,-161.8692028058033,-175.02905580299415,8.197992170013253,,
1389,C:\Users\zzang\Desktop\workspace\Python\golf\src\golfdb-master\learning_video\golfdb_720p_slice\1389.mp4,7,Finish,203,mediapipe,True,,,31.461538436800474,175.67708546210838,2.699665959210595,trail_elbow_angle|lead_elbow_angle,missing_features:trail_elbow_angle|lead_elbow_angle
1396,C:\Users\zzang\Desktop\workspace\Python\golf\src\golfdb-master\learning_video\golfdb_720p_slice\1396.mp4,0,Address,273,mediapipe,True,175.02938520234073,168.14664911420834,-161.013084832617,-175.01968325268516,13.009508976904705,,
1396,C:\Users\zzang\Desktop\workspace\Python\golf\src\golfdb-master\learning_video\golfdb_720p_slice\1396.mp4,1,Toe-up,286,mediapipe,True,,167.1219915579189,-179.70571775035023,-177.85201008537828,12.346115220659557,trail_elbow_angle,missing_features:trail_elbow_angle
1396,C:\Users\zzang\Desktop\workspace\Python\golf\src\golfdb-master\learning_video\golfdb_720p_slice\1396.mp4,2,Mid-backswing,293,mediapipe,True,,132.8476653349431,161.43545310899282,177.22583783051266,12.276930703314692,trail_elbow_angle,missing_features:trail_elbow_angle
1396,C:\Users\zzang\Desktop\workspace\Python\golf\src\golfdb-master\learning_video\golfdb_720p_slice\1396.mp4,3,Top,306,mediapipe,True,,96.75162558122706,-168.78040463915877,-176.74109461352407,17.760004369097345,trail_elbow_angle,missing_features:trail_elbow_angle
1396,C:\Users\zzang\Desktop\workspace\Python\golf\src\golfdb-master\learning_video\golfdb_720p_slice\1396.mp4,4,Mid-downswing,310,mediapipe,True,,139.15441488989956,172.91225744223144,179.66931338932469,22.34435493914792,trail_elbow_angle,missing_features:trail_elbow_angle
1396,C:\Users\zzang\Desktop\workspace\Python\golf\src\golfdb-master\learning_video\golfdb_720p_slice\1396.mp4,5,Impact,314,mediapipe,True,164.4618273853732,175.93890509296676,-143.43023205969348,-168.5605937277811,30.10226554211333,,
1396,C:\Users\zzang\Desktop\workspace\Python\golf\src\golfdb-master\learning_video\golfdb_720p_slice\1396.mp4,6,Mid-follow-through,316,mediapipe,True,161.10579900771177,170.86037270844906,-130.68362797785997,-166.02122584041422,25.48310928339638,,
1396,C:\Users\zzang\Desktop\workspace\Python\golf\src\golfdb-master\learning_video\golfdb_720p_slice\1396.mp4,7,Finish,331,mediapipe,True,,,178.30097438478035,167.89375861621838,8.025407292081983,trail_elbow_angle|lead_elbow_angle,missing_features:trail_elbow_angle|lead_elbow_angle
1397,C:\Users\zzang\Desktop\workspace\Python\golf\src\golfdb-master\learning_video\golfdb_720p_slice\1397.mp4,0,Address,20,mediapipe,True,175.23350154828304,165.97472553055266,-160.445808361859,-176.31985688615228,13.27537023489295,,
1397,C:\Users\zzang\Desktop\workspace\Python\golf\src\golfdb-master\learning_video\golfdb_720p_slice\1397.mp4,1,Toe-up,92,mediapipe,True,153.9000550936481,166.44641007812714,-179.99888813309204,-177.31436059969698,12.459018251408004,,
1397,C:\Users\zzang\Desktop\workspace\Python\golf\src\golfdb-master\learning_video\golfdb_720p_slice\1397.mp4,2,Mid-backswing,122,mediapipe,True,,126.88879414208279,168.19645488327347,179.80124807908547,13.030115981526004,trail_elbow_angle,missing_features:trail_elbow_angle
1397,C:\Users\zzang\Desktop\workspace\Python\golf\src\golfdb-master\learning_video\golfdb_720p_slice\1397.mp4,3,Top,170,mediapipe,True,,88.98411929648537,-175.97044103642872,-179.22295105585303,18.19631482066714,trail_elbow_angle,missing_features:trail_elbow_angle
1397,C:\Users\zzang\Desktop\workspace\Python\golf\src\golfdb-master\learning_video\golfdb_720p_slice\1397.mp4,4,Mid-downswing,186,mediapipe,True,,113.71958328922275,167.85502362985034,-178.66425168239388,24.86393427367125,trail_elbow_angle,missing_features:trail_elbow_angle
1397,C:\Users\zzang\Desktop\workspace\Python\golf\src\golfdb-master\learning_video\golfdb_720p_slice\1397.mp4,5,Impact,201,mediapipe,True,163.0240480192207,,-149.01145994106452,-172.91642408555583,29.04950320273719,lead_elbow_angle,missing_features:lead_elbow_angle
1397,C:\Users\zzang\Desktop\workspace\Python\golf\src\golfdb-master\learning_video\golfdb_720p_slice\1397.mp4,6,Mid-follow-through,209,mediapipe,True,165.15821594220023,174.47177281745616,-128.32866967622604,-164.95958263201993,29.098310404297436,,
1397,C:\Users\zzang\Desktop\workspace\Python\golf\src\golfdb-master\learning_video\golfdb_720p_slice\1397.mp4,7,Finish,270,mediapipe,True,,,168.91994395393124,168.88159734235094,9.965909328857244,trail_elbow_angle|lead_elbow_angle,missing_features:trail_elbow_angle|lead_elbow_angle
